solid pico_tmc2209
facet normal 0 0 0
outer loop
vertex 0.000 0.000 0.000
vertex 130.000 0.000 0.000
vertex 130.000 90.000 0.000
endloop
endfacet
facet normal 0 0 0
outer loop
vertex 0.000 0.000 0.000
vertex 130.000 90.000 0.000
vertex 0.000 90.000 0.000
endloop
endfacet
facet normal 0 0 0
outer loop
vertex 0.000 0.000 1.600
vertex 130.000 90.000 1.600
vertex 130.000 0.000 1.600
endloop
endfacet
facet normal 0 0 0
outer loop
vertex 0.000 0.000 1.600
vertex 130.000 0.000 1.600
vertex 0.000 0.000 1.600
endloop
endfacet
facet normal 0 0 0
outer loop
vertex 0.000 0.000 0.000
vertex 0.000 0.000 1.600
vertex 130.000 0.000 1.600
endloop
endfacet
facet normal 0 0 0
outer loop
vertex 0.000 0.000 0.000
vertex 130.000 0.000 1.600
vertex 130.000 0.000 0.000
endloop
endfacet
facet normal 0 0 0
outer loop
vertex 130.000 0.000 0.000
vertex 130.000 0.000 1.600
vertex 130.000 90.000 1.600
endloop
endfacet
facet normal 0 0 0
outer loop
vertex 130.000 0.000 0.000
vertex 130.000 90.000 1.600
vertex 130.000 90.000 0.000
endloop
endfacet
facet normal 0 0 0
outer loop
vertex 130.000 90.000 0.000
vertex 130.000 90.000 1.600
vertex 0.000 90.000 1.600
endloop
endfacet
facet normal 0 0 0
outer loop
vertex 130.000 90.000 0.000
vertex 0.000 90.000 1.600
vertex 0.000 90.000 0.000
endloop
endfacet
facet normal 0 0 0
outer loop
vertex 0.000 90.000 0.000
vertex 0.000 90.000 1.600
vertex 0.000 0.000 1.600
endloop
endfacet
facet normal 0 0 0
outer loop
vertex 0.000 90.000 0.000
vertex 0.000 0.000 1.600
vertex 0.000 0.000 0.000
endloop
endfacet
facet normal 0 0 0
outer loop
vertex 97.600 29.725 1.600
vertex 98.500 29.725 1.600
vertex 98.500 31.375 1.600
endloop
endfacet
facet normal 0 0 0
outer loop
vertex 97.600 29.725 1.600
vertex 98.500 31.375 1.600
vertex 97.600 31.375 1.600
endloop
endfacet
facet normal 0 0 0
outer loop
vertex 97.600 29.725 1.650
vertex 98.500 31.375 1.650
vertex 98.500 29.725 1.650
endloop
endfacet
facet normal 0 0 0
outer loop
vertex 97.600 29.725 1.650
vertex 98.500 29.725 1.650
vertex 97.600 29.725 1.650
endloop
endfacet
facet normal 0 0 0
outer loop
vertex 97.600 29.725 1.600
vertex 97.600 29.725 1.650
vertex 98.500 29.725 1.650
endloop
endfacet
facet normal 0 0 0
outer loop
vertex 97.600 29.725 1.600
vertex 98.500 29.725 1.650
vertex 98.500 29.725 1.600
endloop
endfacet
facet normal 0 0 0
outer loop
vertex 98.500 29.725 1.600
vertex 98.500 29.725 1.650
vertex 98.500 31.375 1.650
endloop
endfacet
facet normal 0 0 0
outer loop
vertex 98.500 29.725 1.600
vertex 98.500 31.375 1.650
vertex 98.500 31.375 1.600
endloop
endfacet
facet normal 0 0 0
outer loop
vertex 98.500 31.375 1.600
vertex 98.500 31.375 1.650
vertex 97.600 31.375 1.650
endloop
endfacet
facet normal 0 0 0
outer loop
vertex 98.500 31.375 1.600
vertex 97.600 31.375 1.650
vertex 97.600 31.375 1.600
endloop
endfacet
facet normal 0 0 0
outer loop
vertex 97.600 31.375 1.600
vertex 97.600 31.375 1.650
vertex 97.600 29.725 1.650
endloop
endfacet
facet normal 0 0 0
outer loop
vertex 97.600 31.375 1.600
vertex 97.600 29.725 1.650
vertex 97.600 29.725 1.600
endloop
endfacet
facet normal 0 0 0
outer loop
vertex 99.500 29.725 1.600
vertex 100.400 29.725 1.600
vertex 100.400 31.375 1.600
endloop
endfacet
facet normal 0 0 0
outer loop
vertex 99.500 29.725 1.600
vertex 100.400 31.375 1.600
vertex 99.500 31.375 1.600
endloop
endfacet
facet normal 0 0 0
outer loop
vertex 99.500 29.725 1.650
vertex 100.400 31.375 1.650
vertex 100.400 29.725 1.650
endloop
endfacet
facet normal 0 0 0
outer loop
vertex 99.500 29.725 1.650
vertex 100.400 29.725 1.650
vertex 99.500 29.725 1.650
endloop
endfacet
facet normal 0 0 0
outer loop
vertex 99.500 29.725 1.600
vertex 99.500 29.725 1.650
vertex 100.400 29.725 1.650
endloop
endfacet
facet normal 0 0 0
outer loop
vertex 99.500 29.725 1.600
vertex 100.400 29.725 1.650
vertex 100.400 29.725 1.600
endloop
endfacet
facet normal 0 0 0
outer loop
vertex 100.400 29.725 1.600
vertex 100.400 29.725 1.650
vertex 100.400 31.375 1.650
endloop
endfacet
facet normal 0 0 0
outer loop
vertex 100.400 29.725 1.600
vertex 100.400 31.375 1.650
vertex 100.400 31.375 1.600
endloop
endfacet
facet normal 0 0 0
outer loop
vertex 100.400 31.375 1.600
vertex 100.400 31.375 1.650
vertex 99.500 31.375 1.650
endloop
endfacet
facet normal 0 0 0
outer loop
vertex 100.400 31.375 1.600
vertex 99.500 31.375 1.650
vertex 99.500 31.375 1.600
endloop
endfacet
facet normal 0 0 0
outer loop
vertex 99.500 31.375 1.600
vertex 99.500 31.375 1.650
vertex 99.500 29.725 1.650
endloop
endfacet
facet normal 0 0 0
outer loop
vertex 99.500 31.375 1.600
vertex 99.500 29.725 1.650
vertex 99.500 29.725 1.600
endloop
endfacet
facet normal 0 0 0
outer loop
vertex 85.600 29.725 1.600
vertex 86.500 29.725 1.600
vertex 86.500 31.375 1.600
endloop
endfacet
facet normal 0 0 0
outer loop
vertex 85.600 29.725 1.600
vertex 86.500 31.375 1.600
vertex 85.600 31.375 1.600
endloop
endfacet
facet normal 0 0 0
outer loop
vertex 85.600 29.725 1.650
vertex 86.500 31.375 1.650
vertex 86.500 29.725 1.650
endloop
endfacet
facet normal 0 0 0
outer loop
vertex 85.600 29.725 1.650
vertex 86.500 29.725 1.650
vertex 85.600 29.725 1.650
endloop
endfacet
facet normal 0 0 0
outer loop
vertex 85.600 29.725 1.600
vertex 85.600 29.725 1.650
vertex 86.500 29.725 1.650
endloop
endfacet
facet normal 0 0 0
outer loop
vertex 85.600 29.725 1.600
vertex 86.500 29.725 1.650
vertex 86.500 29.725 1.600
endloop
endfacet
facet normal 0 0 0
outer loop
vertex 86.500 29.725 1.600
vertex 86.500 29.725 1.650
vertex 86.500 31.375 1.650
endloop
endfacet
facet normal 0 0 0
outer loop
vertex 86.500 29.725 1.600
vertex 86.500 31.375 1.650
vertex 86.500 31.375 1.600
endloop
endfacet
facet normal 0 0 0
outer loop
vertex 86.500 31.375 1.600
vertex 86.500 31.375 1.650
vertex 85.600 31.375 1.650
endloop
endfacet
facet normal 0 0 0
outer loop
vertex 86.500 31.375 1.600
vertex 85.600 31.375 1.650
vertex 85.600 31.375 1.600
endloop
endfacet
facet normal 0 0 0
outer loop
vertex 85.600 31.375 1.600
vertex 85.600 31.375 1.650
vertex 85.600 29.725 1.650
endloop
endfacet
facet normal 0 0 0
outer loop
vertex 85.600 31.375 1.600
vertex 85.600 29.725 1.650
vertex 85.600 29.725 1.600
endloop
endfacet
facet normal 0 0 0
outer loop
vertex 87.500 29.725 1.600
vertex 88.400 29.725 1.600
vertex 88.400 31.375 1.600
endloop
endfacet
facet normal 0 0 0
outer loop
vertex 87.500 29.725 1.600
vertex 88.400 31.375 1.600
vertex 87.500 31.375 1.600
endloop
endfacet
facet normal 0 0 0
outer loop
vertex 87.500 29.725 1.650
vertex 88.400 31.375 1.650
vertex 88.400 29.725 1.650
endloop
endfacet
facet normal 0 0 0
outer loop
vertex 87.500 29.725 1.650
vertex 88.400 29.725 1.650
vertex 87.500 29.725 1.650
endloop
endfacet
facet normal 0 0 0
outer loop
vertex 87.500 29.725 1.600
vertex 87.500 29.725 1.650
vertex 88.400 29.725 1.650
endloop
endfacet
facet normal 0 0 0
outer loop
vertex 87.500 29.725 1.600
vertex 88.400 29.725 1.650
vertex 88.400 29.725 1.600
endloop
endfacet
facet normal 0 0 0
outer loop
vertex 88.400 29.725 1.600
vertex 88.400 29.725 1.650
vertex 88.400 31.375 1.650
endloop
endfacet
facet normal 0 0 0
outer loop
vertex 88.400 29.725 1.600
vertex 88.400 31.375 1.650
vertex 88.400 31.375 1.600
endloop
endfacet
facet normal 0 0 0
outer loop
vertex 88.400 31.375 1.600
vertex 88.400 31.375 1.650
vertex 87.500 31.375 1.650
endloop
endfacet
facet normal 0 0 0
outer loop
vertex 88.400 31.375 1.600
vertex 87.500 31.375 1.650
vertex 87.500 31.375 1.600
endloop
endfacet
facet normal 0 0 0
outer loop
vertex 87.500 31.375 1.600
vertex 87.500 31.375 1.650
vertex 87.500 29.725 1.650
endloop
endfacet
facet normal 0 0 0
outer loop
vertex 87.500 31.375 1.600
vertex 87.500 29.725 1.650
vertex 87.500 29.725 1.600
endloop
endfacet
facet normal 0 0 0
outer loop
vertex 125.600 29.725 1.600
vertex 126.500 29.725 1.600
vertex 126.500 31.375 1.600
endloop
endfacet
facet normal 0 0 0
outer loop
vertex 125.600 29.725 1.600
vertex 126.500 31.375 1.600
vertex 125.600 31.375 1.600
endloop
endfacet
facet normal 0 0 0
outer loop
vertex 125.600 29.725 1.650
vertex 126.500 31.375 1.650
vertex 126.500 29.725 1.650
endloop
endfacet
facet normal 0 0 0
outer loop
vertex 125.600 29.725 1.650
vertex 126.500 29.725 1.650
vertex 125.600 29.725 1.650
endloop
endfacet
facet normal 0 0 0
outer loop
vertex 125.600 29.725 1.600
vertex 125.600 29.725 1.650
vertex 126.500 29.725 1.650
endloop
endfacet
facet normal 0 0 0
outer loop
vertex 125.600 29.725 1.600
vertex 126.500 29.725 1.650
vertex 126.500 29.725 1.600
endloop
endfacet
facet normal 0 0 0
outer loop
vertex 126.500 29.725 1.600
vertex 126.500 29.725 1.650
vertex 126.500 31.375 1.650
endloop
endfacet
facet normal 0 0 0
outer loop
vertex 126.500 29.725 1.600
vertex 126.500 31.375 1.650
vertex 126.500 31.375 1.600
endloop
endfacet
facet normal 0 0 0
outer loop
vertex 126.500 31.375 1.600
vertex 126.500 31.375 1.650
vertex 125.600 31.375 1.650
endloop
endfacet
facet normal 0 0 0
outer loop
vertex 126.500 31.375 1.600
vertex 125.600 31.375 1.650
vertex 125.600 31.375 1.600
endloop
endfacet
facet normal 0 0 0
outer loop
vertex 125.600 31.375 1.600
vertex 125.600 31.375 1.650
vertex 125.600 29.725 1.650
endloop
endfacet
facet normal 0 0 0
outer loop
vertex 125.600 31.375 1.600
vertex 125.600 29.725 1.650
vertex 125.600 29.725 1.600
endloop
endfacet
facet normal 0 0 0
outer loop
vertex 127.500 29.725 1.600
vertex 128.400 29.725 1.600
vertex 128.400 31.375 1.600
endloop
endfacet
facet normal 0 0 0
outer loop
vertex 127.500 29.725 1.600
vertex 128.400 31.375 1.600
vertex 127.500 31.375 1.600
endloop
endfacet
facet normal 0 0 0
outer loop
vertex 127.500 29.725 1.650
vertex 128.400 31.375 1.650
vertex 128.400 29.725 1.650
endloop
endfacet
facet normal 0 0 0
outer loop
vertex 127.500 29.725 1.650
vertex 128.400 29.725 1.650
vertex 127.500 29.725 1.650
endloop
endfacet
facet normal 0 0 0
outer loop
vertex 127.500 29.725 1.600
vertex 127.500 29.725 1.650
vertex 128.400 29.725 1.650
endloop
endfacet
facet normal 0 0 0
outer loop
vertex 127.500 29.725 1.600
vertex 128.400 29.725 1.650
vertex 128.400 29.725 1.600
endloop
endfacet
facet normal 0 0 0
outer loop
vertex 128.400 29.725 1.600
vertex 128.400 29.725 1.650
vertex 128.400 31.375 1.650
endloop
endfacet
facet normal 0 0 0
outer loop
vertex 128.400 29.725 1.600
vertex 128.400 31.375 1.650
vertex 128.400 31.375 1.600
endloop
endfacet
facet normal 0 0 0
outer loop
vertex 128.400 31.375 1.600
vertex 128.400 31.375 1.650
vertex 127.500 31.375 1.650
endloop
endfacet
facet normal 0 0 0
outer loop
vertex 128.400 31.375 1.600
vertex 127.500 31.375 1.650
vertex 127.500 31.375 1.600
endloop
endfacet
facet normal 0 0 0
outer loop
vertex 127.500 31.375 1.600
vertex 127.500 31.375 1.650
vertex 127.500 29.725 1.650
endloop
endfacet
facet normal 0 0 0
outer loop
vertex 127.500 31.375 1.600
vertex 127.500 29.725 1.650
vertex 127.500 29.725 1.600
endloop
endfacet
facet normal 0 0 0
outer loop
vertex 113.600 29.725 1.600
vertex 114.500 29.725 1.600
vertex 114.500 31.375 1.600
endloop
endfacet
facet normal 0 0 0
outer loop
vertex 113.600 29.725 1.600
vertex 114.500 31.375 1.600
vertex 113.600 31.375 1.600
endloop
endfacet
facet normal 0 0 0
outer loop
vertex 113.600 29.725 1.650
vertex 114.500 31.375 1.650
vertex 114.500 29.725 1.650
endloop
endfacet
facet normal 0 0 0
outer loop
vertex 113.600 29.725 1.650
vertex 114.500 29.725 1.650
vertex 113.600 29.725 1.650
endloop
endfacet
facet normal 0 0 0
outer loop
vertex 113.600 29.725 1.600
vertex 113.600 29.725 1.650
vertex 114.500 29.725 1.650
endloop
endfacet
facet normal 0 0 0
outer loop
vertex 113.600 29.725 1.600
vertex 114.500 29.725 1.650
vertex 114.500 29.725 1.600
endloop
endfacet
facet normal 0 0 0
outer loop
vertex 114.500 29.725 1.600
vertex 114.500 29.725 1.650
vertex 114.500 31.375 1.650
endloop
endfacet
facet normal 0 0 0
outer loop
vertex 114.500 29.725 1.600
vertex 114.500 31.375 1.650
vertex 114.500 31.375 1.600
endloop
endfacet
facet normal 0 0 0
outer loop
vertex 114.500 31.375 1.600
vertex 114.500 31.375 1.650
vertex 113.600 31.375 1.650
endloop
endfacet
facet normal 0 0 0
outer loop
vertex 114.500 31.375 1.600
vertex 113.600 31.375 1.650
vertex 113.600 31.375 1.600
endloop
endfacet
facet normal 0 0 0
outer loop
vertex 113.600 31.375 1.600
vertex 113.600 31.375 1.650
vertex 113.600 29.725 1.650
endloop
endfacet
facet normal 0 0 0
outer loop
vertex 113.600 31.375 1.600
vertex 113.600 29.725 1.650
vertex 113.600 29.725 1.600
endloop
endfacet
facet normal 0 0 0
outer loop
vertex 115.500 29.725 1.600
vertex 116.400 29.725 1.600
vertex 116.400 31.375 1.600
endloop
endfacet
facet normal 0 0 0
outer loop
vertex 115.500 29.725 1.600
vertex 116.400 31.375 1.600
vertex 115.500 31.375 1.600
endloop
endfacet
facet normal 0 0 0
outer loop
vertex 115.500 29.725 1.650
vertex 116.400 31.375 1.650
vertex 116.400 29.725 1.650
endloop
endfacet
facet normal 0 0 0
outer loop
vertex 115.500 29.725 1.650
vertex 116.400 29.725 1.650
vertex 115.500 29.725 1.650
endloop
endfacet
facet normal 0 0 0
outer loop
vertex 115.500 29.725 1.600
vertex 115.500 29.725 1.650
vertex 116.400 29.725 1.650
endloop
endfacet
facet normal 0 0 0
outer loop
vertex 115.500 29.725 1.600
vertex 116.400 29.725 1.650
vertex 116.400 29.725 1.600
endloop
endfacet
facet normal 0 0 0
outer loop
vertex 116.400 29.725 1.600
vertex 116.400 29.725 1.650
vertex 116.400 31.375 1.650
endloop
endfacet
facet normal 0 0 0
outer loop
vertex 116.400 29.725 1.600
vertex 116.400 31.375 1.650
vertex 116.400 31.375 1.600
endloop
endfacet
facet normal 0 0 0
outer loop
vertex 116.400 31.375 1.600
vertex 116.400 31.375 1.650
vertex 115.500 31.375 1.650
endloop
endfacet
facet normal 0 0 0
outer loop
vertex 116.400 31.375 1.600
vertex 115.500 31.375 1.650
vertex 115.500 31.375 1.600
endloop
endfacet
facet normal 0 0 0
outer loop
vertex 115.500 31.375 1.600
vertex 115.500 31.375 1.650
vertex 115.500 29.725 1.650
endloop
endfacet
facet normal 0 0 0
outer loop
vertex 115.500 31.375 1.600
vertex 115.500 29.725 1.650
vertex 115.500 29.725 1.600
endloop
endfacet
facet normal 0 0 0
outer loop
vertex 69.600 29.725 1.600
vertex 70.500 29.725 1.600
vertex 70.500 31.375 1.600
endloop
endfacet
facet normal 0 0 0
outer loop
vertex 69.600 29.725 1.600
vertex 70.500 31.375 1.600
vertex 69.600 31.375 1.600
endloop
endfacet
facet normal 0 0 0
outer loop
vertex 69.600 29.725 1.650
vertex 70.500 31.375 1.650
vertex 70.500 29.725 1.650
endloop
endfacet
facet normal 0 0 0
outer loop
vertex 69.600 29.725 1.650
vertex 70.500 29.725 1.650
vertex 69.600 29.725 1.650
endloop
endfacet
facet normal 0 0 0
outer loop
vertex 69.600 29.725 1.600
vertex 69.600 29.725 1.650
vertex 70.500 29.725 1.650
endloop
endfacet
facet normal 0 0 0
outer loop
vertex 69.600 29.725 1.600
vertex 70.500 29.725 1.650
vertex 70.500 29.725 1.600
endloop
endfacet
facet normal 0 0 0
outer loop
vertex 70.500 29.725 1.600
vertex 70.500 29.725 1.650
vertex 70.500 31.375 1.650
endloop
endfacet
facet normal 0 0 0
outer loop
vertex 70.500 29.725 1.600
vertex 70.500 31.375 1.650
vertex 70.500 31.375 1.600
endloop
endfacet
facet normal 0 0 0
outer loop
vertex 70.500 31.375 1.600
vertex 70.500 31.375 1.650
vertex 69.600 31.375 1.650
endloop
endfacet
facet normal 0 0 0
outer loop
vertex 70.500 31.375 1.600
vertex 69.600 31.375 1.650
vertex 69.600 31.375 1.600
endloop
endfacet
facet normal 0 0 0
outer loop
vertex 69.600 31.375 1.600
vertex 69.600 31.375 1.650
vertex 69.600 29.725 1.650
endloop
endfacet
facet normal 0 0 0
outer loop
vertex 69.600 31.375 1.600
vertex 69.600 29.725 1.650
vertex 69.600 29.725 1.600
endloop
endfacet
facet normal 0 0 0
outer loop
vertex 71.500 29.725 1.600
vertex 72.400 29.725 1.600
vertex 72.400 31.375 1.600
endloop
endfacet
facet normal 0 0 0
outer loop
vertex 71.500 29.725 1.600
vertex 72.400 31.375 1.600
vertex 71.500 31.375 1.600
endloop
endfacet
facet normal 0 0 0
outer loop
vertex 71.500 29.725 1.650
vertex 72.400 31.375 1.650
vertex 72.400 29.725 1.650
endloop
endfacet
facet normal 0 0 0
outer loop
vertex 71.500 29.725 1.650
vertex 72.400 29.725 1.650
vertex 71.500 29.725 1.650
endloop
endfacet
facet normal 0 0 0
outer loop
vertex 71.500 29.725 1.600
vertex 71.500 29.725 1.650
vertex 72.400 29.725 1.650
endloop
endfacet
facet normal 0 0 0
outer loop
vertex 71.500 29.725 1.600
vertex 72.400 29.725 1.650
vertex 72.400 29.725 1.600
endloop
endfacet
facet normal 0 0 0
outer loop
vertex 72.400 29.725 1.600
vertex 72.400 29.725 1.650
vertex 72.400 31.375 1.650
endloop
endfacet
facet normal 0 0 0
outer loop
vertex 72.400 29.725 1.600
vertex 72.400 31.375 1.650
vertex 72.400 31.375 1.600
endloop
endfacet
facet normal 0 0 0
outer loop
vertex 72.400 31.375 1.600
vertex 72.400 31.375 1.650
vertex 71.500 31.375 1.650
endloop
endfacet
facet normal 0 0 0
outer loop
vertex 72.400 31.375 1.600
vertex 71.500 31.375 1.650
vertex 71.500 31.375 1.600
endloop
endfacet
facet normal 0 0 0
outer loop
vertex 71.500 31.375 1.600
vertex 71.500 31.375 1.650
vertex 71.500 29.725 1.650
endloop
endfacet
facet normal 0 0 0
outer loop
vertex 71.500 31.375 1.600
vertex 71.500 29.725 1.650
vertex 71.500 29.725 1.600
endloop
endfacet
facet normal 0 0 0
outer loop
vertex 57.600 29.725 1.600
vertex 58.500 29.725 1.600
vertex 58.500 31.375 1.600
endloop
endfacet
facet normal 0 0 0
outer loop
vertex 57.600 29.725 1.600
vertex 58.500 31.375 1.600
vertex 57.600 31.375 1.600
endloop
endfacet
facet normal 0 0 0
outer loop
vertex 57.600 29.725 1.650
vertex 58.500 31.375 1.650
vertex 58.500 29.725 1.650
endloop
endfacet
facet normal 0 0 0
outer loop
vertex 57.600 29.725 1.650
vertex 58.500 29.725 1.650
vertex 57.600 29.725 1.650
endloop
endfacet
facet normal 0 0 0
outer loop
vertex 57.600 29.725 1.600
vertex 57.600 29.725 1.650
vertex 58.500 29.725 1.650
endloop
endfacet
facet normal 0 0 0
outer loop
vertex 57.600 29.725 1.600
vertex 58.500 29.725 1.650
vertex 58.500 29.725 1.600
endloop
endfacet
facet normal 0 0 0
outer loop
vertex 58.500 29.725 1.600
vertex 58.500 29.725 1.650
vertex 58.500 31.375 1.650
endloop
endfacet
facet normal 0 0 0
outer loop
vertex 58.500 29.725 1.600
vertex 58.500 31.375 1.650
vertex 58.500 31.375 1.600
endloop
endfacet
facet normal 0 0 0
outer loop
vertex 58.500 31.375 1.600
vertex 58.500 31.375 1.650
vertex 57.600 31.375 1.650
endloop
endfacet
facet normal 0 0 0
outer loop
vertex 58.500 31.375 1.600
vertex 57.600 31.375 1.650
vertex 57.600 31.375 1.600
endloop
endfacet
facet normal 0 0 0
outer loop
vertex 57.600 31.375 1.600
vertex 57.600 31.375 1.650
vertex 57.600 29.725 1.650
endloop
endfacet
facet normal 0 0 0
outer loop
vertex 57.600 31.375 1.600
vertex 57.600 29.725 1.650
vertex 57.600 29.725 1.600
endloop
endfacet
facet normal 0 0 0
outer loop
vertex 59.500 29.725 1.600
vertex 60.400 29.725 1.600
vertex 60.400 31.375 1.600
endloop
endfacet
facet normal 0 0 0
outer loop
vertex 59.500 29.725 1.600
vertex 60.400 31.375 1.600
vertex 59.500 31.375 1.600
endloop
endfacet
facet normal 0 0 0
outer loop
vertex 59.500 29.725 1.650
vertex 60.400 31.375 1.650
vertex 60.400 29.725 1.650
endloop
endfacet
facet normal 0 0 0
outer loop
vertex 59.500 29.725 1.650
vertex 60.400 29.725 1.650
vertex 59.500 29.725 1.650
endloop
endfacet
facet normal 0 0 0
outer loop
vertex 59.500 29.725 1.600
vertex 59.500 29.725 1.650
vertex 60.400 29.725 1.650
endloop
endfacet
facet normal 0 0 0
outer loop
vertex 59.500 29.725 1.600
vertex 60.400 29.725 1.650
vertex 60.400 29.725 1.600
endloop
endfacet
facet normal 0 0 0
outer loop
vertex 60.400 29.725 1.600
vertex 60.400 29.725 1.650
vertex 60.400 31.375 1.650
endloop
endfacet
facet normal 0 0 0
outer loop
vertex 60.400 29.725 1.600
vertex 60.400 31.375 1.650
vertex 60.400 31.375 1.600
endloop
endfacet
facet normal 0 0 0
outer loop
vertex 60.400 31.375 1.600
vertex 60.400 31.375 1.650
vertex 59.500 31.375 1.650
endloop
endfacet
facet normal 0 0 0
outer loop
vertex 60.400 31.375 1.600
vertex 59.500 31.375 1.650
vertex 59.500 31.375 1.600
endloop
endfacet
facet normal 0 0 0
outer loop
vertex 59.500 31.375 1.600
vertex 59.500 31.375 1.650
vertex 59.500 29.725 1.650
endloop
endfacet
facet normal 0 0 0
outer loop
vertex 59.500 31.375 1.600
vertex 59.500 29.725 1.650
vertex 59.500 29.725 1.600
endloop
endfacet
facet normal 0 0 0
outer loop
vertex 25.400 11.550 1.600
vertex 26.300 11.550 1.600
vertex 26.300 14.450 1.600
endloop
endfacet
facet normal 0 0 0
outer loop
vertex 25.400 11.550 1.600
vertex 26.300 14.450 1.600
vertex 25.400 14.450 1.600
endloop
endfacet
facet normal 0 0 0
outer loop
vertex 25.400 11.550 1.650
vertex 26.300 14.450 1.650
vertex 26.300 11.550 1.650
endloop
endfacet
facet normal 0 0 0
outer loop
vertex 25.400 11.550 1.650
vertex 26.300 11.550 1.650
vertex 25.400 11.550 1.650
endloop
endfacet
facet normal 0 0 0
outer loop
vertex 25.400 11.550 1.600
vertex 25.400 11.550 1.650
vertex 26.300 11.550 1.650
endloop
endfacet
facet normal 0 0 0
outer loop
vertex 25.400 11.550 1.600
vertex 26.300 11.550 1.650
vertex 26.300 11.550 1.600
endloop
endfacet
facet normal 0 0 0
outer loop
vertex 26.300 11.550 1.600
vertex 26.300 11.550 1.650
vertex 26.300 14.450 1.650
endloop
endfacet
facet normal 0 0 0
outer loop
vertex 26.300 11.550 1.600
vertex 26.300 14.450 1.650
vertex 26.300 14.450 1.600
endloop
endfacet
facet normal 0 0 0
outer loop
vertex 26.300 14.450 1.600
vertex 26.300 14.450 1.650
vertex 25.400 14.450 1.650
endloop
endfacet
facet normal 0 0 0
outer loop
vertex 26.300 14.450 1.600
vertex 25.400 14.450 1.650
vertex 25.400 14.450 1.600
endloop
endfacet
facet normal 0 0 0
outer loop
vertex 25.400 14.450 1.600
vertex 25.400 14.450 1.650
vertex 25.400 11.550 1.650
endloop
endfacet
facet normal 0 0 0
outer loop
vertex 25.400 14.450 1.600
vertex 25.400 11.550 1.650
vertex 25.400 11.550 1.600
endloop
endfacet
facet normal 0 0 0
outer loop
vertex 27.700 11.550 1.600
vertex 28.600 11.550 1.600
vertex 28.600 14.450 1.600
endloop
endfacet
facet normal 0 0 0
outer loop
vertex 27.700 11.550 1.600
vertex 28.600 14.450 1.600
vertex 27.700 14.450 1.600
endloop
endfacet
facet normal 0 0 0
outer loop
vertex 27.700 11.550 1.650
vertex 28.600 14.450 1.650
vertex 28.600 11.550 1.650
endloop
endfacet
facet normal 0 0 0
outer loop
vertex 27.700 11.550 1.650
vertex 28.600 11.550 1.650
vertex 27.700 11.550 1.650
endloop
endfacet
facet normal 0 0 0
outer loop
vertex 27.700 11.550 1.600
vertex 27.700 11.550 1.650
vertex 28.600 11.550 1.650
endloop
endfacet
facet normal 0 0 0
outer loop
vertex 27.700 11.550 1.600
vertex 28.600 11.550 1.650
vertex 28.600 11.550 1.600
endloop
endfacet
facet normal 0 0 0
outer loop
vertex 28.600 11.550 1.600
vertex 28.600 11.550 1.650
vertex 28.600 14.450 1.650
endloop
endfacet
facet normal 0 0 0
outer loop
vertex 28.600 11.550 1.600
vertex 28.600 14.450 1.650
vertex 28.600 14.450 1.600
endloop
endfacet
facet normal 0 0 0
outer loop
vertex 28.600 14.450 1.600
vertex 28.600 14.450 1.650
vertex 27.700 14.450 1.650
endloop
endfacet
facet normal 0 0 0
outer loop
vertex 28.600 14.450 1.600
vertex 27.700 14.450 1.650
vertex 27.700 14.450 1.600
endloop
endfacet
facet normal 0 0 0
outer loop
vertex 27.700 14.450 1.600
vertex 27.700 14.450 1.650
vertex 27.700 11.550 1.650
endloop
endfacet
facet normal 0 0 0
outer loop
vertex 27.700 14.450 1.600
vertex 27.700 11.550 1.650
vertex 27.700 11.550 1.600
endloop
endfacet
facet normal 0 0 0
outer loop
vertex 92.500 13.050 1.600
vertex 93.500 13.050 1.600
vertex 93.500 14.050 1.600
endloop
endfacet
facet normal 0 0 0
outer loop
vertex 92.500 13.050 1.600
vertex 93.500 14.050 1.600
vertex 92.500 14.050 1.600
endloop
endfacet
facet normal 0 0 0
outer loop
vertex 92.500 13.050 1.650
vertex 93.500 14.050 1.650
vertex 93.500 13.050 1.650
endloop
endfacet
facet normal 0 0 0
outer loop
vertex 92.500 13.050 1.650
vertex 93.500 13.050 1.650
vertex 92.500 13.050 1.650
endloop
endfacet
facet normal 0 0 0
outer loop
vertex 92.500 13.050 1.600
vertex 92.500 13.050 1.650
vertex 93.500 13.050 1.650
endloop
endfacet
facet normal 0 0 0
outer loop
vertex 92.500 13.050 1.600
vertex 93.500 13.050 1.650
vertex 93.500 13.050 1.600
endloop
endfacet
facet normal 0 0 0
outer loop
vertex 93.500 13.050 1.600
vertex 93.500 13.050 1.650
vertex 93.500 14.050 1.650
endloop
endfacet
facet normal 0 0 0
outer loop
vertex 93.500 13.050 1.600
vertex 93.500 14.050 1.650
vertex 93.500 14.050 1.600
endloop
endfacet
facet normal 0 0 0
outer loop
vertex 93.500 14.050 1.600
vertex 93.500 14.050 1.650
vertex 92.500 14.050 1.650
endloop
endfacet
facet normal 0 0 0
outer loop
vertex 93.500 14.050 1.600
vertex 92.500 14.050 1.650
vertex 92.500 14.050 1.600
endloop
endfacet
facet normal 0 0 0
outer loop
vertex 92.500 14.050 1.600
vertex 92.500 14.050 1.650
vertex 92.500 13.050 1.650
endloop
endfacet
facet normal 0 0 0
outer loop
vertex 92.500 14.050 1.600
vertex 92.500 13.050 1.650
vertex 92.500 13.050 1.600
endloop
endfacet
facet normal 0 0 0
outer loop
vertex 95.040 13.050 1.600
vertex 96.040 13.050 1.600
vertex 96.040 14.050 1.600
endloop
endfacet
facet normal 0 0 0
outer loop
vertex 95.040 13.050 1.600
vertex 96.040 14.050 1.600
vertex 95.040 14.050 1.600
endloop
endfacet
facet normal 0 0 0
outer loop
vertex 95.040 13.050 1.650
vertex 96.040 14.050 1.650
vertex 96.040 13.050 1.650
endloop
endfacet
facet normal 0 0 0
outer loop
vertex 95.040 13.050 1.650
vertex 96.040 13.050 1.650
vertex 95.040 13.050 1.650
endloop
endfacet
facet normal 0 0 0
outer loop
vertex 95.040 13.050 1.600
vertex 95.040 13.050 1.650
vertex 96.040 13.050 1.650
endloop
endfacet
facet normal 0 0 0
outer loop
vertex 95.040 13.050 1.600
vertex 96.040 13.050 1.650
vertex 96.040 13.050 1.600
endloop
endfacet
facet normal 0 0 0
outer loop
vertex 96.040 13.050 1.600
vertex 96.040 13.050 1.650
vertex 96.040 14.050 1.650
endloop
endfacet
facet normal 0 0 0
outer loop
vertex 96.040 13.050 1.600
vertex 96.040 14.050 1.650
vertex 96.040 14.050 1.600
endloop
endfacet
facet normal 0 0 0
outer loop
vertex 96.040 14.050 1.600
vertex 96.040 14.050 1.650
vertex 95.040 14.050 1.650
endloop
endfacet
facet normal 0 0 0
outer loop
vertex 96.040 14.050 1.600
vertex 95.040 14.050 1.650
vertex 95.040 14.050 1.600
endloop
endfacet
facet normal 0 0 0
outer loop
vertex 95.040 14.050 1.600
vertex 95.040 14.050 1.650
vertex 95.040 13.050 1.650
endloop
endfacet
facet normal 0 0 0
outer loop
vertex 95.040 14.050 1.600
vertex 95.040 13.050 1.650
vertex 95.040 13.050 1.600
endloop
endfacet
facet normal 0 0 0
outer loop
vertex 97.580 13.050 1.600
vertex 98.580 13.050 1.600
vertex 98.580 14.050 1.600
endloop
endfacet
facet normal 0 0 0
outer loop
vertex 97.580 13.050 1.600
vertex 98.580 14.050 1.600
vertex 97.580 14.050 1.600
endloop
endfacet
facet normal 0 0 0
outer loop
vertex 97.580 13.050 1.650
vertex 98.580 14.050 1.650
vertex 98.580 13.050 1.650
endloop
endfacet
facet normal 0 0 0
outer loop
vertex 97.580 13.050 1.650
vertex 98.580 13.050 1.650
vertex 97.580 13.050 1.650
endloop
endfacet
facet normal 0 0 0
outer loop
vertex 97.580 13.050 1.600
vertex 97.580 13.050 1.650
vertex 98.580 13.050 1.650
endloop
endfacet
facet normal 0 0 0
outer loop
vertex 97.580 13.050 1.600
vertex 98.580 13.050 1.650
vertex 98.580 13.050 1.600
endloop
endfacet
facet normal 0 0 0
outer loop
vertex 98.580 13.050 1.600
vertex 98.580 13.050 1.650
vertex 98.580 14.050 1.650
endloop
endfacet
facet normal 0 0 0
outer loop
vertex 98.580 13.050 1.600
vertex 98.580 14.050 1.650
vertex 98.580 14.050 1.600
endloop
endfacet
facet normal 0 0 0
outer loop
vertex 98.580 14.050 1.600
vertex 98.580 14.050 1.650
vertex 97.580 14.050 1.650
endloop
endfacet
facet normal 0 0 0
outer loop
vertex 98.580 14.050 1.600
vertex 97.580 14.050 1.650
vertex 97.580 14.050 1.600
endloop
endfacet
facet normal 0 0 0
outer loop
vertex 97.580 14.050 1.600
vertex 97.580 14.050 1.650
vertex 97.580 13.050 1.650
endloop
endfacet
facet normal 0 0 0
outer loop
vertex 97.580 14.050 1.600
vertex 97.580 13.050 1.650
vertex 97.580 13.050 1.600
endloop
endfacet
facet normal 0 0 0
outer loop
vertex 100.120 13.050 1.600
vertex 101.120 13.050 1.600
vertex 101.120 14.050 1.600
endloop
endfacet
facet normal 0 0 0
outer loop
vertex 100.120 13.050 1.600
vertex 101.120 14.050 1.600
vertex 100.120 14.050 1.600
endloop
endfacet
facet normal 0 0 0
outer loop
vertex 100.120 13.050 1.650
vertex 101.120 14.050 1.650
vertex 101.120 13.050 1.650
endloop
endfacet
facet normal 0 0 0
outer loop
vertex 100.120 13.050 1.650
vertex 101.120 13.050 1.650
vertex 100.120 13.050 1.650
endloop
endfacet
facet normal 0 0 0
outer loop
vertex 100.120 13.050 1.600
vertex 100.120 13.050 1.650
vertex 101.120 13.050 1.650
endloop
endfacet
facet normal 0 0 0
outer loop
vertex 100.120 13.050 1.600
vertex 101.120 13.050 1.650
vertex 101.120 13.050 1.600
endloop
endfacet
facet normal 0 0 0
outer loop
vertex 101.120 13.050 1.600
vertex 101.120 13.050 1.650
vertex 101.120 14.050 1.650
endloop
endfacet
facet normal 0 0 0
outer loop
vertex 101.120 13.050 1.600
vertex 101.120 14.050 1.650
vertex 101.120 14.050 1.600
endloop
endfacet
facet normal 0 0 0
outer loop
vertex 101.120 14.050 1.600
vertex 101.120 14.050 1.650
vertex 100.120 14.050 1.650
endloop
endfacet
facet normal 0 0 0
outer loop
vertex 101.120 14.050 1.600
vertex 100.120 14.050 1.650
vertex 100.120 14.050 1.600
endloop
endfacet
facet normal 0 0 0
outer loop
vertex 100.120 14.050 1.600
vertex 100.120 14.050 1.650
vertex 100.120 13.050 1.650
endloop
endfacet
facet normal 0 0 0
outer loop
vertex 100.120 14.050 1.600
vertex 100.120 13.050 1.650
vertex 100.120 13.050 1.600
endloop
endfacet
facet normal 0 0 0
outer loop
vertex 120.500 13.050 1.600
vertex 121.500 13.050 1.600
vertex 121.500 14.050 1.600
endloop
endfacet
facet normal 0 0 0
outer loop
vertex 120.500 13.050 1.600
vertex 121.500 14.050 1.600
vertex 120.500 14.050 1.600
endloop
endfacet
facet normal 0 0 0
outer loop
vertex 120.500 13.050 1.650
vertex 121.500 14.050 1.650
vertex 121.500 13.050 1.650
endloop
endfacet
facet normal 0 0 0
outer loop
vertex 120.500 13.050 1.650
vertex 121.500 13.050 1.650
vertex 120.500 13.050 1.650
endloop
endfacet
facet normal 0 0 0
outer loop
vertex 120.500 13.050 1.600
vertex 120.500 13.050 1.650
vertex 121.500 13.050 1.650
endloop
endfacet
facet normal 0 0 0
outer loop
vertex 120.500 13.050 1.600
vertex 121.500 13.050 1.650
vertex 121.500 13.050 1.600
endloop
endfacet
facet normal 0 0 0
outer loop
vertex 121.500 13.050 1.600
vertex 121.500 13.050 1.650
vertex 121.500 14.050 1.650
endloop
endfacet
facet normal 0 0 0
outer loop
vertex 121.500 13.050 1.600
vertex 121.500 14.050 1.650
vertex 121.500 14.050 1.600
endloop
endfacet
facet normal 0 0 0
outer loop
vertex 121.500 14.050 1.600
vertex 121.500 14.050 1.650
vertex 120.500 14.050 1.650
endloop
endfacet
facet normal 0 0 0
outer loop
vertex 121.500 14.050 1.600
vertex 120.500 14.050 1.650
vertex 120.500 14.050 1.600
endloop
endfacet
facet normal 0 0 0
outer loop
vertex 120.500 14.050 1.600
vertex 120.500 14.050 1.650
vertex 120.500 13.050 1.650
endloop
endfacet
facet normal 0 0 0
outer loop
vertex 120.500 14.050 1.600
vertex 120.500 13.050 1.650
vertex 120.500 13.050 1.600
endloop
endfacet
facet normal 0 0 0
outer loop
vertex 123.040 13.050 1.600
vertex 124.040 13.050 1.600
vertex 124.040 14.050 1.600
endloop
endfacet
facet normal 0 0 0
outer loop
vertex 123.040 13.050 1.600
vertex 124.040 14.050 1.600
vertex 123.040 14.050 1.600
endloop
endfacet
facet normal 0 0 0
outer loop
vertex 123.040 13.050 1.650
vertex 124.040 14.050 1.650
vertex 124.040 13.050 1.650
endloop
endfacet
facet normal 0 0 0
outer loop
vertex 123.040 13.050 1.650
vertex 124.040 13.050 1.650
vertex 123.040 13.050 1.650
endloop
endfacet
facet normal 0 0 0
outer loop
vertex 123.040 13.050 1.600
vertex 123.040 13.050 1.650
vertex 124.040 13.050 1.650
endloop
endfacet
facet normal 0 0 0
outer loop
vertex 123.040 13.050 1.600
vertex 124.040 13.050 1.650
vertex 124.040 13.050 1.600
endloop
endfacet
facet normal 0 0 0
outer loop
vertex 124.040 13.050 1.600
vertex 124.040 13.050 1.650
vertex 124.040 14.050 1.650
endloop
endfacet
facet normal 0 0 0
outer loop
vertex 124.040 13.050 1.600
vertex 124.040 14.050 1.650
vertex 124.040 14.050 1.600
endloop
endfacet
facet normal 0 0 0
outer loop
vertex 124.040 14.050 1.600
vertex 124.040 14.050 1.650
vertex 123.040 14.050 1.650
endloop
endfacet
facet normal 0 0 0
outer loop
vertex 124.040 14.050 1.600
vertex 123.040 14.050 1.650
vertex 123.040 14.050 1.600
endloop
endfacet
facet normal 0 0 0
outer loop
vertex 123.040 14.050 1.600
vertex 123.040 14.050 1.650
vertex 123.040 13.050 1.650
endloop
endfacet
facet normal 0 0 0
outer loop
vertex 123.040 14.050 1.600
vertex 123.040 13.050 1.650
vertex 123.040 13.050 1.600
endloop
endfacet
facet normal 0 0 0
outer loop
vertex 125.580 13.050 1.600
vertex 126.580 13.050 1.600
vertex 126.580 14.050 1.600
endloop
endfacet
facet normal 0 0 0
outer loop
vertex 125.580 13.050 1.600
vertex 126.580 14.050 1.600
vertex 125.580 14.050 1.600
endloop
endfacet
facet normal 0 0 0
outer loop
vertex 125.580 13.050 1.650
vertex 126.580 14.050 1.650
vertex 126.580 13.050 1.650
endloop
endfacet
facet normal 0 0 0
outer loop
vertex 125.580 13.050 1.650
vertex 126.580 13.050 1.650
vertex 125.580 13.050 1.650
endloop
endfacet
facet normal 0 0 0
outer loop
vertex 125.580 13.050 1.600
vertex 125.580 13.050 1.650
vertex 126.580 13.050 1.650
endloop
endfacet
facet normal 0 0 0
outer loop
vertex 125.580 13.050 1.600
vertex 126.580 13.050 1.650
vertex 126.580 13.050 1.600
endloop
endfacet
facet normal 0 0 0
outer loop
vertex 126.580 13.050 1.600
vertex 126.580 13.050 1.650
vertex 126.580 14.050 1.650
endloop
endfacet
facet normal 0 0 0
outer loop
vertex 126.580 13.050 1.600
vertex 126.580 14.050 1.650
vertex 126.580 14.050 1.600
endloop
endfacet
facet normal 0 0 0
outer loop
vertex 126.580 14.050 1.600
vertex 126.580 14.050 1.650
vertex 125.580 14.050 1.650
endloop
endfacet
facet normal 0 0 0
outer loop
vertex 126.580 14.050 1.600
vertex 125.580 14.050 1.650
vertex 125.580 14.050 1.600
endloop
endfacet
facet normal 0 0 0
outer loop
vertex 125.580 14.050 1.600
vertex 125.580 14.050 1.650
vertex 125.580 13.050 1.650
endloop
endfacet
facet normal 0 0 0
outer loop
vertex 125.580 14.050 1.600
vertex 125.580 13.050 1.650
vertex 125.580 13.050 1.600
endloop
endfacet
facet normal 0 0 0
outer loop
vertex 128.120 13.050 1.600
vertex 129.120 13.050 1.600
vertex 129.120 14.050 1.600
endloop
endfacet
facet normal 0 0 0
outer loop
vertex 128.120 13.050 1.600
vertex 129.120 14.050 1.600
vertex 128.120 14.050 1.600
endloop
endfacet
facet normal 0 0 0
outer loop
vertex 128.120 13.050 1.650
vertex 129.120 14.050 1.650
vertex 129.120 13.050 1.650
endloop
endfacet
facet normal 0 0 0
outer loop
vertex 128.120 13.050 1.650
vertex 129.120 13.050 1.650
vertex 128.120 13.050 1.650
endloop
endfacet
facet normal 0 0 0
outer loop
vertex 128.120 13.050 1.600
vertex 128.120 13.050 1.650
vertex 129.120 13.050 1.650
endloop
endfacet
facet normal 0 0 0
outer loop
vertex 128.120 13.050 1.600
vertex 129.120 13.050 1.650
vertex 129.120 13.050 1.600
endloop
endfacet
facet normal 0 0 0
outer loop
vertex 129.120 13.050 1.600
vertex 129.120 13.050 1.650
vertex 129.120 14.050 1.650
endloop
endfacet
facet normal 0 0 0
outer loop
vertex 129.120 13.050 1.600
vertex 129.120 14.050 1.650
vertex 129.120 14.050 1.600
endloop
endfacet
facet normal 0 0 0
outer loop
vertex 129.120 14.050 1.600
vertex 129.120 14.050 1.650
vertex 128.120 14.050 1.650
endloop
endfacet
facet normal 0 0 0
outer loop
vertex 129.120 14.050 1.600
vertex 128.120 14.050 1.650
vertex 128.120 14.050 1.600
endloop
endfacet
facet normal 0 0 0
outer loop
vertex 128.120 14.050 1.600
vertex 128.120 14.050 1.650
vertex 128.120 13.050 1.650
endloop
endfacet
facet normal 0 0 0
outer loop
vertex 128.120 14.050 1.600
vertex 128.120 13.050 1.650
vertex 128.120 13.050 1.600
endloop
endfacet
facet normal 0 0 0
outer loop
vertex 64.500 13.050 1.600
vertex 65.500 13.050 1.600
vertex 65.500 14.050 1.600
endloop
endfacet
facet normal 0 0 0
outer loop
vertex 64.500 13.050 1.600
vertex 65.500 14.050 1.600
vertex 64.500 14.050 1.600
endloop
endfacet
facet normal 0 0 0
outer loop
vertex 64.500 13.050 1.650
vertex 65.500 14.050 1.650
vertex 65.500 13.050 1.650
endloop
endfacet
facet normal 0 0 0
outer loop
vertex 64.500 13.050 1.650
vertex 65.500 13.050 1.650
vertex 64.500 13.050 1.650
endloop
endfacet
facet normal 0 0 0
outer loop
vertex 64.500 13.050 1.600
vertex 64.500 13.050 1.650
vertex 65.500 13.050 1.650
endloop
endfacet
facet normal 0 0 0
outer loop
vertex 64.500 13.050 1.600
vertex 65.500 13.050 1.650
vertex 65.500 13.050 1.600
endloop
endfacet
facet normal 0 0 0
outer loop
vertex 65.500 13.050 1.600
vertex 65.500 13.050 1.650
vertex 65.500 14.050 1.650
endloop
endfacet
facet normal 0 0 0
outer loop
vertex 65.500 13.050 1.600
vertex 65.500 14.050 1.650
vertex 65.500 14.050 1.600
endloop
endfacet
facet normal 0 0 0
outer loop
vertex 65.500 14.050 1.600
vertex 65.500 14.050 1.650
vertex 64.500 14.050 1.650
endloop
endfacet
facet normal 0 0 0
outer loop
vertex 65.500 14.050 1.600
vertex 64.500 14.050 1.650
vertex 64.500 14.050 1.600
endloop
endfacet
facet normal 0 0 0
outer loop
vertex 64.500 14.050 1.600
vertex 64.500 14.050 1.650
vertex 64.500 13.050 1.650
endloop
endfacet
facet normal 0 0 0
outer loop
vertex 64.500 14.050 1.600
vertex 64.500 13.050 1.650
vertex 64.500 13.050 1.600
endloop
endfacet
facet normal 0 0 0
outer loop
vertex 67.040 13.050 1.600
vertex 68.040 13.050 1.600
vertex 68.040 14.050 1.600
endloop
endfacet
facet normal 0 0 0
outer loop
vertex 67.040 13.050 1.600
vertex 68.040 14.050 1.600
vertex 67.040 14.050 1.600
endloop
endfacet
facet normal 0 0 0
outer loop
vertex 67.040 13.050 1.650
vertex 68.040 14.050 1.650
vertex 68.040 13.050 1.650
endloop
endfacet
facet normal 0 0 0
outer loop
vertex 67.040 13.050 1.650
vertex 68.040 13.050 1.650
vertex 67.040 13.050 1.650
endloop
endfacet
facet normal 0 0 0
outer loop
vertex 67.040 13.050 1.600
vertex 67.040 13.050 1.650
vertex 68.040 13.050 1.650
endloop
endfacet
facet normal 0 0 0
outer loop
vertex 67.040 13.050 1.600
vertex 68.040 13.050 1.650
vertex 68.040 13.050 1.600
endloop
endfacet
facet normal 0 0 0
outer loop
vertex 68.040 13.050 1.600
vertex 68.040 13.050 1.650
vertex 68.040 14.050 1.650
endloop
endfacet
facet normal 0 0 0
outer loop
vertex 68.040 13.050 1.600
vertex 68.040 14.050 1.650
vertex 68.040 14.050 1.600
endloop
endfacet
facet normal 0 0 0
outer loop
vertex 68.040 14.050 1.600
vertex 68.040 14.050 1.650
vertex 67.040 14.050 1.650
endloop
endfacet
facet normal 0 0 0
outer loop
vertex 68.040 14.050 1.600
vertex 67.040 14.050 1.650
vertex 67.040 14.050 1.600
endloop
endfacet
facet normal 0 0 0
outer loop
vertex 67.040 14.050 1.600
vertex 67.040 14.050 1.650
vertex 67.040 13.050 1.650
endloop
endfacet
facet normal 0 0 0
outer loop
vertex 67.040 14.050 1.600
vertex 67.040 13.050 1.650
vertex 67.040 13.050 1.600
endloop
endfacet
facet normal 0 0 0
outer loop
vertex 69.580 13.050 1.600
vertex 70.580 13.050 1.600
vertex 70.580 14.050 1.600
endloop
endfacet
facet normal 0 0 0
outer loop
vertex 69.580 13.050 1.600
vertex 70.580 14.050 1.600
vertex 69.580 14.050 1.600
endloop
endfacet
facet normal 0 0 0
outer loop
vertex 69.580 13.050 1.650
vertex 70.580 14.050 1.650
vertex 70.580 13.050 1.650
endloop
endfacet
facet normal 0 0 0
outer loop
vertex 69.580 13.050 1.650
vertex 70.580 13.050 1.650
vertex 69.580 13.050 1.650
endloop
endfacet
facet normal 0 0 0
outer loop
vertex 69.580 13.050 1.600
vertex 69.580 13.050 1.650
vertex 70.580 13.050 1.650
endloop
endfacet
facet normal 0 0 0
outer loop
vertex 69.580 13.050 1.600
vertex 70.580 13.050 1.650
vertex 70.580 13.050 1.600
endloop
endfacet
facet normal 0 0 0
outer loop
vertex 70.580 13.050 1.600
vertex 70.580 13.050 1.650
vertex 70.580 14.050 1.650
endloop
endfacet
facet normal 0 0 0
outer loop
vertex 70.580 13.050 1.600
vertex 70.580 14.050 1.650
vertex 70.580 14.050 1.600
endloop
endfacet
facet normal 0 0 0
outer loop
vertex 70.580 14.050 1.600
vertex 70.580 14.050 1.650
vertex 69.580 14.050 1.650
endloop
endfacet
facet normal 0 0 0
outer loop
vertex 70.580 14.050 1.600
vertex 69.580 14.050 1.650
vertex 69.580 14.050 1.600
endloop
endfacet
facet normal 0 0 0
outer loop
vertex 69.580 14.050 1.600
vertex 69.580 14.050 1.650
vertex 69.580 13.050 1.650
endloop
endfacet
facet normal 0 0 0
outer loop
vertex 69.580 14.050 1.600
vertex 69.580 13.050 1.650
vertex 69.580 13.050 1.600
endloop
endfacet
facet normal 0 0 0
outer loop
vertex 72.120 13.050 1.600
vertex 73.120 13.050 1.600
vertex 73.120 14.050 1.600
endloop
endfacet
facet normal 0 0 0
outer loop
vertex 72.120 13.050 1.600
vertex 73.120 14.050 1.600
vertex 72.120 14.050 1.600
endloop
endfacet
facet normal 0 0 0
outer loop
vertex 72.120 13.050 1.650
vertex 73.120 14.050 1.650
vertex 73.120 13.050 1.650
endloop
endfacet
facet normal 0 0 0
outer loop
vertex 72.120 13.050 1.650
vertex 73.120 13.050 1.650
vertex 72.120 13.050 1.650
endloop
endfacet
facet normal 0 0 0
outer loop
vertex 72.120 13.050 1.600
vertex 72.120 13.050 1.650
vertex 73.120 13.050 1.650
endloop
endfacet
facet normal 0 0 0
outer loop
vertex 72.120 13.050 1.600
vertex 73.120 13.050 1.650
vertex 73.120 13.050 1.600
endloop
endfacet
facet normal 0 0 0
outer loop
vertex 73.120 13.050 1.600
vertex 73.120 13.050 1.650
vertex 73.120 14.050 1.650
endloop
endfacet
facet normal 0 0 0
outer loop
vertex 73.120 13.050 1.600
vertex 73.120 14.050 1.650
vertex 73.120 14.050 1.600
endloop
endfacet
facet normal 0 0 0
outer loop
vertex 73.120 14.050 1.600
vertex 73.120 14.050 1.650
vertex 72.120 14.050 1.650
endloop
endfacet
facet normal 0 0 0
outer loop
vertex 73.120 14.050 1.600
vertex 72.120 14.050 1.650
vertex 72.120 14.050 1.600
endloop
endfacet
facet normal 0 0 0
outer loop
vertex 72.120 14.050 1.600
vertex 72.120 14.050 1.650
vertex 72.120 13.050 1.650
endloop
endfacet
facet normal 0 0 0
outer loop
vertex 72.120 14.050 1.600
vertex 72.120 13.050 1.650
vertex 72.120 13.050 1.600
endloop
endfacet
facet normal 0 0 0
outer loop
vertex 26.500 45.770 1.600
vertex 27.500 45.770 1.600
vertex 27.500 46.770 1.600
endloop
endfacet
facet normal 0 0 0
outer loop
vertex 26.500 45.770 1.600
vertex 27.500 46.770 1.600
vertex 26.500 46.770 1.600
endloop
endfacet
facet normal 0 0 0
outer loop
vertex 26.500 45.770 1.650
vertex 27.500 46.770 1.650
vertex 27.500 45.770 1.650
endloop
endfacet
facet normal 0 0 0
outer loop
vertex 26.500 45.770 1.650
vertex 27.500 45.770 1.650
vertex 26.500 45.770 1.650
endloop
endfacet
facet normal 0 0 0
outer loop
vertex 26.500 45.770 1.600
vertex 26.500 45.770 1.650
vertex 27.500 45.770 1.650
endloop
endfacet
facet normal 0 0 0
outer loop
vertex 26.500 45.770 1.600
vertex 27.500 45.770 1.650
vertex 27.500 45.770 1.600
endloop
endfacet
facet normal 0 0 0
outer loop
vertex 27.500 45.770 1.600
vertex 27.500 45.770 1.650
vertex 27.500 46.770 1.650
endloop
endfacet
facet normal 0 0 0
outer loop
vertex 27.500 45.770 1.600
vertex 27.500 46.770 1.650
vertex 27.500 46.770 1.600
endloop
endfacet
facet normal 0 0 0
outer loop
vertex 27.500 46.770 1.600
vertex 27.500 46.770 1.650
vertex 26.500 46.770 1.650
endloop
endfacet
facet normal 0 0 0
outer loop
vertex 27.500 46.770 1.600
vertex 26.500 46.770 1.650
vertex 26.500 46.770 1.600
endloop
endfacet
facet normal 0 0 0
outer loop
vertex 26.500 46.770 1.600
vertex 26.500 46.770 1.650
vertex 26.500 45.770 1.650
endloop
endfacet
facet normal 0 0 0
outer loop
vertex 26.500 46.770 1.600
vertex 26.500 45.770 1.650
vertex 26.500 45.770 1.600
endloop
endfacet
facet normal 0 0 0
outer loop
vertex 26.500 43.230 1.600
vertex 27.500 43.230 1.600
vertex 27.500 44.230 1.600
endloop
endfacet
facet normal 0 0 0
outer loop
vertex 26.500 43.230 1.600
vertex 27.500 44.230 1.600
vertex 26.500 44.230 1.600
endloop
endfacet
facet normal 0 0 0
outer loop
vertex 26.500 43.230 1.650
vertex 27.500 44.230 1.650
vertex 27.500 43.230 1.650
endloop
endfacet
facet normal 0 0 0
outer loop
vertex 26.500 43.230 1.650
vertex 27.500 43.230 1.650
vertex 26.500 43.230 1.650
endloop
endfacet
facet normal 0 0 0
outer loop
vertex 26.500 43.230 1.600
vertex 26.500 43.230 1.650
vertex 27.500 43.230 1.650
endloop
endfacet
facet normal 0 0 0
outer loop
vertex 26.500 43.230 1.600
vertex 27.500 43.230 1.650
vertex 27.500 43.230 1.600
endloop
endfacet
facet normal 0 0 0
outer loop
vertex 27.500 43.230 1.600
vertex 27.500 43.230 1.650
vertex 27.500 44.230 1.650
endloop
endfacet
facet normal 0 0 0
outer loop
vertex 27.500 43.230 1.600
vertex 27.500 44.230 1.650
vertex 27.500 44.230 1.600
endloop
endfacet
facet normal 0 0 0
outer loop
vertex 27.500 44.230 1.600
vertex 27.500 44.230 1.650
vertex 26.500 44.230 1.650
endloop
endfacet
facet normal 0 0 0
outer loop
vertex 27.500 44.230 1.600
vertex 26.500 44.230 1.650
vertex 26.500 44.230 1.600
endloop
endfacet
facet normal 0 0 0
outer loop
vertex 26.500 44.230 1.600
vertex 26.500 44.230 1.650
vertex 26.500 43.230 1.650
endloop
endfacet
facet normal 0 0 0
outer loop
vertex 26.500 44.230 1.600
vertex 26.500 43.230 1.650
vertex 26.500 43.230 1.600
endloop
endfacet
facet normal 0 0 0
outer loop
vertex 29.040 45.770 1.600
vertex 30.040 45.770 1.600
vertex 30.040 46.770 1.600
endloop
endfacet
facet normal 0 0 0
outer loop
vertex 29.040 45.770 1.600
vertex 30.040 46.770 1.600
vertex 29.040 46.770 1.600
endloop
endfacet
facet normal 0 0 0
outer loop
vertex 29.040 45.770 1.650
vertex 30.040 46.770 1.650
vertex 30.040 45.770 1.650
endloop
endfacet
facet normal 0 0 0
outer loop
vertex 29.040 45.770 1.650
vertex 30.040 45.770 1.650
vertex 29.040 45.770 1.650
endloop
endfacet
facet normal 0 0 0
outer loop
vertex 29.040 45.770 1.600
vertex 29.040 45.770 1.650
vertex 30.040 45.770 1.650
endloop
endfacet
facet normal 0 0 0
outer loop
vertex 29.040 45.770 1.600
vertex 30.040 45.770 1.650
vertex 30.040 45.770 1.600
endloop
endfacet
facet normal 0 0 0
outer loop
vertex 30.040 45.770 1.600
vertex 30.040 45.770 1.650
vertex 30.040 46.770 1.650
endloop
endfacet
facet normal 0 0 0
outer loop
vertex 30.040 45.770 1.600
vertex 30.040 46.770 1.650
vertex 30.040 46.770 1.600
endloop
endfacet
facet normal 0 0 0
outer loop
vertex 30.040 46.770 1.600
vertex 30.040 46.770 1.650
vertex 29.040 46.770 1.650
endloop
endfacet
facet normal 0 0 0
outer loop
vertex 30.040 46.770 1.600
vertex 29.040 46.770 1.650
vertex 29.040 46.770 1.600
endloop
endfacet
facet normal 0 0 0
outer loop
vertex 29.040 46.770 1.600
vertex 29.040 46.770 1.650
vertex 29.040 45.770 1.650
endloop
endfacet
facet normal 0 0 0
outer loop
vertex 29.040 46.770 1.600
vertex 29.040 45.770 1.650
vertex 29.040 45.770 1.600
endloop
endfacet
facet normal 0 0 0
outer loop
vertex 29.040 43.230 1.600
vertex 30.040 43.230 1.600
vertex 30.040 44.230 1.600
endloop
endfacet
facet normal 0 0 0
outer loop
vertex 29.040 43.230 1.600
vertex 30.040 44.230 1.600
vertex 29.040 44.230 1.600
endloop
endfacet
facet normal 0 0 0
outer loop
vertex 29.040 43.230 1.650
vertex 30.040 44.230 1.650
vertex 30.040 43.230 1.650
endloop
endfacet
facet normal 0 0 0
outer loop
vertex 29.040 43.230 1.650
vertex 30.040 43.230 1.650
vertex 29.040 43.230 1.650
endloop
endfacet
facet normal 0 0 0
outer loop
vertex 29.040 43.230 1.600
vertex 29.040 43.230 1.650
vertex 30.040 43.230 1.650
endloop
endfacet
facet normal 0 0 0
outer loop
vertex 29.040 43.230 1.600
vertex 30.040 43.230 1.650
vertex 30.040 43.230 1.600
endloop
endfacet
facet normal 0 0 0
outer loop
vertex 30.040 43.230 1.600
vertex 30.040 43.230 1.650
vertex 30.040 44.230 1.650
endloop
endfacet
facet normal 0 0 0
outer loop
vertex 30.040 43.230 1.600
vertex 30.040 44.230 1.650
vertex 30.040 44.230 1.600
endloop
endfacet
facet normal 0 0 0
outer loop
vertex 30.040 44.230 1.600
vertex 30.040 44.230 1.650
vertex 29.040 44.230 1.650
endloop
endfacet
facet normal 0 0 0
outer loop
vertex 30.040 44.230 1.600
vertex 29.040 44.230 1.650
vertex 29.040 44.230 1.600
endloop
endfacet
facet normal 0 0 0
outer loop
vertex 29.040 44.230 1.600
vertex 29.040 44.230 1.650
vertex 29.040 43.230 1.650
endloop
endfacet
facet normal 0 0 0
outer loop
vertex 29.040 44.230 1.600
vertex 29.040 43.230 1.650
vertex 29.040 43.230 1.600
endloop
endfacet
facet normal 0 0 0
outer loop
vertex 31.580 45.770 1.600
vertex 32.580 45.770 1.600
vertex 32.580 46.770 1.600
endloop
endfacet
facet normal 0 0 0
outer loop
vertex 31.580 45.770 1.600
vertex 32.580 46.770 1.600
vertex 31.580 46.770 1.600
endloop
endfacet
facet normal 0 0 0
outer loop
vertex 31.580 45.770 1.650
vertex 32.580 46.770 1.650
vertex 32.580 45.770 1.650
endloop
endfacet
facet normal 0 0 0
outer loop
vertex 31.580 45.770 1.650
vertex 32.580 45.770 1.650
vertex 31.580 45.770 1.650
endloop
endfacet
facet normal 0 0 0
outer loop
vertex 31.580 45.770 1.600
vertex 31.580 45.770 1.650
vertex 32.580 45.770 1.650
endloop
endfacet
facet normal 0 0 0
outer loop
vertex 31.580 45.770 1.600
vertex 32.580 45.770 1.650
vertex 32.580 45.770 1.600
endloop
endfacet
facet normal 0 0 0
outer loop
vertex 32.580 45.770 1.600
vertex 32.580 45.770 1.650
vertex 32.580 46.770 1.650
endloop
endfacet
facet normal 0 0 0
outer loop
vertex 32.580 45.770 1.600
vertex 32.580 46.770 1.650
vertex 32.580 46.770 1.600
endloop
endfacet
facet normal 0 0 0
outer loop
vertex 32.580 46.770 1.600
vertex 32.580 46.770 1.650
vertex 31.580 46.770 1.650
endloop
endfacet
facet normal 0 0 0
outer loop
vertex 32.580 46.770 1.600
vertex 31.580 46.770 1.650
vertex 31.580 46.770 1.600
endloop
endfacet
facet normal 0 0 0
outer loop
vertex 31.580 46.770 1.600
vertex 31.580 46.770 1.650
vertex 31.580 45.770 1.650
endloop
endfacet
facet normal 0 0 0
outer loop
vertex 31.580 46.770 1.600
vertex 31.580 45.770 1.650
vertex 31.580 45.770 1.600
endloop
endfacet
facet normal 0 0 0
outer loop
vertex 31.580 43.230 1.600
vertex 32.580 43.230 1.600
vertex 32.580 44.230 1.600
endloop
endfacet
facet normal 0 0 0
outer loop
vertex 31.580 43.230 1.600
vertex 32.580 44.230 1.600
vertex 31.580 44.230 1.600
endloop
endfacet
facet normal 0 0 0
outer loop
vertex 31.580 43.230 1.650
vertex 32.580 44.230 1.650
vertex 32.580 43.230 1.650
endloop
endfacet
facet normal 0 0 0
outer loop
vertex 31.580 43.230 1.650
vertex 32.580 43.230 1.650
vertex 31.580 43.230 1.650
endloop
endfacet
facet normal 0 0 0
outer loop
vertex 31.580 43.230 1.600
vertex 31.580 43.230 1.650
vertex 32.580 43.230 1.650
endloop
endfacet
facet normal 0 0 0
outer loop
vertex 31.580 43.230 1.600
vertex 32.580 43.230 1.650
vertex 32.580 43.230 1.600
endloop
endfacet
facet normal 0 0 0
outer loop
vertex 32.580 43.230 1.600
vertex 32.580 43.230 1.650
vertex 32.580 44.230 1.650
endloop
endfacet
facet normal 0 0 0
outer loop
vertex 32.580 43.230 1.600
vertex 32.580 44.230 1.650
vertex 32.580 44.230 1.600
endloop
endfacet
facet normal 0 0 0
outer loop
vertex 32.580 44.230 1.600
vertex 32.580 44.230 1.650
vertex 31.580 44.230 1.650
endloop
endfacet
facet normal 0 0 0
outer loop
vertex 32.580 44.230 1.600
vertex 31.580 44.230 1.650
vertex 31.580 44.230 1.600
endloop
endfacet
facet normal 0 0 0
outer loop
vertex 31.580 44.230 1.600
vertex 31.580 44.230 1.650
vertex 31.580 43.230 1.650
endloop
endfacet
facet normal 0 0 0
outer loop
vertex 31.580 44.230 1.600
vertex 31.580 43.230 1.650
vertex 31.580 43.230 1.600
endloop
endfacet
facet normal 0 0 0
outer loop
vertex 34.120 45.770 1.600
vertex 35.120 45.770 1.600
vertex 35.120 46.770 1.600
endloop
endfacet
facet normal 0 0 0
outer loop
vertex 34.120 45.770 1.600
vertex 35.120 46.770 1.600
vertex 34.120 46.770 1.600
endloop
endfacet
facet normal 0 0 0
outer loop
vertex 34.120 45.770 1.650
vertex 35.120 46.770 1.650
vertex 35.120 45.770 1.650
endloop
endfacet
facet normal 0 0 0
outer loop
vertex 34.120 45.770 1.650
vertex 35.120 45.770 1.650
vertex 34.120 45.770 1.650
endloop
endfacet
facet normal 0 0 0
outer loop
vertex 34.120 45.770 1.600
vertex 34.120 45.770 1.650
vertex 35.120 45.770 1.650
endloop
endfacet
facet normal 0 0 0
outer loop
vertex 34.120 45.770 1.600
vertex 35.120 45.770 1.650
vertex 35.120 45.770 1.600
endloop
endfacet
facet normal 0 0 0
outer loop
vertex 35.120 45.770 1.600
vertex 35.120 45.770 1.650
vertex 35.120 46.770 1.650
endloop
endfacet
facet normal 0 0 0
outer loop
vertex 35.120 45.770 1.600
vertex 35.120 46.770 1.650
vertex 35.120 46.770 1.600
endloop
endfacet
facet normal 0 0 0
outer loop
vertex 35.120 46.770 1.600
vertex 35.120 46.770 1.650
vertex 34.120 46.770 1.650
endloop
endfacet
facet normal 0 0 0
outer loop
vertex 35.120 46.770 1.600
vertex 34.120 46.770 1.650
vertex 34.120 46.770 1.600
endloop
endfacet
facet normal 0 0 0
outer loop
vertex 34.120 46.770 1.600
vertex 34.120 46.770 1.650
vertex 34.120 45.770 1.650
endloop
endfacet
facet normal 0 0 0
outer loop
vertex 34.120 46.770 1.600
vertex 34.120 45.770 1.650
vertex 34.120 45.770 1.600
endloop
endfacet
facet normal 0 0 0
outer loop
vertex 34.120 43.230 1.600
vertex 35.120 43.230 1.600
vertex 35.120 44.230 1.600
endloop
endfacet
facet normal 0 0 0
outer loop
vertex 34.120 43.230 1.600
vertex 35.120 44.230 1.600
vertex 34.120 44.230 1.600
endloop
endfacet
facet normal 0 0 0
outer loop
vertex 34.120 43.230 1.650
vertex 35.120 44.230 1.650
vertex 35.120 43.230 1.650
endloop
endfacet
facet normal 0 0 0
outer loop
vertex 34.120 43.230 1.650
vertex 35.120 43.230 1.650
vertex 34.120 43.230 1.650
endloop
endfacet
facet normal 0 0 0
outer loop
vertex 34.120 43.230 1.600
vertex 34.120 43.230 1.650
vertex 35.120 43.230 1.650
endloop
endfacet
facet normal 0 0 0
outer loop
vertex 34.120 43.230 1.600
vertex 35.120 43.230 1.650
vertex 35.120 43.230 1.600
endloop
endfacet
facet normal 0 0 0
outer loop
vertex 35.120 43.230 1.600
vertex 35.120 43.230 1.650
vertex 35.120 44.230 1.650
endloop
endfacet
facet normal 0 0 0
outer loop
vertex 35.120 43.230 1.600
vertex 35.120 44.230 1.650
vertex 35.120 44.230 1.600
endloop
endfacet
facet normal 0 0 0
outer loop
vertex 35.120 44.230 1.600
vertex 35.120 44.230 1.650
vertex 34.120 44.230 1.650
endloop
endfacet
facet normal 0 0 0
outer loop
vertex 35.120 44.230 1.600
vertex 34.120 44.230 1.650
vertex 34.120 44.230 1.600
endloop
endfacet
facet normal 0 0 0
outer loop
vertex 34.120 44.230 1.600
vertex 34.120 44.230 1.650
vertex 34.120 43.230 1.650
endloop
endfacet
facet normal 0 0 0
outer loop
vertex 34.120 44.230 1.600
vertex 34.120 43.230 1.650
vertex 34.120 43.230 1.600
endloop
endfacet
facet normal 0 0 0
outer loop
vertex 36.660 45.770 1.600
vertex 37.660 45.770 1.600
vertex 37.660 46.770 1.600
endloop
endfacet
facet normal 0 0 0
outer loop
vertex 36.660 45.770 1.600
vertex 37.660 46.770 1.600
vertex 36.660 46.770 1.600
endloop
endfacet
facet normal 0 0 0
outer loop
vertex 36.660 45.770 1.650
vertex 37.660 46.770 1.650
vertex 37.660 45.770 1.650
endloop
endfacet
facet normal 0 0 0
outer loop
vertex 36.660 45.770 1.650
vertex 37.660 45.770 1.650
vertex 36.660 45.770 1.650
endloop
endfacet
facet normal 0 0 0
outer loop
vertex 36.660 45.770 1.600
vertex 36.660 45.770 1.650
vertex 37.660 45.770 1.650
endloop
endfacet
facet normal 0 0 0
outer loop
vertex 36.660 45.770 1.600
vertex 37.660 45.770 1.650
vertex 37.660 45.770 1.600
endloop
endfacet
facet normal 0 0 0
outer loop
vertex 37.660 45.770 1.600
vertex 37.660 45.770 1.650
vertex 37.660 46.770 1.650
endloop
endfacet
facet normal 0 0 0
outer loop
vertex 37.660 45.770 1.600
vertex 37.660 46.770 1.650
vertex 37.660 46.770 1.600
endloop
endfacet
facet normal 0 0 0
outer loop
vertex 37.660 46.770 1.600
vertex 37.660 46.770 1.650
vertex 36.660 46.770 1.650
endloop
endfacet
facet normal 0 0 0
outer loop
vertex 37.660 46.770 1.600
vertex 36.660 46.770 1.650
vertex 36.660 46.770 1.600
endloop
endfacet
facet normal 0 0 0
outer loop
vertex 36.660 46.770 1.600
vertex 36.660 46.770 1.650
vertex 36.660 45.770 1.650
endloop
endfacet
facet normal 0 0 0
outer loop
vertex 36.660 46.770 1.600
vertex 36.660 45.770 1.650
vertex 36.660 45.770 1.600
endloop
endfacet
facet normal 0 0 0
outer loop
vertex 36.660 43.230 1.600
vertex 37.660 43.230 1.600
vertex 37.660 44.230 1.600
endloop
endfacet
facet normal 0 0 0
outer loop
vertex 36.660 43.230 1.600
vertex 37.660 44.230 1.600
vertex 36.660 44.230 1.600
endloop
endfacet
facet normal 0 0 0
outer loop
vertex 36.660 43.230 1.650
vertex 37.660 44.230 1.650
vertex 37.660 43.230 1.650
endloop
endfacet
facet normal 0 0 0
outer loop
vertex 36.660 43.230 1.650
vertex 37.660 43.230 1.650
vertex 36.660 43.230 1.650
endloop
endfacet
facet normal 0 0 0
outer loop
vertex 36.660 43.230 1.600
vertex 36.660 43.230 1.650
vertex 37.660 43.230 1.650
endloop
endfacet
facet normal 0 0 0
outer loop
vertex 36.660 43.230 1.600
vertex 37.660 43.230 1.650
vertex 37.660 43.230 1.600
endloop
endfacet
facet normal 0 0 0
outer loop
vertex 37.660 43.230 1.600
vertex 37.660 43.230 1.650
vertex 37.660 44.230 1.650
endloop
endfacet
facet normal 0 0 0
outer loop
vertex 37.660 43.230 1.600
vertex 37.660 44.230 1.650
vertex 37.660 44.230 1.600
endloop
endfacet
facet normal 0 0 0
outer loop
vertex 37.660 44.230 1.600
vertex 37.660 44.230 1.650
vertex 36.660 44.230 1.650
endloop
endfacet
facet normal 0 0 0
outer loop
vertex 37.660 44.230 1.600
vertex 36.660 44.230 1.650
vertex 36.660 44.230 1.600
endloop
endfacet
facet normal 0 0 0
outer loop
vertex 36.660 44.230 1.600
vertex 36.660 44.230 1.650
vertex 36.660 43.230 1.650
endloop
endfacet
facet normal 0 0 0
outer loop
vertex 36.660 44.230 1.600
vertex 36.660 43.230 1.650
vertex 36.660 43.230 1.600
endloop
endfacet
facet normal 0 0 0
outer loop
vertex 39.200 45.770 1.600
vertex 40.200 45.770 1.600
vertex 40.200 46.770 1.600
endloop
endfacet
facet normal 0 0 0
outer loop
vertex 39.200 45.770 1.600
vertex 40.200 46.770 1.600
vertex 39.200 46.770 1.600
endloop
endfacet
facet normal 0 0 0
outer loop
vertex 39.200 45.770 1.650
vertex 40.200 46.770 1.650
vertex 40.200 45.770 1.650
endloop
endfacet
facet normal 0 0 0
outer loop
vertex 39.200 45.770 1.650
vertex 40.200 45.770 1.650
vertex 39.200 45.770 1.650
endloop
endfacet
facet normal 0 0 0
outer loop
vertex 39.200 45.770 1.600
vertex 39.200 45.770 1.650
vertex 40.200 45.770 1.650
endloop
endfacet
facet normal 0 0 0
outer loop
vertex 39.200 45.770 1.600
vertex 40.200 45.770 1.650
vertex 40.200 45.770 1.600
endloop
endfacet
facet normal 0 0 0
outer loop
vertex 40.200 45.770 1.600
vertex 40.200 45.770 1.650
vertex 40.200 46.770 1.650
endloop
endfacet
facet normal 0 0 0
outer loop
vertex 40.200 45.770 1.600
vertex 40.200 46.770 1.650
vertex 40.200 46.770 1.600
endloop
endfacet
facet normal 0 0 0
outer loop
vertex 40.200 46.770 1.600
vertex 40.200 46.770 1.650
vertex 39.200 46.770 1.650
endloop
endfacet
facet normal 0 0 0
outer loop
vertex 40.200 46.770 1.600
vertex 39.200 46.770 1.650
vertex 39.200 46.770 1.600
endloop
endfacet
facet normal 0 0 0
outer loop
vertex 39.200 46.770 1.600
vertex 39.200 46.770 1.650
vertex 39.200 45.770 1.650
endloop
endfacet
facet normal 0 0 0
outer loop
vertex 39.200 46.770 1.600
vertex 39.200 45.770 1.650
vertex 39.200 45.770 1.600
endloop
endfacet
facet normal 0 0 0
outer loop
vertex 39.200 43.230 1.600
vertex 40.200 43.230 1.600
vertex 40.200 44.230 1.600
endloop
endfacet
facet normal 0 0 0
outer loop
vertex 39.200 43.230 1.600
vertex 40.200 44.230 1.600
vertex 39.200 44.230 1.600
endloop
endfacet
facet normal 0 0 0
outer loop
vertex 39.200 43.230 1.650
vertex 40.200 44.230 1.650
vertex 40.200 43.230 1.650
endloop
endfacet
facet normal 0 0 0
outer loop
vertex 39.200 43.230 1.650
vertex 40.200 43.230 1.650
vertex 39.200 43.230 1.650
endloop
endfacet
facet normal 0 0 0
outer loop
vertex 39.200 43.230 1.600
vertex 39.200 43.230 1.650
vertex 40.200 43.230 1.650
endloop
endfacet
facet normal 0 0 0
outer loop
vertex 39.200 43.230 1.600
vertex 40.200 43.230 1.650
vertex 40.200 43.230 1.600
endloop
endfacet
facet normal 0 0 0
outer loop
vertex 40.200 43.230 1.600
vertex 40.200 43.230 1.650
vertex 40.200 44.230 1.650
endloop
endfacet
facet normal 0 0 0
outer loop
vertex 40.200 43.230 1.600
vertex 40.200 44.230 1.650
vertex 40.200 44.230 1.600
endloop
endfacet
facet normal 0 0 0
outer loop
vertex 40.200 44.230 1.600
vertex 40.200 44.230 1.650
vertex 39.200 44.230 1.650
endloop
endfacet
facet normal 0 0 0
outer loop
vertex 40.200 44.230 1.600
vertex 39.200 44.230 1.650
vertex 39.200 44.230 1.600
endloop
endfacet
facet normal 0 0 0
outer loop
vertex 39.200 44.230 1.600
vertex 39.200 44.230 1.650
vertex 39.200 43.230 1.650
endloop
endfacet
facet normal 0 0 0
outer loop
vertex 39.200 44.230 1.600
vertex 39.200 43.230 1.650
vertex 39.200 43.230 1.600
endloop
endfacet
facet normal 0 0 0
outer loop
vertex 41.740 45.770 1.600
vertex 42.740 45.770 1.600
vertex 42.740 46.770 1.600
endloop
endfacet
facet normal 0 0 0
outer loop
vertex 41.740 45.770 1.600
vertex 42.740 46.770 1.600
vertex 41.740 46.770 1.600
endloop
endfacet
facet normal 0 0 0
outer loop
vertex 41.740 45.770 1.650
vertex 42.740 46.770 1.650
vertex 42.740 45.770 1.650
endloop
endfacet
facet normal 0 0 0
outer loop
vertex 41.740 45.770 1.650
vertex 42.740 45.770 1.650
vertex 41.740 45.770 1.650
endloop
endfacet
facet normal 0 0 0
outer loop
vertex 41.740 45.770 1.600
vertex 41.740 45.770 1.650
vertex 42.740 45.770 1.650
endloop
endfacet
facet normal 0 0 0
outer loop
vertex 41.740 45.770 1.600
vertex 42.740 45.770 1.650
vertex 42.740 45.770 1.600
endloop
endfacet
facet normal 0 0 0
outer loop
vertex 42.740 45.770 1.600
vertex 42.740 45.770 1.650
vertex 42.740 46.770 1.650
endloop
endfacet
facet normal 0 0 0
outer loop
vertex 42.740 45.770 1.600
vertex 42.740 46.770 1.650
vertex 42.740 46.770 1.600
endloop
endfacet
facet normal 0 0 0
outer loop
vertex 42.740 46.770 1.600
vertex 42.740 46.770 1.650
vertex 41.740 46.770 1.650
endloop
endfacet
facet normal 0 0 0
outer loop
vertex 42.740 46.770 1.600
vertex 41.740 46.770 1.650
vertex 41.740 46.770 1.600
endloop
endfacet
facet normal 0 0 0
outer loop
vertex 41.740 46.770 1.600
vertex 41.740 46.770 1.650
vertex 41.740 45.770 1.650
endloop
endfacet
facet normal 0 0 0
outer loop
vertex 41.740 46.770 1.600
vertex 41.740 45.770 1.650
vertex 41.740 45.770 1.600
endloop
endfacet
facet normal 0 0 0
outer loop
vertex 41.740 43.230 1.600
vertex 42.740 43.230 1.600
vertex 42.740 44.230 1.600
endloop
endfacet
facet normal 0 0 0
outer loop
vertex 41.740 43.230 1.600
vertex 42.740 44.230 1.600
vertex 41.740 44.230 1.600
endloop
endfacet
facet normal 0 0 0
outer loop
vertex 41.740 43.230 1.650
vertex 42.740 44.230 1.650
vertex 42.740 43.230 1.650
endloop
endfacet
facet normal 0 0 0
outer loop
vertex 41.740 43.230 1.650
vertex 42.740 43.230 1.650
vertex 41.740 43.230 1.650
endloop
endfacet
facet normal 0 0 0
outer loop
vertex 41.740 43.230 1.600
vertex 41.740 43.230 1.650
vertex 42.740 43.230 1.650
endloop
endfacet
facet normal 0 0 0
outer loop
vertex 41.740 43.230 1.600
vertex 42.740 43.230 1.650
vertex 42.740 43.230 1.600
endloop
endfacet
facet normal 0 0 0
outer loop
vertex 42.740 43.230 1.600
vertex 42.740 43.230 1.650
vertex 42.740 44.230 1.650
endloop
endfacet
facet normal 0 0 0
outer loop
vertex 42.740 43.230 1.600
vertex 42.740 44.230 1.650
vertex 42.740 44.230 1.600
endloop
endfacet
facet normal 0 0 0
outer loop
vertex 42.740 44.230 1.600
vertex 42.740 44.230 1.650
vertex 41.740 44.230 1.650
endloop
endfacet
facet normal 0 0 0
outer loop
vertex 42.740 44.230 1.600
vertex 41.740 44.230 1.650
vertex 41.740 44.230 1.600
endloop
endfacet
facet normal 0 0 0
outer loop
vertex 41.740 44.230 1.600
vertex 41.740 44.230 1.650
vertex 41.740 43.230 1.650
endloop
endfacet
facet normal 0 0 0
outer loop
vertex 41.740 44.230 1.600
vertex 41.740 43.230 1.650
vertex 41.740 43.230 1.600
endloop
endfacet
facet normal 0 0 0
outer loop
vertex 44.280 45.770 1.600
vertex 45.280 45.770 1.600
vertex 45.280 46.770 1.600
endloop
endfacet
facet normal 0 0 0
outer loop
vertex 44.280 45.770 1.600
vertex 45.280 46.770 1.600
vertex 44.280 46.770 1.600
endloop
endfacet
facet normal 0 0 0
outer loop
vertex 44.280 45.770 1.650
vertex 45.280 46.770 1.650
vertex 45.280 45.770 1.650
endloop
endfacet
facet normal 0 0 0
outer loop
vertex 44.280 45.770 1.650
vertex 45.280 45.770 1.650
vertex 44.280 45.770 1.650
endloop
endfacet
facet normal 0 0 0
outer loop
vertex 44.280 45.770 1.600
vertex 44.280 45.770 1.650
vertex 45.280 45.770 1.650
endloop
endfacet
facet normal 0 0 0
outer loop
vertex 44.280 45.770 1.600
vertex 45.280 45.770 1.650
vertex 45.280 45.770 1.600
endloop
endfacet
facet normal 0 0 0
outer loop
vertex 45.280 45.770 1.600
vertex 45.280 45.770 1.650
vertex 45.280 46.770 1.650
endloop
endfacet
facet normal 0 0 0
outer loop
vertex 45.280 45.770 1.600
vertex 45.280 46.770 1.650
vertex 45.280 46.770 1.600
endloop
endfacet
facet normal 0 0 0
outer loop
vertex 45.280 46.770 1.600
vertex 45.280 46.770 1.650
vertex 44.280 46.770 1.650
endloop
endfacet
facet normal 0 0 0
outer loop
vertex 45.280 46.770 1.600
vertex 44.280 46.770 1.650
vertex 44.280 46.770 1.600
endloop
endfacet
facet normal 0 0 0
outer loop
vertex 44.280 46.770 1.600
vertex 44.280 46.770 1.650
vertex 44.280 45.770 1.650
endloop
endfacet
facet normal 0 0 0
outer loop
vertex 44.280 46.770 1.600
vertex 44.280 45.770 1.650
vertex 44.280 45.770 1.600
endloop
endfacet
facet normal 0 0 0
outer loop
vertex 44.280 43.230 1.600
vertex 45.280 43.230 1.600
vertex 45.280 44.230 1.600
endloop
endfacet
facet normal 0 0 0
outer loop
vertex 44.280 43.230 1.600
vertex 45.280 44.230 1.600
vertex 44.280 44.230 1.600
endloop
endfacet
facet normal 0 0 0
outer loop
vertex 44.280 43.230 1.650
vertex 45.280 44.230 1.650
vertex 45.280 43.230 1.650
endloop
endfacet
facet normal 0 0 0
outer loop
vertex 44.280 43.230 1.650
vertex 45.280 43.230 1.650
vertex 44.280 43.230 1.650
endloop
endfacet
facet normal 0 0 0
outer loop
vertex 44.280 43.230 1.600
vertex 44.280 43.230 1.650
vertex 45.280 43.230 1.650
endloop
endfacet
facet normal 0 0 0
outer loop
vertex 44.280 43.230 1.600
vertex 45.280 43.230 1.650
vertex 45.280 43.230 1.600
endloop
endfacet
facet normal 0 0 0
outer loop
vertex 45.280 43.230 1.600
vertex 45.280 43.230 1.650
vertex 45.280 44.230 1.650
endloop
endfacet
facet normal 0 0 0
outer loop
vertex 45.280 43.230 1.600
vertex 45.280 44.230 1.650
vertex 45.280 44.230 1.600
endloop
endfacet
facet normal 0 0 0
outer loop
vertex 45.280 44.230 1.600
vertex 45.280 44.230 1.650
vertex 44.280 44.230 1.650
endloop
endfacet
facet normal 0 0 0
outer loop
vertex 45.280 44.230 1.600
vertex 44.280 44.230 1.650
vertex 44.280 44.230 1.600
endloop
endfacet
facet normal 0 0 0
outer loop
vertex 44.280 44.230 1.600
vertex 44.280 44.230 1.650
vertex 44.280 43.230 1.650
endloop
endfacet
facet normal 0 0 0
outer loop
vertex 44.280 44.230 1.600
vertex 44.280 43.230 1.650
vertex 44.280 43.230 1.600
endloop
endfacet
facet normal 0 0 0
outer loop
vertex 46.820 45.770 1.600
vertex 47.820 45.770 1.600
vertex 47.820 46.770 1.600
endloop
endfacet
facet normal 0 0 0
outer loop
vertex 46.820 45.770 1.600
vertex 47.820 46.770 1.600
vertex 46.820 46.770 1.600
endloop
endfacet
facet normal 0 0 0
outer loop
vertex 46.820 45.770 1.650
vertex 47.820 46.770 1.650
vertex 47.820 45.770 1.650
endloop
endfacet
facet normal 0 0 0
outer loop
vertex 46.820 45.770 1.650
vertex 47.820 45.770 1.650
vertex 46.820 45.770 1.650
endloop
endfacet
facet normal 0 0 0
outer loop
vertex 46.820 45.770 1.600
vertex 46.820 45.770 1.650
vertex 47.820 45.770 1.650
endloop
endfacet
facet normal 0 0 0
outer loop
vertex 46.820 45.770 1.600
vertex 47.820 45.770 1.650
vertex 47.820 45.770 1.600
endloop
endfacet
facet normal 0 0 0
outer loop
vertex 47.820 45.770 1.600
vertex 47.820 45.770 1.650
vertex 47.820 46.770 1.650
endloop
endfacet
facet normal 0 0 0
outer loop
vertex 47.820 45.770 1.600
vertex 47.820 46.770 1.650
vertex 47.820 46.770 1.600
endloop
endfacet
facet normal 0 0 0
outer loop
vertex 47.820 46.770 1.600
vertex 47.820 46.770 1.650
vertex 46.820 46.770 1.650
endloop
endfacet
facet normal 0 0 0
outer loop
vertex 47.820 46.770 1.600
vertex 46.820 46.770 1.650
vertex 46.820 46.770 1.600
endloop
endfacet
facet normal 0 0 0
outer loop
vertex 46.820 46.770 1.600
vertex 46.820 46.770 1.650
vertex 46.820 45.770 1.650
endloop
endfacet
facet normal 0 0 0
outer loop
vertex 46.820 46.770 1.600
vertex 46.820 45.770 1.650
vertex 46.820 45.770 1.600
endloop
endfacet
facet normal 0 0 0
outer loop
vertex 46.820 43.230 1.600
vertex 47.820 43.230 1.600
vertex 47.820 44.230 1.600
endloop
endfacet
facet normal 0 0 0
outer loop
vertex 46.820 43.230 1.600
vertex 47.820 44.230 1.600
vertex 46.820 44.230 1.600
endloop
endfacet
facet normal 0 0 0
outer loop
vertex 46.820 43.230 1.650
vertex 47.820 44.230 1.650
vertex 47.820 43.230 1.650
endloop
endfacet
facet normal 0 0 0
outer loop
vertex 46.820 43.230 1.650
vertex 47.820 43.230 1.650
vertex 46.820 43.230 1.650
endloop
endfacet
facet normal 0 0 0
outer loop
vertex 46.820 43.230 1.600
vertex 46.820 43.230 1.650
vertex 47.820 43.230 1.650
endloop
endfacet
facet normal 0 0 0
outer loop
vertex 46.820 43.230 1.600
vertex 47.820 43.230 1.650
vertex 47.820 43.230 1.600
endloop
endfacet
facet normal 0 0 0
outer loop
vertex 47.820 43.230 1.600
vertex 47.820 43.230 1.650
vertex 47.820 44.230 1.650
endloop
endfacet
facet normal 0 0 0
outer loop
vertex 47.820 43.230 1.600
vertex 47.820 44.230 1.650
vertex 47.820 44.230 1.600
endloop
endfacet
facet normal 0 0 0
outer loop
vertex 47.820 44.230 1.600
vertex 47.820 44.230 1.650
vertex 46.820 44.230 1.650
endloop
endfacet
facet normal 0 0 0
outer loop
vertex 47.820 44.230 1.600
vertex 46.820 44.230 1.650
vertex 46.820 44.230 1.600
endloop
endfacet
facet normal 0 0 0
outer loop
vertex 46.820 44.230 1.600
vertex 46.820 44.230 1.650
vertex 46.820 43.230 1.650
endloop
endfacet
facet normal 0 0 0
outer loop
vertex 46.820 44.230 1.600
vertex 46.820 43.230 1.650
vertex 46.820 43.230 1.600
endloop
endfacet
facet normal 0 0 0
outer loop
vertex 49.360 45.770 1.600
vertex 50.360 45.770 1.600
vertex 50.360 46.770 1.600
endloop
endfacet
facet normal 0 0 0
outer loop
vertex 49.360 45.770 1.600
vertex 50.360 46.770 1.600
vertex 49.360 46.770 1.600
endloop
endfacet
facet normal 0 0 0
outer loop
vertex 49.360 45.770 1.650
vertex 50.360 46.770 1.650
vertex 50.360 45.770 1.650
endloop
endfacet
facet normal 0 0 0
outer loop
vertex 49.360 45.770 1.650
vertex 50.360 45.770 1.650
vertex 49.360 45.770 1.650
endloop
endfacet
facet normal 0 0 0
outer loop
vertex 49.360 45.770 1.600
vertex 49.360 45.770 1.650
vertex 50.360 45.770 1.650
endloop
endfacet
facet normal 0 0 0
outer loop
vertex 49.360 45.770 1.600
vertex 50.360 45.770 1.650
vertex 50.360 45.770 1.600
endloop
endfacet
facet normal 0 0 0
outer loop
vertex 50.360 45.770 1.600
vertex 50.360 45.770 1.650
vertex 50.360 46.770 1.650
endloop
endfacet
facet normal 0 0 0
outer loop
vertex 50.360 45.770 1.600
vertex 50.360 46.770 1.650
vertex 50.360 46.770 1.600
endloop
endfacet
facet normal 0 0 0
outer loop
vertex 50.360 46.770 1.600
vertex 50.360 46.770 1.650
vertex 49.360 46.770 1.650
endloop
endfacet
facet normal 0 0 0
outer loop
vertex 50.360 46.770 1.600
vertex 49.360 46.770 1.650
vertex 49.360 46.770 1.600
endloop
endfacet
facet normal 0 0 0
outer loop
vertex 49.360 46.770 1.600
vertex 49.360 46.770 1.650
vertex 49.360 45.770 1.650
endloop
endfacet
facet normal 0 0 0
outer loop
vertex 49.360 46.770 1.600
vertex 49.360 45.770 1.650
vertex 49.360 45.770 1.600
endloop
endfacet
facet normal 0 0 0
outer loop
vertex 49.360 43.230 1.600
vertex 50.360 43.230 1.600
vertex 50.360 44.230 1.600
endloop
endfacet
facet normal 0 0 0
outer loop
vertex 49.360 43.230 1.600
vertex 50.360 44.230 1.600
vertex 49.360 44.230 1.600
endloop
endfacet
facet normal 0 0 0
outer loop
vertex 49.360 43.230 1.650
vertex 50.360 44.230 1.650
vertex 50.360 43.230 1.650
endloop
endfacet
facet normal 0 0 0
outer loop
vertex 49.360 43.230 1.650
vertex 50.360 43.230 1.650
vertex 49.360 43.230 1.650
endloop
endfacet
facet normal 0 0 0
outer loop
vertex 49.360 43.230 1.600
vertex 49.360 43.230 1.650
vertex 50.360 43.230 1.650
endloop
endfacet
facet normal 0 0 0
outer loop
vertex 49.360 43.230 1.600
vertex 50.360 43.230 1.650
vertex 50.360 43.230 1.600
endloop
endfacet
facet normal 0 0 0
outer loop
vertex 50.360 43.230 1.600
vertex 50.360 43.230 1.650
vertex 50.360 44.230 1.650
endloop
endfacet
facet normal 0 0 0
outer loop
vertex 50.360 43.230 1.600
vertex 50.360 44.230 1.650
vertex 50.360 44.230 1.600
endloop
endfacet
facet normal 0 0 0
outer loop
vertex 50.360 44.230 1.600
vertex 50.360 44.230 1.650
vertex 49.360 44.230 1.650
endloop
endfacet
facet normal 0 0 0
outer loop
vertex 50.360 44.230 1.600
vertex 49.360 44.230 1.650
vertex 49.360 44.230 1.600
endloop
endfacet
facet normal 0 0 0
outer loop
vertex 49.360 44.230 1.600
vertex 49.360 44.230 1.650
vertex 49.360 43.230 1.650
endloop
endfacet
facet normal 0 0 0
outer loop
vertex 49.360 44.230 1.600
vertex 49.360 43.230 1.650
vertex 49.360 43.230 1.600
endloop
endfacet
facet normal 0 0 0
outer loop
vertex 51.900 45.770 1.600
vertex 52.900 45.770 1.600
vertex 52.900 46.770 1.600
endloop
endfacet
facet normal 0 0 0
outer loop
vertex 51.900 45.770 1.600
vertex 52.900 46.770 1.600
vertex 51.900 46.770 1.600
endloop
endfacet
facet normal 0 0 0
outer loop
vertex 51.900 45.770 1.650
vertex 52.900 46.770 1.650
vertex 52.900 45.770 1.650
endloop
endfacet
facet normal 0 0 0
outer loop
vertex 51.900 45.770 1.650
vertex 52.900 45.770 1.650
vertex 51.900 45.770 1.650
endloop
endfacet
facet normal 0 0 0
outer loop
vertex 51.900 45.770 1.600
vertex 51.900 45.770 1.650
vertex 52.900 45.770 1.650
endloop
endfacet
facet normal 0 0 0
outer loop
vertex 51.900 45.770 1.600
vertex 52.900 45.770 1.650
vertex 52.900 45.770 1.600
endloop
endfacet
facet normal 0 0 0
outer loop
vertex 52.900 45.770 1.600
vertex 52.900 45.770 1.650
vertex 52.900 46.770 1.650
endloop
endfacet
facet normal 0 0 0
outer loop
vertex 52.900 45.770 1.600
vertex 52.900 46.770 1.650
vertex 52.900 46.770 1.600
endloop
endfacet
facet normal 0 0 0
outer loop
vertex 52.900 46.770 1.600
vertex 52.900 46.770 1.650
vertex 51.900 46.770 1.650
endloop
endfacet
facet normal 0 0 0
outer loop
vertex 52.900 46.770 1.600
vertex 51.900 46.770 1.650
vertex 51.900 46.770 1.600
endloop
endfacet
facet normal 0 0 0
outer loop
vertex 51.900 46.770 1.600
vertex 51.900 46.770 1.650
vertex 51.900 45.770 1.650
endloop
endfacet
facet normal 0 0 0
outer loop
vertex 51.900 46.770 1.600
vertex 51.900 45.770 1.650
vertex 51.900 45.770 1.600
endloop
endfacet
facet normal 0 0 0
outer loop
vertex 51.900 43.230 1.600
vertex 52.900 43.230 1.600
vertex 52.900 44.230 1.600
endloop
endfacet
facet normal 0 0 0
outer loop
vertex 51.900 43.230 1.600
vertex 52.900 44.230 1.600
vertex 51.900 44.230 1.600
endloop
endfacet
facet normal 0 0 0
outer loop
vertex 51.900 43.230 1.650
vertex 52.900 44.230 1.650
vertex 52.900 43.230 1.650
endloop
endfacet
facet normal 0 0 0
outer loop
vertex 51.900 43.230 1.650
vertex 52.900 43.230 1.650
vertex 51.900 43.230 1.650
endloop
endfacet
facet normal 0 0 0
outer loop
vertex 51.900 43.230 1.600
vertex 51.900 43.230 1.650
vertex 52.900 43.230 1.650
endloop
endfacet
facet normal 0 0 0
outer loop
vertex 51.900 43.230 1.600
vertex 52.900 43.230 1.650
vertex 52.900 43.230 1.600
endloop
endfacet
facet normal 0 0 0
outer loop
vertex 52.900 43.230 1.600
vertex 52.900 43.230 1.650
vertex 52.900 44.230 1.650
endloop
endfacet
facet normal 0 0 0
outer loop
vertex 52.900 43.230 1.600
vertex 52.900 44.230 1.650
vertex 52.900 44.230 1.600
endloop
endfacet
facet normal 0 0 0
outer loop
vertex 52.900 44.230 1.600
vertex 52.900 44.230 1.650
vertex 51.900 44.230 1.650
endloop
endfacet
facet normal 0 0 0
outer loop
vertex 52.900 44.230 1.600
vertex 51.900 44.230 1.650
vertex 51.900 44.230 1.600
endloop
endfacet
facet normal 0 0 0
outer loop
vertex 51.900 44.230 1.600
vertex 51.900 44.230 1.650
vertex 51.900 43.230 1.650
endloop
endfacet
facet normal 0 0 0
outer loop
vertex 51.900 44.230 1.600
vertex 51.900 43.230 1.650
vertex 51.900 43.230 1.600
endloop
endfacet
facet normal 0 0 0
outer loop
vertex 54.440 45.770 1.600
vertex 55.440 45.770 1.600
vertex 55.440 46.770 1.600
endloop
endfacet
facet normal 0 0 0
outer loop
vertex 54.440 45.770 1.600
vertex 55.440 46.770 1.600
vertex 54.440 46.770 1.600
endloop
endfacet
facet normal 0 0 0
outer loop
vertex 54.440 45.770 1.650
vertex 55.440 46.770 1.650
vertex 55.440 45.770 1.650
endloop
endfacet
facet normal 0 0 0
outer loop
vertex 54.440 45.770 1.650
vertex 55.440 45.770 1.650
vertex 54.440 45.770 1.650
endloop
endfacet
facet normal 0 0 0
outer loop
vertex 54.440 45.770 1.600
vertex 54.440 45.770 1.650
vertex 55.440 45.770 1.650
endloop
endfacet
facet normal 0 0 0
outer loop
vertex 54.440 45.770 1.600
vertex 55.440 45.770 1.650
vertex 55.440 45.770 1.600
endloop
endfacet
facet normal 0 0 0
outer loop
vertex 55.440 45.770 1.600
vertex 55.440 45.770 1.650
vertex 55.440 46.770 1.650
endloop
endfacet
facet normal 0 0 0
outer loop
vertex 55.440 45.770 1.600
vertex 55.440 46.770 1.650
vertex 55.440 46.770 1.600
endloop
endfacet
facet normal 0 0 0
outer loop
vertex 55.440 46.770 1.600
vertex 55.440 46.770 1.650
vertex 54.440 46.770 1.650
endloop
endfacet
facet normal 0 0 0
outer loop
vertex 55.440 46.770 1.600
vertex 54.440 46.770 1.650
vertex 54.440 46.770 1.600
endloop
endfacet
facet normal 0 0 0
outer loop
vertex 54.440 46.770 1.600
vertex 54.440 46.770 1.650
vertex 54.440 45.770 1.650
endloop
endfacet
facet normal 0 0 0
outer loop
vertex 54.440 46.770 1.600
vertex 54.440 45.770 1.650
vertex 54.440 45.770 1.600
endloop
endfacet
facet normal 0 0 0
outer loop
vertex 54.440 43.230 1.600
vertex 55.440 43.230 1.600
vertex 55.440 44.230 1.600
endloop
endfacet
facet normal 0 0 0
outer loop
vertex 54.440 43.230 1.600
vertex 55.440 44.230 1.600
vertex 54.440 44.230 1.600
endloop
endfacet
facet normal 0 0 0
outer loop
vertex 54.440 43.230 1.650
vertex 55.440 44.230 1.650
vertex 55.440 43.230 1.650
endloop
endfacet
facet normal 0 0 0
outer loop
vertex 54.440 43.230 1.650
vertex 55.440 43.230 1.650
vertex 54.440 43.230 1.650
endloop
endfacet
facet normal 0 0 0
outer loop
vertex 54.440 43.230 1.600
vertex 54.440 43.230 1.650
vertex 55.440 43.230 1.650
endloop
endfacet
facet normal 0 0 0
outer loop
vertex 54.440 43.230 1.600
vertex 55.440 43.230 1.650
vertex 55.440 43.230 1.600
endloop
endfacet
facet normal 0 0 0
outer loop
vertex 55.440 43.230 1.600
vertex 55.440 43.230 1.650
vertex 55.440 44.230 1.650
endloop
endfacet
facet normal 0 0 0
outer loop
vertex 55.440 43.230 1.600
vertex 55.440 44.230 1.650
vertex 55.440 44.230 1.600
endloop
endfacet
facet normal 0 0 0
outer loop
vertex 55.440 44.230 1.600
vertex 55.440 44.230 1.650
vertex 54.440 44.230 1.650
endloop
endfacet
facet normal 0 0 0
outer loop
vertex 55.440 44.230 1.600
vertex 54.440 44.230 1.650
vertex 54.440 44.230 1.600
endloop
endfacet
facet normal 0 0 0
outer loop
vertex 54.440 44.230 1.600
vertex 54.440 44.230 1.650
vertex 54.440 43.230 1.650
endloop
endfacet
facet normal 0 0 0
outer loop
vertex 54.440 44.230 1.600
vertex 54.440 43.230 1.650
vertex 54.440 43.230 1.600
endloop
endfacet
facet normal 0 0 0
outer loop
vertex 56.980 45.770 1.600
vertex 57.980 45.770 1.600
vertex 57.980 46.770 1.600
endloop
endfacet
facet normal 0 0 0
outer loop
vertex 56.980 45.770 1.600
vertex 57.980 46.770 1.600
vertex 56.980 46.770 1.600
endloop
endfacet
facet normal 0 0 0
outer loop
vertex 56.980 45.770 1.650
vertex 57.980 46.770 1.650
vertex 57.980 45.770 1.650
endloop
endfacet
facet normal 0 0 0
outer loop
vertex 56.980 45.770 1.650
vertex 57.980 45.770 1.650
vertex 56.980 45.770 1.650
endloop
endfacet
facet normal 0 0 0
outer loop
vertex 56.980 45.770 1.600
vertex 56.980 45.770 1.650
vertex 57.980 45.770 1.650
endloop
endfacet
facet normal 0 0 0
outer loop
vertex 56.980 45.770 1.600
vertex 57.980 45.770 1.650
vertex 57.980 45.770 1.600
endloop
endfacet
facet normal 0 0 0
outer loop
vertex 57.980 45.770 1.600
vertex 57.980 45.770 1.650
vertex 57.980 46.770 1.650
endloop
endfacet
facet normal 0 0 0
outer loop
vertex 57.980 45.770 1.600
vertex 57.980 46.770 1.650
vertex 57.980 46.770 1.600
endloop
endfacet
facet normal 0 0 0
outer loop
vertex 57.980 46.770 1.600
vertex 57.980 46.770 1.650
vertex 56.980 46.770 1.650
endloop
endfacet
facet normal 0 0 0
outer loop
vertex 57.980 46.770 1.600
vertex 56.980 46.770 1.650
vertex 56.980 46.770 1.600
endloop
endfacet
facet normal 0 0 0
outer loop
vertex 56.980 46.770 1.600
vertex 56.980 46.770 1.650
vertex 56.980 45.770 1.650
endloop
endfacet
facet normal 0 0 0
outer loop
vertex 56.980 46.770 1.600
vertex 56.980 45.770 1.650
vertex 56.980 45.770 1.600
endloop
endfacet
facet normal 0 0 0
outer loop
vertex 56.980 43.230 1.600
vertex 57.980 43.230 1.600
vertex 57.980 44.230 1.600
endloop
endfacet
facet normal 0 0 0
outer loop
vertex 56.980 43.230 1.600
vertex 57.980 44.230 1.600
vertex 56.980 44.230 1.600
endloop
endfacet
facet normal 0 0 0
outer loop
vertex 56.980 43.230 1.650
vertex 57.980 44.230 1.650
vertex 57.980 43.230 1.650
endloop
endfacet
facet normal 0 0 0
outer loop
vertex 56.980 43.230 1.650
vertex 57.980 43.230 1.650
vertex 56.980 43.230 1.650
endloop
endfacet
facet normal 0 0 0
outer loop
vertex 56.980 43.230 1.600
vertex 56.980 43.230 1.650
vertex 57.980 43.230 1.650
endloop
endfacet
facet normal 0 0 0
outer loop
vertex 56.980 43.230 1.600
vertex 57.980 43.230 1.650
vertex 57.980 43.230 1.600
endloop
endfacet
facet normal 0 0 0
outer loop
vertex 57.980 43.230 1.600
vertex 57.980 43.230 1.650
vertex 57.980 44.230 1.650
endloop
endfacet
facet normal 0 0 0
outer loop
vertex 57.980 43.230 1.600
vertex 57.980 44.230 1.650
vertex 57.980 44.230 1.600
endloop
endfacet
facet normal 0 0 0
outer loop
vertex 57.980 44.230 1.600
vertex 57.980 44.230 1.650
vertex 56.980 44.230 1.650
endloop
endfacet
facet normal 0 0 0
outer loop
vertex 57.980 44.230 1.600
vertex 56.980 44.230 1.650
vertex 56.980 44.230 1.600
endloop
endfacet
facet normal 0 0 0
outer loop
vertex 56.980 44.230 1.600
vertex 56.980 44.230 1.650
vertex 56.980 43.230 1.650
endloop
endfacet
facet normal 0 0 0
outer loop
vertex 56.980 44.230 1.600
vertex 56.980 43.230 1.650
vertex 56.980 43.230 1.600
endloop
endfacet
facet normal 0 0 0
outer loop
vertex 59.520 45.770 1.600
vertex 60.520 45.770 1.600
vertex 60.520 46.770 1.600
endloop
endfacet
facet normal 0 0 0
outer loop
vertex 59.520 45.770 1.600
vertex 60.520 46.770 1.600
vertex 59.520 46.770 1.600
endloop
endfacet
facet normal 0 0 0
outer loop
vertex 59.520 45.770 1.650
vertex 60.520 46.770 1.650
vertex 60.520 45.770 1.650
endloop
endfacet
facet normal 0 0 0
outer loop
vertex 59.520 45.770 1.650
vertex 60.520 45.770 1.650
vertex 59.520 45.770 1.650
endloop
endfacet
facet normal 0 0 0
outer loop
vertex 59.520 45.770 1.600
vertex 59.520 45.770 1.650
vertex 60.520 45.770 1.650
endloop
endfacet
facet normal 0 0 0
outer loop
vertex 59.520 45.770 1.600
vertex 60.520 45.770 1.650
vertex 60.520 45.770 1.600
endloop
endfacet
facet normal 0 0 0
outer loop
vertex 60.520 45.770 1.600
vertex 60.520 45.770 1.650
vertex 60.520 46.770 1.650
endloop
endfacet
facet normal 0 0 0
outer loop
vertex 60.520 45.770 1.600
vertex 60.520 46.770 1.650
vertex 60.520 46.770 1.600
endloop
endfacet
facet normal 0 0 0
outer loop
vertex 60.520 46.770 1.600
vertex 60.520 46.770 1.650
vertex 59.520 46.770 1.650
endloop
endfacet
facet normal 0 0 0
outer loop
vertex 60.520 46.770 1.600
vertex 59.520 46.770 1.650
vertex 59.520 46.770 1.600
endloop
endfacet
facet normal 0 0 0
outer loop
vertex 59.520 46.770 1.600
vertex 59.520 46.770 1.650
vertex 59.520 45.770 1.650
endloop
endfacet
facet normal 0 0 0
outer loop
vertex 59.520 46.770 1.600
vertex 59.520 45.770 1.650
vertex 59.520 45.770 1.600
endloop
endfacet
facet normal 0 0 0
outer loop
vertex 59.520 43.230 1.600
vertex 60.520 43.230 1.600
vertex 60.520 44.230 1.600
endloop
endfacet
facet normal 0 0 0
outer loop
vertex 59.520 43.230 1.600
vertex 60.520 44.230 1.600
vertex 59.520 44.230 1.600
endloop
endfacet
facet normal 0 0 0
outer loop
vertex 59.520 43.230 1.650
vertex 60.520 44.230 1.650
vertex 60.520 43.230 1.650
endloop
endfacet
facet normal 0 0 0
outer loop
vertex 59.520 43.230 1.650
vertex 60.520 43.230 1.650
vertex 59.520 43.230 1.650
endloop
endfacet
facet normal 0 0 0
outer loop
vertex 59.520 43.230 1.600
vertex 59.520 43.230 1.650
vertex 60.520 43.230 1.650
endloop
endfacet
facet normal 0 0 0
outer loop
vertex 59.520 43.230 1.600
vertex 60.520 43.230 1.650
vertex 60.520 43.230 1.600
endloop
endfacet
facet normal 0 0 0
outer loop
vertex 60.520 43.230 1.600
vertex 60.520 43.230 1.650
vertex 60.520 44.230 1.650
endloop
endfacet
facet normal 0 0 0
outer loop
vertex 60.520 43.230 1.600
vertex 60.520 44.230 1.650
vertex 60.520 44.230 1.600
endloop
endfacet
facet normal 0 0 0
outer loop
vertex 60.520 44.230 1.600
vertex 60.520 44.230 1.650
vertex 59.520 44.230 1.650
endloop
endfacet
facet normal 0 0 0
outer loop
vertex 60.520 44.230 1.600
vertex 59.520 44.230 1.650
vertex 59.520 44.230 1.600
endloop
endfacet
facet normal 0 0 0
outer loop
vertex 59.520 44.230 1.600
vertex 59.520 44.230 1.650
vertex 59.520 43.230 1.650
endloop
endfacet
facet normal 0 0 0
outer loop
vertex 59.520 44.230 1.600
vertex 59.520 43.230 1.650
vertex 59.520 43.230 1.600
endloop
endfacet
facet normal 0 0 0
outer loop
vertex 62.060 45.770 1.600
vertex 63.060 45.770 1.600
vertex 63.060 46.770 1.600
endloop
endfacet
facet normal 0 0 0
outer loop
vertex 62.060 45.770 1.600
vertex 63.060 46.770 1.600
vertex 62.060 46.770 1.600
endloop
endfacet
facet normal 0 0 0
outer loop
vertex 62.060 45.770 1.650
vertex 63.060 46.770 1.650
vertex 63.060 45.770 1.650
endloop
endfacet
facet normal 0 0 0
outer loop
vertex 62.060 45.770 1.650
vertex 63.060 45.770 1.650
vertex 62.060 45.770 1.650
endloop
endfacet
facet normal 0 0 0
outer loop
vertex 62.060 45.770 1.600
vertex 62.060 45.770 1.650
vertex 63.060 45.770 1.650
endloop
endfacet
facet normal 0 0 0
outer loop
vertex 62.060 45.770 1.600
vertex 63.060 45.770 1.650
vertex 63.060 45.770 1.600
endloop
endfacet
facet normal 0 0 0
outer loop
vertex 63.060 45.770 1.600
vertex 63.060 45.770 1.650
vertex 63.060 46.770 1.650
endloop
endfacet
facet normal 0 0 0
outer loop
vertex 63.060 45.770 1.600
vertex 63.060 46.770 1.650
vertex 63.060 46.770 1.600
endloop
endfacet
facet normal 0 0 0
outer loop
vertex 63.060 46.770 1.600
vertex 63.060 46.770 1.650
vertex 62.060 46.770 1.650
endloop
endfacet
facet normal 0 0 0
outer loop
vertex 63.060 46.770 1.600
vertex 62.060 46.770 1.650
vertex 62.060 46.770 1.600
endloop
endfacet
facet normal 0 0 0
outer loop
vertex 62.060 46.770 1.600
vertex 62.060 46.770 1.650
vertex 62.060 45.770 1.650
endloop
endfacet
facet normal 0 0 0
outer loop
vertex 62.060 46.770 1.600
vertex 62.060 45.770 1.650
vertex 62.060 45.770 1.600
endloop
endfacet
facet normal 0 0 0
outer loop
vertex 62.060 43.230 1.600
vertex 63.060 43.230 1.600
vertex 63.060 44.230 1.600
endloop
endfacet
facet normal 0 0 0
outer loop
vertex 62.060 43.230 1.600
vertex 63.060 44.230 1.600
vertex 62.060 44.230 1.600
endloop
endfacet
facet normal 0 0 0
outer loop
vertex 62.060 43.230 1.650
vertex 63.060 44.230 1.650
vertex 63.060 43.230 1.650
endloop
endfacet
facet normal 0 0 0
outer loop
vertex 62.060 43.230 1.650
vertex 63.060 43.230 1.650
vertex 62.060 43.230 1.650
endloop
endfacet
facet normal 0 0 0
outer loop
vertex 62.060 43.230 1.600
vertex 62.060 43.230 1.650
vertex 63.060 43.230 1.650
endloop
endfacet
facet normal 0 0 0
outer loop
vertex 62.060 43.230 1.600
vertex 63.060 43.230 1.650
vertex 63.060 43.230 1.600
endloop
endfacet
facet normal 0 0 0
outer loop
vertex 63.060 43.230 1.600
vertex 63.060 43.230 1.650
vertex 63.060 44.230 1.650
endloop
endfacet
facet normal 0 0 0
outer loop
vertex 63.060 43.230 1.600
vertex 63.060 44.230 1.650
vertex 63.060 44.230 1.600
endloop
endfacet
facet normal 0 0 0
outer loop
vertex 63.060 44.230 1.600
vertex 63.060 44.230 1.650
vertex 62.060 44.230 1.650
endloop
endfacet
facet normal 0 0 0
outer loop
vertex 63.060 44.230 1.600
vertex 62.060 44.230 1.650
vertex 62.060 44.230 1.600
endloop
endfacet
facet normal 0 0 0
outer loop
vertex 62.060 44.230 1.600
vertex 62.060 44.230 1.650
vertex 62.060 43.230 1.650
endloop
endfacet
facet normal 0 0 0
outer loop
vertex 62.060 44.230 1.600
vertex 62.060 43.230 1.650
vertex 62.060 43.230 1.600
endloop
endfacet
facet normal 0 0 0
outer loop
vertex 64.600 45.770 1.600
vertex 65.600 45.770 1.600
vertex 65.600 46.770 1.600
endloop
endfacet
facet normal 0 0 0
outer loop
vertex 64.600 45.770 1.600
vertex 65.600 46.770 1.600
vertex 64.600 46.770 1.600
endloop
endfacet
facet normal 0 0 0
outer loop
vertex 64.600 45.770 1.650
vertex 65.600 46.770 1.650
vertex 65.600 45.770 1.650
endloop
endfacet
facet normal 0 0 0
outer loop
vertex 64.600 45.770 1.650
vertex 65.600 45.770 1.650
vertex 64.600 45.770 1.650
endloop
endfacet
facet normal 0 0 0
outer loop
vertex 64.600 45.770 1.600
vertex 64.600 45.770 1.650
vertex 65.600 45.770 1.650
endloop
endfacet
facet normal 0 0 0
outer loop
vertex 64.600 45.770 1.600
vertex 65.600 45.770 1.650
vertex 65.600 45.770 1.600
endloop
endfacet
facet normal 0 0 0
outer loop
vertex 65.600 45.770 1.600
vertex 65.600 45.770 1.650
vertex 65.600 46.770 1.650
endloop
endfacet
facet normal 0 0 0
outer loop
vertex 65.600 45.770 1.600
vertex 65.600 46.770 1.650
vertex 65.600 46.770 1.600
endloop
endfacet
facet normal 0 0 0
outer loop
vertex 65.600 46.770 1.600
vertex 65.600 46.770 1.650
vertex 64.600 46.770 1.650
endloop
endfacet
facet normal 0 0 0
outer loop
vertex 65.600 46.770 1.600
vertex 64.600 46.770 1.650
vertex 64.600 46.770 1.600
endloop
endfacet
facet normal 0 0 0
outer loop
vertex 64.600 46.770 1.600
vertex 64.600 46.770 1.650
vertex 64.600 45.770 1.650
endloop
endfacet
facet normal 0 0 0
outer loop
vertex 64.600 46.770 1.600
vertex 64.600 45.770 1.650
vertex 64.600 45.770 1.600
endloop
endfacet
facet normal 0 0 0
outer loop
vertex 64.600 43.230 1.600
vertex 65.600 43.230 1.600
vertex 65.600 44.230 1.600
endloop
endfacet
facet normal 0 0 0
outer loop
vertex 64.600 43.230 1.600
vertex 65.600 44.230 1.600
vertex 64.600 44.230 1.600
endloop
endfacet
facet normal 0 0 0
outer loop
vertex 64.600 43.230 1.650
vertex 65.600 44.230 1.650
vertex 65.600 43.230 1.650
endloop
endfacet
facet normal 0 0 0
outer loop
vertex 64.600 43.230 1.650
vertex 65.600 43.230 1.650
vertex 64.600 43.230 1.650
endloop
endfacet
facet normal 0 0 0
outer loop
vertex 64.600 43.230 1.600
vertex 64.600 43.230 1.650
vertex 65.600 43.230 1.650
endloop
endfacet
facet normal 0 0 0
outer loop
vertex 64.600 43.230 1.600
vertex 65.600 43.230 1.650
vertex 65.600 43.230 1.600
endloop
endfacet
facet normal 0 0 0
outer loop
vertex 65.600 43.230 1.600
vertex 65.600 43.230 1.650
vertex 65.600 44.230 1.650
endloop
endfacet
facet normal 0 0 0
outer loop
vertex 65.600 43.230 1.600
vertex 65.600 44.230 1.650
vertex 65.600 44.230 1.600
endloop
endfacet
facet normal 0 0 0
outer loop
vertex 65.600 44.230 1.600
vertex 65.600 44.230 1.650
vertex 64.600 44.230 1.650
endloop
endfacet
facet normal 0 0 0
outer loop
vertex 65.600 44.230 1.600
vertex 64.600 44.230 1.650
vertex 64.600 44.230 1.600
endloop
endfacet
facet normal 0 0 0
outer loop
vertex 64.600 44.230 1.600
vertex 64.600 44.230 1.650
vertex 64.600 43.230 1.650
endloop
endfacet
facet normal 0 0 0
outer loop
vertex 64.600 44.230 1.600
vertex 64.600 43.230 1.650
vertex 64.600 43.230 1.600
endloop
endfacet
facet normal 0 0 0
outer loop
vertex 67.140 45.770 1.600
vertex 68.140 45.770 1.600
vertex 68.140 46.770 1.600
endloop
endfacet
facet normal 0 0 0
outer loop
vertex 67.140 45.770 1.600
vertex 68.140 46.770 1.600
vertex 67.140 46.770 1.600
endloop
endfacet
facet normal 0 0 0
outer loop
vertex 67.140 45.770 1.650
vertex 68.140 46.770 1.650
vertex 68.140 45.770 1.650
endloop
endfacet
facet normal 0 0 0
outer loop
vertex 67.140 45.770 1.650
vertex 68.140 45.770 1.650
vertex 67.140 45.770 1.650
endloop
endfacet
facet normal 0 0 0
outer loop
vertex 67.140 45.770 1.600
vertex 67.140 45.770 1.650
vertex 68.140 45.770 1.650
endloop
endfacet
facet normal 0 0 0
outer loop
vertex 67.140 45.770 1.600
vertex 68.140 45.770 1.650
vertex 68.140 45.770 1.600
endloop
endfacet
facet normal 0 0 0
outer loop
vertex 68.140 45.770 1.600
vertex 68.140 45.770 1.650
vertex 68.140 46.770 1.650
endloop
endfacet
facet normal 0 0 0
outer loop
vertex 68.140 45.770 1.600
vertex 68.140 46.770 1.650
vertex 68.140 46.770 1.600
endloop
endfacet
facet normal 0 0 0
outer loop
vertex 68.140 46.770 1.600
vertex 68.140 46.770 1.650
vertex 67.140 46.770 1.650
endloop
endfacet
facet normal 0 0 0
outer loop
vertex 68.140 46.770 1.600
vertex 67.140 46.770 1.650
vertex 67.140 46.770 1.600
endloop
endfacet
facet normal 0 0 0
outer loop
vertex 67.140 46.770 1.600
vertex 67.140 46.770 1.650
vertex 67.140 45.770 1.650
endloop
endfacet
facet normal 0 0 0
outer loop
vertex 67.140 46.770 1.600
vertex 67.140 45.770 1.650
vertex 67.140 45.770 1.600
endloop
endfacet
facet normal 0 0 0
outer loop
vertex 67.140 43.230 1.600
vertex 68.140 43.230 1.600
vertex 68.140 44.230 1.600
endloop
endfacet
facet normal 0 0 0
outer loop
vertex 67.140 43.230 1.600
vertex 68.140 44.230 1.600
vertex 67.140 44.230 1.600
endloop
endfacet
facet normal 0 0 0
outer loop
vertex 67.140 43.230 1.650
vertex 68.140 44.230 1.650
vertex 68.140 43.230 1.650
endloop
endfacet
facet normal 0 0 0
outer loop
vertex 67.140 43.230 1.650
vertex 68.140 43.230 1.650
vertex 67.140 43.230 1.650
endloop
endfacet
facet normal 0 0 0
outer loop
vertex 67.140 43.230 1.600
vertex 67.140 43.230 1.650
vertex 68.140 43.230 1.650
endloop
endfacet
facet normal 0 0 0
outer loop
vertex 67.140 43.230 1.600
vertex 68.140 43.230 1.650
vertex 68.140 43.230 1.600
endloop
endfacet
facet normal 0 0 0
outer loop
vertex 68.140 43.230 1.600
vertex 68.140 43.230 1.650
vertex 68.140 44.230 1.650
endloop
endfacet
facet normal 0 0 0
outer loop
vertex 68.140 43.230 1.600
vertex 68.140 44.230 1.650
vertex 68.140 44.230 1.600
endloop
endfacet
facet normal 0 0 0
outer loop
vertex 68.140 44.230 1.600
vertex 68.140 44.230 1.650
vertex 67.140 44.230 1.650
endloop
endfacet
facet normal 0 0 0
outer loop
vertex 68.140 44.230 1.600
vertex 67.140 44.230 1.650
vertex 67.140 44.230 1.600
endloop
endfacet
facet normal 0 0 0
outer loop
vertex 67.140 44.230 1.600
vertex 67.140 44.230 1.650
vertex 67.140 43.230 1.650
endloop
endfacet
facet normal 0 0 0
outer loop
vertex 67.140 44.230 1.600
vertex 67.140 43.230 1.650
vertex 67.140 43.230 1.600
endloop
endfacet
facet normal 0 0 0
outer loop
vertex 69.680 45.770 1.600
vertex 70.680 45.770 1.600
vertex 70.680 46.770 1.600
endloop
endfacet
facet normal 0 0 0
outer loop
vertex 69.680 45.770 1.600
vertex 70.680 46.770 1.600
vertex 69.680 46.770 1.600
endloop
endfacet
facet normal 0 0 0
outer loop
vertex 69.680 45.770 1.650
vertex 70.680 46.770 1.650
vertex 70.680 45.770 1.650
endloop
endfacet
facet normal 0 0 0
outer loop
vertex 69.680 45.770 1.650
vertex 70.680 45.770 1.650
vertex 69.680 45.770 1.650
endloop
endfacet
facet normal 0 0 0
outer loop
vertex 69.680 45.770 1.600
vertex 69.680 45.770 1.650
vertex 70.680 45.770 1.650
endloop
endfacet
facet normal 0 0 0
outer loop
vertex 69.680 45.770 1.600
vertex 70.680 45.770 1.650
vertex 70.680 45.770 1.600
endloop
endfacet
facet normal 0 0 0
outer loop
vertex 70.680 45.770 1.600
vertex 70.680 45.770 1.650
vertex 70.680 46.770 1.650
endloop
endfacet
facet normal 0 0 0
outer loop
vertex 70.680 45.770 1.600
vertex 70.680 46.770 1.650
vertex 70.680 46.770 1.600
endloop
endfacet
facet normal 0 0 0
outer loop
vertex 70.680 46.770 1.600
vertex 70.680 46.770 1.650
vertex 69.680 46.770 1.650
endloop
endfacet
facet normal 0 0 0
outer loop
vertex 70.680 46.770 1.600
vertex 69.680 46.770 1.650
vertex 69.680 46.770 1.600
endloop
endfacet
facet normal 0 0 0
outer loop
vertex 69.680 46.770 1.600
vertex 69.680 46.770 1.650
vertex 69.680 45.770 1.650
endloop
endfacet
facet normal 0 0 0
outer loop
vertex 69.680 46.770 1.600
vertex 69.680 45.770 1.650
vertex 69.680 45.770 1.600
endloop
endfacet
facet normal 0 0 0
outer loop
vertex 69.680 43.230 1.600
vertex 70.680 43.230 1.600
vertex 70.680 44.230 1.600
endloop
endfacet
facet normal 0 0 0
outer loop
vertex 69.680 43.230 1.600
vertex 70.680 44.230 1.600
vertex 69.680 44.230 1.600
endloop
endfacet
facet normal 0 0 0
outer loop
vertex 69.680 43.230 1.650
vertex 70.680 44.230 1.650
vertex 70.680 43.230 1.650
endloop
endfacet
facet normal 0 0 0
outer loop
vertex 69.680 43.230 1.650
vertex 70.680 43.230 1.650
vertex 69.680 43.230 1.650
endloop
endfacet
facet normal 0 0 0
outer loop
vertex 69.680 43.230 1.600
vertex 69.680 43.230 1.650
vertex 70.680 43.230 1.650
endloop
endfacet
facet normal 0 0 0
outer loop
vertex 69.680 43.230 1.600
vertex 70.680 43.230 1.650
vertex 70.680 43.230 1.600
endloop
endfacet
facet normal 0 0 0
outer loop
vertex 70.680 43.230 1.600
vertex 70.680 43.230 1.650
vertex 70.680 44.230 1.650
endloop
endfacet
facet normal 0 0 0
outer loop
vertex 70.680 43.230 1.600
vertex 70.680 44.230 1.650
vertex 70.680 44.230 1.600
endloop
endfacet
facet normal 0 0 0
outer loop
vertex 70.680 44.230 1.600
vertex 70.680 44.230 1.650
vertex 69.680 44.230 1.650
endloop
endfacet
facet normal 0 0 0
outer loop
vertex 70.680 44.230 1.600
vertex 69.680 44.230 1.650
vertex 69.680 44.230 1.600
endloop
endfacet
facet normal 0 0 0
outer loop
vertex 69.680 44.230 1.600
vertex 69.680 44.230 1.650
vertex 69.680 43.230 1.650
endloop
endfacet
facet normal 0 0 0
outer loop
vertex 69.680 44.230 1.600
vertex 69.680 43.230 1.650
vertex 69.680 43.230 1.600
endloop
endfacet
facet normal 0 0 0
outer loop
vertex 72.220 45.770 1.600
vertex 73.220 45.770 1.600
vertex 73.220 46.770 1.600
endloop
endfacet
facet normal 0 0 0
outer loop
vertex 72.220 45.770 1.600
vertex 73.220 46.770 1.600
vertex 72.220 46.770 1.600
endloop
endfacet
facet normal 0 0 0
outer loop
vertex 72.220 45.770 1.650
vertex 73.220 46.770 1.650
vertex 73.220 45.770 1.650
endloop
endfacet
facet normal 0 0 0
outer loop
vertex 72.220 45.770 1.650
vertex 73.220 45.770 1.650
vertex 72.220 45.770 1.650
endloop
endfacet
facet normal 0 0 0
outer loop
vertex 72.220 45.770 1.600
vertex 72.220 45.770 1.650
vertex 73.220 45.770 1.650
endloop
endfacet
facet normal 0 0 0
outer loop
vertex 72.220 45.770 1.600
vertex 73.220 45.770 1.650
vertex 73.220 45.770 1.600
endloop
endfacet
facet normal 0 0 0
outer loop
vertex 73.220 45.770 1.600
vertex 73.220 45.770 1.650
vertex 73.220 46.770 1.650
endloop
endfacet
facet normal 0 0 0
outer loop
vertex 73.220 45.770 1.600
vertex 73.220 46.770 1.650
vertex 73.220 46.770 1.600
endloop
endfacet
facet normal 0 0 0
outer loop
vertex 73.220 46.770 1.600
vertex 73.220 46.770 1.650
vertex 72.220 46.770 1.650
endloop
endfacet
facet normal 0 0 0
outer loop
vertex 73.220 46.770 1.600
vertex 72.220 46.770 1.650
vertex 72.220 46.770 1.600
endloop
endfacet
facet normal 0 0 0
outer loop
vertex 72.220 46.770 1.600
vertex 72.220 46.770 1.650
vertex 72.220 45.770 1.650
endloop
endfacet
facet normal 0 0 0
outer loop
vertex 72.220 46.770 1.600
vertex 72.220 45.770 1.650
vertex 72.220 45.770 1.600
endloop
endfacet
facet normal 0 0 0
outer loop
vertex 72.220 43.230 1.600
vertex 73.220 43.230 1.600
vertex 73.220 44.230 1.600
endloop
endfacet
facet normal 0 0 0
outer loop
vertex 72.220 43.230 1.600
vertex 73.220 44.230 1.600
vertex 72.220 44.230 1.600
endloop
endfacet
facet normal 0 0 0
outer loop
vertex 72.220 43.230 1.650
vertex 73.220 44.230 1.650
vertex 73.220 43.230 1.650
endloop
endfacet
facet normal 0 0 0
outer loop
vertex 72.220 43.230 1.650
vertex 73.220 43.230 1.650
vertex 72.220 43.230 1.650
endloop
endfacet
facet normal 0 0 0
outer loop
vertex 72.220 43.230 1.600
vertex 72.220 43.230 1.650
vertex 73.220 43.230 1.650
endloop
endfacet
facet normal 0 0 0
outer loop
vertex 72.220 43.230 1.600
vertex 73.220 43.230 1.650
vertex 73.220 43.230 1.600
endloop
endfacet
facet normal 0 0 0
outer loop
vertex 73.220 43.230 1.600
vertex 73.220 43.230 1.650
vertex 73.220 44.230 1.650
endloop
endfacet
facet normal 0 0 0
outer loop
vertex 73.220 43.230 1.600
vertex 73.220 44.230 1.650
vertex 73.220 44.230 1.600
endloop
endfacet
facet normal 0 0 0
outer loop
vertex 73.220 44.230 1.600
vertex 73.220 44.230 1.650
vertex 72.220 44.230 1.650
endloop
endfacet
facet normal 0 0 0
outer loop
vertex 73.220 44.230 1.600
vertex 72.220 44.230 1.650
vertex 72.220 44.230 1.600
endloop
endfacet
facet normal 0 0 0
outer loop
vertex 72.220 44.230 1.600
vertex 72.220 44.230 1.650
vertex 72.220 43.230 1.650
endloop
endfacet
facet normal 0 0 0
outer loop
vertex 72.220 44.230 1.600
vertex 72.220 43.230 1.650
vertex 72.220 43.230 1.600
endloop
endfacet
facet normal 0 0 0
outer loop
vertex 74.760 45.770 1.600
vertex 75.760 45.770 1.600
vertex 75.760 46.770 1.600
endloop
endfacet
facet normal 0 0 0
outer loop
vertex 74.760 45.770 1.600
vertex 75.760 46.770 1.600
vertex 74.760 46.770 1.600
endloop
endfacet
facet normal 0 0 0
outer loop
vertex 74.760 45.770 1.650
vertex 75.760 46.770 1.650
vertex 75.760 45.770 1.650
endloop
endfacet
facet normal 0 0 0
outer loop
vertex 74.760 45.770 1.650
vertex 75.760 45.770 1.650
vertex 74.760 45.770 1.650
endloop
endfacet
facet normal 0 0 0
outer loop
vertex 74.760 45.770 1.600
vertex 74.760 45.770 1.650
vertex 75.760 45.770 1.650
endloop
endfacet
facet normal 0 0 0
outer loop
vertex 74.760 45.770 1.600
vertex 75.760 45.770 1.650
vertex 75.760 45.770 1.600
endloop
endfacet
facet normal 0 0 0
outer loop
vertex 75.760 45.770 1.600
vertex 75.760 45.770 1.650
vertex 75.760 46.770 1.650
endloop
endfacet
facet normal 0 0 0
outer loop
vertex 75.760 45.770 1.600
vertex 75.760 46.770 1.650
vertex 75.760 46.770 1.600
endloop
endfacet
facet normal 0 0 0
outer loop
vertex 75.760 46.770 1.600
vertex 75.760 46.770 1.650
vertex 74.760 46.770 1.650
endloop
endfacet
facet normal 0 0 0
outer loop
vertex 75.760 46.770 1.600
vertex 74.760 46.770 1.650
vertex 74.760 46.770 1.600
endloop
endfacet
facet normal 0 0 0
outer loop
vertex 74.760 46.770 1.600
vertex 74.760 46.770 1.650
vertex 74.760 45.770 1.650
endloop
endfacet
facet normal 0 0 0
outer loop
vertex 74.760 46.770 1.600
vertex 74.760 45.770 1.650
vertex 74.760 45.770 1.600
endloop
endfacet
facet normal 0 0 0
outer loop
vertex 74.760 43.230 1.600
vertex 75.760 43.230 1.600
vertex 75.760 44.230 1.600
endloop
endfacet
facet normal 0 0 0
outer loop
vertex 74.760 43.230 1.600
vertex 75.760 44.230 1.600
vertex 74.760 44.230 1.600
endloop
endfacet
facet normal 0 0 0
outer loop
vertex 74.760 43.230 1.650
vertex 75.760 44.230 1.650
vertex 75.760 43.230 1.650
endloop
endfacet
facet normal 0 0 0
outer loop
vertex 74.760 43.230 1.650
vertex 75.760 43.230 1.650
vertex 74.760 43.230 1.650
endloop
endfacet
facet normal 0 0 0
outer loop
vertex 74.760 43.230 1.600
vertex 74.760 43.230 1.650
vertex 75.760 43.230 1.650
endloop
endfacet
facet normal 0 0 0
outer loop
vertex 74.760 43.230 1.600
vertex 75.760 43.230 1.650
vertex 75.760 43.230 1.600
endloop
endfacet
facet normal 0 0 0
outer loop
vertex 75.760 43.230 1.600
vertex 75.760 43.230 1.650
vertex 75.760 44.230 1.650
endloop
endfacet
facet normal 0 0 0
outer loop
vertex 75.760 43.230 1.600
vertex 75.760 44.230 1.650
vertex 75.760 44.230 1.600
endloop
endfacet
facet normal 0 0 0
outer loop
vertex 75.760 44.230 1.600
vertex 75.760 44.230 1.650
vertex 74.760 44.230 1.650
endloop
endfacet
facet normal 0 0 0
outer loop
vertex 75.760 44.230 1.600
vertex 74.760 44.230 1.650
vertex 74.760 44.230 1.600
endloop
endfacet
facet normal 0 0 0
outer loop
vertex 74.760 44.230 1.600
vertex 74.760 44.230 1.650
vertex 74.760 43.230 1.650
endloop
endfacet
facet normal 0 0 0
outer loop
vertex 74.760 44.230 1.600
vertex 74.760 43.230 1.650
vertex 74.760 43.230 1.600
endloop
endfacet
facet normal 0 0 0
outer loop
vertex 85.400 19.550 1.600
vertex 86.300 19.550 1.600
vertex 86.300 21.550 1.600
endloop
endfacet
facet normal 0 0 0
outer loop
vertex 85.400 19.550 1.600
vertex 86.300 21.550 1.600
vertex 85.400 21.550 1.600
endloop
endfacet
facet normal 0 0 0
outer loop
vertex 85.400 19.550 1.650
vertex 86.300 21.550 1.650
vertex 86.300 19.550 1.650
endloop
endfacet
facet normal 0 0 0
outer loop
vertex 85.400 19.550 1.650
vertex 86.300 19.550 1.650
vertex 85.400 19.550 1.650
endloop
endfacet
facet normal 0 0 0
outer loop
vertex 85.400 19.550 1.600
vertex 85.400 19.550 1.650
vertex 86.300 19.550 1.650
endloop
endfacet
facet normal 0 0 0
outer loop
vertex 85.400 19.550 1.600
vertex 86.300 19.550 1.650
vertex 86.300 19.550 1.600
endloop
endfacet
facet normal 0 0 0
outer loop
vertex 86.300 19.550 1.600
vertex 86.300 19.550 1.650
vertex 86.300 21.550 1.650
endloop
endfacet
facet normal 0 0 0
outer loop
vertex 86.300 19.550 1.600
vertex 86.300 21.550 1.650
vertex 86.300 21.550 1.600
endloop
endfacet
facet normal 0 0 0
outer loop
vertex 86.300 21.550 1.600
vertex 86.300 21.550 1.650
vertex 85.400 21.550 1.650
endloop
endfacet
facet normal 0 0 0
outer loop
vertex 86.300 21.550 1.600
vertex 85.400 21.550 1.650
vertex 85.400 21.550 1.600
endloop
endfacet
facet normal 0 0 0
outer loop
vertex 85.400 21.550 1.600
vertex 85.400 21.550 1.650
vertex 85.400 19.550 1.650
endloop
endfacet
facet normal 0 0 0
outer loop
vertex 85.400 21.550 1.600
vertex 85.400 19.550 1.650
vertex 85.400 19.550 1.600
endloop
endfacet
facet normal 0 0 0
outer loop
vertex 87.700 19.550 1.600
vertex 88.600 19.550 1.600
vertex 88.600 21.550 1.600
endloop
endfacet
facet normal 0 0 0
outer loop
vertex 87.700 19.550 1.600
vertex 88.600 21.550 1.600
vertex 87.700 21.550 1.600
endloop
endfacet
facet normal 0 0 0
outer loop
vertex 87.700 19.550 1.650
vertex 88.600 21.550 1.650
vertex 88.600 19.550 1.650
endloop
endfacet
facet normal 0 0 0
outer loop
vertex 87.700 19.550 1.650
vertex 88.600 19.550 1.650
vertex 87.700 19.550 1.650
endloop
endfacet
facet normal 0 0 0
outer loop
vertex 87.700 19.550 1.600
vertex 87.700 19.550 1.650
vertex 88.600 19.550 1.650
endloop
endfacet
facet normal 0 0 0
outer loop
vertex 87.700 19.550 1.600
vertex 88.600 19.550 1.650
vertex 88.600 19.550 1.600
endloop
endfacet
facet normal 0 0 0
outer loop
vertex 88.600 19.550 1.600
vertex 88.600 19.550 1.650
vertex 88.600 21.550 1.650
endloop
endfacet
facet normal 0 0 0
outer loop
vertex 88.600 19.550 1.600
vertex 88.600 21.550 1.650
vertex 88.600 21.550 1.600
endloop
endfacet
facet normal 0 0 0
outer loop
vertex 88.600 21.550 1.600
vertex 88.600 21.550 1.650
vertex 87.700 21.550 1.650
endloop
endfacet
facet normal 0 0 0
outer loop
vertex 88.600 21.550 1.600
vertex 87.700 21.550 1.650
vertex 87.700 21.550 1.600
endloop
endfacet
facet normal 0 0 0
outer loop
vertex 87.700 21.550 1.600
vertex 87.700 21.550 1.650
vertex 87.700 19.550 1.650
endloop
endfacet
facet normal 0 0 0
outer loop
vertex 87.700 21.550 1.600
vertex 87.700 19.550 1.650
vertex 87.700 19.550 1.600
endloop
endfacet
facet normal 0 0 0
outer loop
vertex 97.400 19.550 1.600
vertex 98.300 19.550 1.600
vertex 98.300 21.550 1.600
endloop
endfacet
facet normal 0 0 0
outer loop
vertex 97.400 19.550 1.600
vertex 98.300 21.550 1.600
vertex 97.400 21.550 1.600
endloop
endfacet
facet normal 0 0 0
outer loop
vertex 97.400 19.550 1.650
vertex 98.300 21.550 1.650
vertex 98.300 19.550 1.650
endloop
endfacet
facet normal 0 0 0
outer loop
vertex 97.400 19.550 1.650
vertex 98.300 19.550 1.650
vertex 97.400 19.550 1.650
endloop
endfacet
facet normal 0 0 0
outer loop
vertex 97.400 19.550 1.600
vertex 97.400 19.550 1.650
vertex 98.300 19.550 1.650
endloop
endfacet
facet normal 0 0 0
outer loop
vertex 97.400 19.550 1.600
vertex 98.300 19.550 1.650
vertex 98.300 19.550 1.600
endloop
endfacet
facet normal 0 0 0
outer loop
vertex 98.300 19.550 1.600
vertex 98.300 19.550 1.650
vertex 98.300 21.550 1.650
endloop
endfacet
facet normal 0 0 0
outer loop
vertex 98.300 19.550 1.600
vertex 98.300 21.550 1.650
vertex 98.300 21.550 1.600
endloop
endfacet
facet normal 0 0 0
outer loop
vertex 98.300 21.550 1.600
vertex 98.300 21.550 1.650
vertex 97.400 21.550 1.650
endloop
endfacet
facet normal 0 0 0
outer loop
vertex 98.300 21.550 1.600
vertex 97.400 21.550 1.650
vertex 97.400 21.550 1.600
endloop
endfacet
facet normal 0 0 0
outer loop
vertex 97.400 21.550 1.600
vertex 97.400 21.550 1.650
vertex 97.400 19.550 1.650
endloop
endfacet
facet normal 0 0 0
outer loop
vertex 97.400 21.550 1.600
vertex 97.400 19.550 1.650
vertex 97.400 19.550 1.600
endloop
endfacet
facet normal 0 0 0
outer loop
vertex 99.700 19.550 1.600
vertex 100.600 19.550 1.600
vertex 100.600 21.550 1.600
endloop
endfacet
facet normal 0 0 0
outer loop
vertex 99.700 19.550 1.600
vertex 100.600 21.550 1.600
vertex 99.700 21.550 1.600
endloop
endfacet
facet normal 0 0 0
outer loop
vertex 99.700 19.550 1.650
vertex 100.600 21.550 1.650
vertex 100.600 19.550 1.650
endloop
endfacet
facet normal 0 0 0
outer loop
vertex 99.700 19.550 1.650
vertex 100.600 19.550 1.650
vertex 99.700 19.550 1.650
endloop
endfacet
facet normal 0 0 0
outer loop
vertex 99.700 19.550 1.600
vertex 99.700 19.550 1.650
vertex 100.600 19.550 1.650
endloop
endfacet
facet normal 0 0 0
outer loop
vertex 99.700 19.550 1.600
vertex 100.600 19.550 1.650
vertex 100.600 19.550 1.600
endloop
endfacet
facet normal 0 0 0
outer loop
vertex 100.600 19.550 1.600
vertex 100.600 19.550 1.650
vertex 100.600 21.550 1.650
endloop
endfacet
facet normal 0 0 0
outer loop
vertex 100.600 19.550 1.600
vertex 100.600 21.550 1.650
vertex 100.600 21.550 1.600
endloop
endfacet
facet normal 0 0 0
outer loop
vertex 100.600 21.550 1.600
vertex 100.600 21.550 1.650
vertex 99.700 21.550 1.650
endloop
endfacet
facet normal 0 0 0
outer loop
vertex 100.600 21.550 1.600
vertex 99.700 21.550 1.650
vertex 99.700 21.550 1.600
endloop
endfacet
facet normal 0 0 0
outer loop
vertex 99.700 21.550 1.600
vertex 99.700 21.550 1.650
vertex 99.700 19.550 1.650
endloop
endfacet
facet normal 0 0 0
outer loop
vertex 99.700 21.550 1.600
vertex 99.700 19.550 1.650
vertex 99.700 19.550 1.600
endloop
endfacet
facet normal 0 0 0
outer loop
vertex 113.400 19.550 1.600
vertex 114.300 19.550 1.600
vertex 114.300 21.550 1.600
endloop
endfacet
facet normal 0 0 0
outer loop
vertex 113.400 19.550 1.600
vertex 114.300 21.550 1.600
vertex 113.400 21.550 1.600
endloop
endfacet
facet normal 0 0 0
outer loop
vertex 113.400 19.550 1.650
vertex 114.300 21.550 1.650
vertex 114.300 19.550 1.650
endloop
endfacet
facet normal 0 0 0
outer loop
vertex 113.400 19.550 1.650
vertex 114.300 19.550 1.650
vertex 113.400 19.550 1.650
endloop
endfacet
facet normal 0 0 0
outer loop
vertex 113.400 19.550 1.600
vertex 113.400 19.550 1.650
vertex 114.300 19.550 1.650
endloop
endfacet
facet normal 0 0 0
outer loop
vertex 113.400 19.550 1.600
vertex 114.300 19.550 1.650
vertex 114.300 19.550 1.600
endloop
endfacet
facet normal 0 0 0
outer loop
vertex 114.300 19.550 1.600
vertex 114.300 19.550 1.650
vertex 114.300 21.550 1.650
endloop
endfacet
facet normal 0 0 0
outer loop
vertex 114.300 19.550 1.600
vertex 114.300 21.550 1.650
vertex 114.300 21.550 1.600
endloop
endfacet
facet normal 0 0 0
outer loop
vertex 114.300 21.550 1.600
vertex 114.300 21.550 1.650
vertex 113.400 21.550 1.650
endloop
endfacet
facet normal 0 0 0
outer loop
vertex 114.300 21.550 1.600
vertex 113.400 21.550 1.650
vertex 113.400 21.550 1.600
endloop
endfacet
facet normal 0 0 0
outer loop
vertex 113.400 21.550 1.600
vertex 113.400 21.550 1.650
vertex 113.400 19.550 1.650
endloop
endfacet
facet normal 0 0 0
outer loop
vertex 113.400 21.550 1.600
vertex 113.400 19.550 1.650
vertex 113.400 19.550 1.600
endloop
endfacet
facet normal 0 0 0
outer loop
vertex 115.700 19.550 1.600
vertex 116.600 19.550 1.600
vertex 116.600 21.550 1.600
endloop
endfacet
facet normal 0 0 0
outer loop
vertex 115.700 19.550 1.600
vertex 116.600 21.550 1.600
vertex 115.700 21.550 1.600
endloop
endfacet
facet normal 0 0 0
outer loop
vertex 115.700 19.550 1.650
vertex 116.600 21.550 1.650
vertex 116.600 19.550 1.650
endloop
endfacet
facet normal 0 0 0
outer loop
vertex 115.700 19.550 1.650
vertex 116.600 19.550 1.650
vertex 115.700 19.550 1.650
endloop
endfacet
facet normal 0 0 0
outer loop
vertex 115.700 19.550 1.600
vertex 115.700 19.550 1.650
vertex 116.600 19.550 1.650
endloop
endfacet
facet normal 0 0 0
outer loop
vertex 115.700 19.550 1.600
vertex 116.600 19.550 1.650
vertex 116.600 19.550 1.600
endloop
endfacet
facet normal 0 0 0
outer loop
vertex 116.600 19.550 1.600
vertex 116.600 19.550 1.650
vertex 116.600 21.550 1.650
endloop
endfacet
facet normal 0 0 0
outer loop
vertex 116.600 19.550 1.600
vertex 116.600 21.550 1.650
vertex 116.600 21.550 1.600
endloop
endfacet
facet normal 0 0 0
outer loop
vertex 116.600 21.550 1.600
vertex 116.600 21.550 1.650
vertex 115.700 21.550 1.650
endloop
endfacet
facet normal 0 0 0
outer loop
vertex 116.600 21.550 1.600
vertex 115.700 21.550 1.650
vertex 115.700 21.550 1.600
endloop
endfacet
facet normal 0 0 0
outer loop
vertex 115.700 21.550 1.600
vertex 115.700 21.550 1.650
vertex 115.700 19.550 1.650
endloop
endfacet
facet normal 0 0 0
outer loop
vertex 115.700 21.550 1.600
vertex 115.700 19.550 1.650
vertex 115.700 19.550 1.600
endloop
endfacet
facet normal 0 0 0
outer loop
vertex 125.400 19.550 1.600
vertex 126.300 19.550 1.600
vertex 126.300 21.550 1.600
endloop
endfacet
facet normal 0 0 0
outer loop
vertex 125.400 19.550 1.600
vertex 126.300 21.550 1.600
vertex 125.400 21.550 1.600
endloop
endfacet
facet normal 0 0 0
outer loop
vertex 125.400 19.550 1.650
vertex 126.300 21.550 1.650
vertex 126.300 19.550 1.650
endloop
endfacet
facet normal 0 0 0
outer loop
vertex 125.400 19.550 1.650
vertex 126.300 19.550 1.650
vertex 125.400 19.550 1.650
endloop
endfacet
facet normal 0 0 0
outer loop
vertex 125.400 19.550 1.600
vertex 125.400 19.550 1.650
vertex 126.300 19.550 1.650
endloop
endfacet
facet normal 0 0 0
outer loop
vertex 125.400 19.550 1.600
vertex 126.300 19.550 1.650
vertex 126.300 19.550 1.600
endloop
endfacet
facet normal 0 0 0
outer loop
vertex 126.300 19.550 1.600
vertex 126.300 19.550 1.650
vertex 126.300 21.550 1.650
endloop
endfacet
facet normal 0 0 0
outer loop
vertex 126.300 19.550 1.600
vertex 126.300 21.550 1.650
vertex 126.300 21.550 1.600
endloop
endfacet
facet normal 0 0 0
outer loop
vertex 126.300 21.550 1.600
vertex 126.300 21.550 1.650
vertex 125.400 21.550 1.650
endloop
endfacet
facet normal 0 0 0
outer loop
vertex 126.300 21.550 1.600
vertex 125.400 21.550 1.650
vertex 125.400 21.550 1.600
endloop
endfacet
facet normal 0 0 0
outer loop
vertex 125.400 21.550 1.600
vertex 125.400 21.550 1.650
vertex 125.400 19.550 1.650
endloop
endfacet
facet normal 0 0 0
outer loop
vertex 125.400 21.550 1.600
vertex 125.400 19.550 1.650
vertex 125.400 19.550 1.600
endloop
endfacet
facet normal 0 0 0
outer loop
vertex 127.700 19.550 1.600
vertex 128.600 19.550 1.600
vertex 128.600 21.550 1.600
endloop
endfacet
facet normal 0 0 0
outer loop
vertex 127.700 19.550 1.600
vertex 128.600 21.550 1.600
vertex 127.700 21.550 1.600
endloop
endfacet
facet normal 0 0 0
outer loop
vertex 127.700 19.550 1.650
vertex 128.600 21.550 1.650
vertex 128.600 19.550 1.650
endloop
endfacet
facet normal 0 0 0
outer loop
vertex 127.700 19.550 1.650
vertex 128.600 19.550 1.650
vertex 127.700 19.550 1.650
endloop
endfacet
facet normal 0 0 0
outer loop
vertex 127.700 19.550 1.600
vertex 127.700 19.550 1.650
vertex 128.600 19.550 1.650
endloop
endfacet
facet normal 0 0 0
outer loop
vertex 127.700 19.550 1.600
vertex 128.600 19.550 1.650
vertex 128.600 19.550 1.600
endloop
endfacet
facet normal 0 0 0
outer loop
vertex 128.600 19.550 1.600
vertex 128.600 19.550 1.650
vertex 128.600 21.550 1.650
endloop
endfacet
facet normal 0 0 0
outer loop
vertex 128.600 19.550 1.600
vertex 128.600 21.550 1.650
vertex 128.600 21.550 1.600
endloop
endfacet
facet normal 0 0 0
outer loop
vertex 128.600 21.550 1.600
vertex 128.600 21.550 1.650
vertex 127.700 21.550 1.650
endloop
endfacet
facet normal 0 0 0
outer loop
vertex 128.600 21.550 1.600
vertex 127.700 21.550 1.650
vertex 127.700 21.550 1.600
endloop
endfacet
facet normal 0 0 0
outer loop
vertex 127.700 21.550 1.600
vertex 127.700 21.550 1.650
vertex 127.700 19.550 1.650
endloop
endfacet
facet normal 0 0 0
outer loop
vertex 127.700 21.550 1.600
vertex 127.700 19.550 1.650
vertex 127.700 19.550 1.600
endloop
endfacet
facet normal 0 0 0
outer loop
vertex 57.400 19.550 1.600
vertex 58.300 19.550 1.600
vertex 58.300 21.550 1.600
endloop
endfacet
facet normal 0 0 0
outer loop
vertex 57.400 19.550 1.600
vertex 58.300 21.550 1.600
vertex 57.400 21.550 1.600
endloop
endfacet
facet normal 0 0 0
outer loop
vertex 57.400 19.550 1.650
vertex 58.300 21.550 1.650
vertex 58.300 19.550 1.650
endloop
endfacet
facet normal 0 0 0
outer loop
vertex 57.400 19.550 1.650
vertex 58.300 19.550 1.650
vertex 57.400 19.550 1.650
endloop
endfacet
facet normal 0 0 0
outer loop
vertex 57.400 19.550 1.600
vertex 57.400 19.550 1.650
vertex 58.300 19.550 1.650
endloop
endfacet
facet normal 0 0 0
outer loop
vertex 57.400 19.550 1.600
vertex 58.300 19.550 1.650
vertex 58.300 19.550 1.600
endloop
endfacet
facet normal 0 0 0
outer loop
vertex 58.300 19.550 1.600
vertex 58.300 19.550 1.650
vertex 58.300 21.550 1.650
endloop
endfacet
facet normal 0 0 0
outer loop
vertex 58.300 19.550 1.600
vertex 58.300 21.550 1.650
vertex 58.300 21.550 1.600
endloop
endfacet
facet normal 0 0 0
outer loop
vertex 58.300 21.550 1.600
vertex 58.300 21.550 1.650
vertex 57.400 21.550 1.650
endloop
endfacet
facet normal 0 0 0
outer loop
vertex 58.300 21.550 1.600
vertex 57.400 21.550 1.650
vertex 57.400 21.550 1.600
endloop
endfacet
facet normal 0 0 0
outer loop
vertex 57.400 21.550 1.600
vertex 57.400 21.550 1.650
vertex 57.400 19.550 1.650
endloop
endfacet
facet normal 0 0 0
outer loop
vertex 57.400 21.550 1.600
vertex 57.400 19.550 1.650
vertex 57.400 19.550 1.600
endloop
endfacet
facet normal 0 0 0
outer loop
vertex 59.700 19.550 1.600
vertex 60.600 19.550 1.600
vertex 60.600 21.550 1.600
endloop
endfacet
facet normal 0 0 0
outer loop
vertex 59.700 19.550 1.600
vertex 60.600 21.550 1.600
vertex 59.700 21.550 1.600
endloop
endfacet
facet normal 0 0 0
outer loop
vertex 59.700 19.550 1.650
vertex 60.600 21.550 1.650
vertex 60.600 19.550 1.650
endloop
endfacet
facet normal 0 0 0
outer loop
vertex 59.700 19.550 1.650
vertex 60.600 19.550 1.650
vertex 59.700 19.550 1.650
endloop
endfacet
facet normal 0 0 0
outer loop
vertex 59.700 19.550 1.600
vertex 59.700 19.550 1.650
vertex 60.600 19.550 1.650
endloop
endfacet
facet normal 0 0 0
outer loop
vertex 59.700 19.550 1.600
vertex 60.600 19.550 1.650
vertex 60.600 19.550 1.600
endloop
endfacet
facet normal 0 0 0
outer loop
vertex 60.600 19.550 1.600
vertex 60.600 19.550 1.650
vertex 60.600 21.550 1.650
endloop
endfacet
facet normal 0 0 0
outer loop
vertex 60.600 19.550 1.600
vertex 60.600 21.550 1.650
vertex 60.600 21.550 1.600
endloop
endfacet
facet normal 0 0 0
outer loop
vertex 60.600 21.550 1.600
vertex 60.600 21.550 1.650
vertex 59.700 21.550 1.650
endloop
endfacet
facet normal 0 0 0
outer loop
vertex 60.600 21.550 1.600
vertex 59.700 21.550 1.650
vertex 59.700 21.550 1.600
endloop
endfacet
facet normal 0 0 0
outer loop
vertex 59.700 21.550 1.600
vertex 59.700 21.550 1.650
vertex 59.700 19.550 1.650
endloop
endfacet
facet normal 0 0 0
outer loop
vertex 59.700 21.550 1.600
vertex 59.700 19.550 1.650
vertex 59.700 19.550 1.600
endloop
endfacet
facet normal 0 0 0
outer loop
vertex 69.400 19.550 1.600
vertex 70.300 19.550 1.600
vertex 70.300 21.550 1.600
endloop
endfacet
facet normal 0 0 0
outer loop
vertex 69.400 19.550 1.600
vertex 70.300 21.550 1.600
vertex 69.400 21.550 1.600
endloop
endfacet
facet normal 0 0 0
outer loop
vertex 69.400 19.550 1.650
vertex 70.300 21.550 1.650
vertex 70.300 19.550 1.650
endloop
endfacet
facet normal 0 0 0
outer loop
vertex 69.400 19.550 1.650
vertex 70.300 19.550 1.650
vertex 69.400 19.550 1.650
endloop
endfacet
facet normal 0 0 0
outer loop
vertex 69.400 19.550 1.600
vertex 69.400 19.550 1.650
vertex 70.300 19.550 1.650
endloop
endfacet
facet normal 0 0 0
outer loop
vertex 69.400 19.550 1.600
vertex 70.300 19.550 1.650
vertex 70.300 19.550 1.600
endloop
endfacet
facet normal 0 0 0
outer loop
vertex 70.300 19.550 1.600
vertex 70.300 19.550 1.650
vertex 70.300 21.550 1.650
endloop
endfacet
facet normal 0 0 0
outer loop
vertex 70.300 19.550 1.600
vertex 70.300 21.550 1.650
vertex 70.300 21.550 1.600
endloop
endfacet
facet normal 0 0 0
outer loop
vertex 70.300 21.550 1.600
vertex 70.300 21.550 1.650
vertex 69.400 21.550 1.650
endloop
endfacet
facet normal 0 0 0
outer loop
vertex 70.300 21.550 1.600
vertex 69.400 21.550 1.650
vertex 69.400 21.550 1.600
endloop
endfacet
facet normal 0 0 0
outer loop
vertex 69.400 21.550 1.600
vertex 69.400 21.550 1.650
vertex 69.400 19.550 1.650
endloop
endfacet
facet normal 0 0 0
outer loop
vertex 69.400 21.550 1.600
vertex 69.400 19.550 1.650
vertex 69.400 19.550 1.600
endloop
endfacet
facet normal 0 0 0
outer loop
vertex 71.700 19.550 1.600
vertex 72.600 19.550 1.600
vertex 72.600 21.550 1.600
endloop
endfacet
facet normal 0 0 0
outer loop
vertex 71.700 19.550 1.600
vertex 72.600 21.550 1.600
vertex 71.700 21.550 1.600
endloop
endfacet
facet normal 0 0 0
outer loop
vertex 71.700 19.550 1.650
vertex 72.600 21.550 1.650
vertex 72.600 19.550 1.650
endloop
endfacet
facet normal 0 0 0
outer loop
vertex 71.700 19.550 1.650
vertex 72.600 19.550 1.650
vertex 71.700 19.550 1.650
endloop
endfacet
facet normal 0 0 0
outer loop
vertex 71.700 19.550 1.600
vertex 71.700 19.550 1.650
vertex 72.600 19.550 1.650
endloop
endfacet
facet normal 0 0 0
outer loop
vertex 71.700 19.550 1.600
vertex 72.600 19.550 1.650
vertex 72.600 19.550 1.600
endloop
endfacet
facet normal 0 0 0
outer loop
vertex 72.600 19.550 1.600
vertex 72.600 19.550 1.650
vertex 72.600 21.550 1.650
endloop
endfacet
facet normal 0 0 0
outer loop
vertex 72.600 19.550 1.600
vertex 72.600 21.550 1.650
vertex 72.600 21.550 1.600
endloop
endfacet
facet normal 0 0 0
outer loop
vertex 72.600 21.550 1.600
vertex 72.600 21.550 1.650
vertex 71.700 21.550 1.650
endloop
endfacet
facet normal 0 0 0
outer loop
vertex 72.600 21.550 1.600
vertex 71.700 21.550 1.650
vertex 71.700 21.550 1.600
endloop
endfacet
facet normal 0 0 0
outer loop
vertex 71.700 21.550 1.600
vertex 71.700 21.550 1.650
vertex 71.700 19.550 1.650
endloop
endfacet
facet normal 0 0 0
outer loop
vertex 71.700 21.550 1.600
vertex 71.700 19.550 1.650
vertex 71.700 19.550 1.600
endloop
endfacet
facet normal 0 0 0
outer loop
vertex 90.050 26.910 1.600
vertex 90.950 26.910 1.600
vertex 90.950 27.190 1.600
endloop
endfacet
facet normal 0 0 0
outer loop
vertex 90.050 26.910 1.600
vertex 90.950 27.190 1.600
vertex 90.050 27.190 1.600
endloop
endfacet
facet normal 0 0 0
outer loop
vertex 90.050 26.910 1.650
vertex 90.950 27.190 1.650
vertex 90.950 26.910 1.650
endloop
endfacet
facet normal 0 0 0
outer loop
vertex 90.050 26.910 1.650
vertex 90.950 26.910 1.650
vertex 90.050 26.910 1.650
endloop
endfacet
facet normal 0 0 0
outer loop
vertex 90.050 26.910 1.600
vertex 90.050 26.910 1.650
vertex 90.950 26.910 1.650
endloop
endfacet
facet normal 0 0 0
outer loop
vertex 90.050 26.910 1.600
vertex 90.950 26.910 1.650
vertex 90.950 26.910 1.600
endloop
endfacet
facet normal 0 0 0
outer loop
vertex 90.950 26.910 1.600
vertex 90.950 26.910 1.650
vertex 90.950 27.190 1.650
endloop
endfacet
facet normal 0 0 0
outer loop
vertex 90.950 26.910 1.600
vertex 90.950 27.190 1.650
vertex 90.950 27.190 1.600
endloop
endfacet
facet normal 0 0 0
outer loop
vertex 90.950 27.190 1.600
vertex 90.950 27.190 1.650
vertex 90.050 27.190 1.650
endloop
endfacet
facet normal 0 0 0
outer loop
vertex 90.950 27.190 1.600
vertex 90.050 27.190 1.650
vertex 90.050 27.190 1.600
endloop
endfacet
facet normal 0 0 0
outer loop
vertex 90.050 27.190 1.600
vertex 90.050 27.190 1.650
vertex 90.050 26.910 1.650
endloop
endfacet
facet normal 0 0 0
outer loop
vertex 90.050 27.190 1.600
vertex 90.050 26.910 1.650
vertex 90.050 26.910 1.600
endloop
endfacet
facet normal 0 0 0
outer loop
vertex 94.360 27.600 1.600
vertex 94.640 27.600 1.600
vertex 94.640 28.500 1.600
endloop
endfacet
facet normal 0 0 0
outer loop
vertex 94.360 27.600 1.600
vertex 94.640 28.500 1.600
vertex 94.360 28.500 1.600
endloop
endfacet
facet normal 0 0 0
outer loop
vertex 94.360 27.600 1.650
vertex 94.640 28.500 1.650
vertex 94.640 27.600 1.650
endloop
endfacet
facet normal 0 0 0
outer loop
vertex 94.360 27.600 1.650
vertex 94.640 27.600 1.650
vertex 94.360 27.600 1.650
endloop
endfacet
facet normal 0 0 0
outer loop
vertex 94.360 27.600 1.600
vertex 94.360 27.600 1.650
vertex 94.640 27.600 1.650
endloop
endfacet
facet normal 0 0 0
outer loop
vertex 94.360 27.600 1.600
vertex 94.640 27.600 1.650
vertex 94.640 27.600 1.600
endloop
endfacet
facet normal 0 0 0
outer loop
vertex 94.640 27.600 1.600
vertex 94.640 27.600 1.650
vertex 94.640 28.500 1.650
endloop
endfacet
facet normal 0 0 0
outer loop
vertex 94.640 27.600 1.600
vertex 94.640 28.500 1.650
vertex 94.640 28.500 1.600
endloop
endfacet
facet normal 0 0 0
outer loop
vertex 94.640 28.500 1.600
vertex 94.640 28.500 1.650
vertex 94.360 28.500 1.650
endloop
endfacet
facet normal 0 0 0
outer loop
vertex 94.640 28.500 1.600
vertex 94.360 28.500 1.650
vertex 94.360 28.500 1.600
endloop
endfacet
facet normal 0 0 0
outer loop
vertex 94.360 28.500 1.600
vertex 94.360 28.500 1.650
vertex 94.360 27.600 1.650
endloop
endfacet
facet normal 0 0 0
outer loop
vertex 94.360 28.500 1.600
vertex 94.360 27.600 1.650
vertex 94.360 27.600 1.600
endloop
endfacet
facet normal 0 0 0
outer loop
vertex 95.050 23.910 1.600
vertex 95.950 23.910 1.600
vertex 95.950 24.190 1.600
endloop
endfacet
facet normal 0 0 0
outer loop
vertex 95.050 23.910 1.600
vertex 95.950 24.190 1.600
vertex 95.050 24.190 1.600
endloop
endfacet
facet normal 0 0 0
outer loop
vertex 95.050 23.910 1.650
vertex 95.950 24.190 1.650
vertex 95.950 23.910 1.650
endloop
endfacet
facet normal 0 0 0
outer loop
vertex 95.050 23.910 1.650
vertex 95.950 23.910 1.650
vertex 95.050 23.910 1.650
endloop
endfacet
facet normal 0 0 0
outer loop
vertex 95.050 23.910 1.600
vertex 95.050 23.910 1.650
vertex 95.950 23.910 1.650
endloop
endfacet
facet normal 0 0 0
outer loop
vertex 95.050 23.910 1.600
vertex 95.950 23.910 1.650
vertex 95.950 23.910 1.600
endloop
endfacet
facet normal 0 0 0
outer loop
vertex 95.950 23.910 1.600
vertex 95.950 23.910 1.650
vertex 95.950 24.190 1.650
endloop
endfacet
facet normal 0 0 0
outer loop
vertex 95.950 23.910 1.600
vertex 95.950 24.190 1.650
vertex 95.950 24.190 1.600
endloop
endfacet
facet normal 0 0 0
outer loop
vertex 95.950 24.190 1.600
vertex 95.950 24.190 1.650
vertex 95.050 24.190 1.650
endloop
endfacet
facet normal 0 0 0
outer loop
vertex 95.950 24.190 1.600
vertex 95.050 24.190 1.650
vertex 95.050 24.190 1.600
endloop
endfacet
facet normal 0 0 0
outer loop
vertex 95.050 24.190 1.600
vertex 95.050 24.190 1.650
vertex 95.050 23.910 1.650
endloop
endfacet
facet normal 0 0 0
outer loop
vertex 95.050 24.190 1.600
vertex 95.050 23.910 1.650
vertex 95.050 23.910 1.600
endloop
endfacet
facet normal 0 0 0
outer loop
vertex 91.360 22.600 1.600
vertex 91.640 22.600 1.600
vertex 91.640 23.500 1.600
endloop
endfacet
facet normal 0 0 0
outer loop
vertex 91.360 22.600 1.600
vertex 91.640 23.500 1.600
vertex 91.360 23.500 1.600
endloop
endfacet
facet normal 0 0 0
outer loop
vertex 91.360 22.600 1.650
vertex 91.640 23.500 1.650
vertex 91.640 22.600 1.650
endloop
endfacet
facet normal 0 0 0
outer loop
vertex 91.360 22.600 1.650
vertex 91.640 22.600 1.650
vertex 91.360 22.600 1.650
endloop
endfacet
facet normal 0 0 0
outer loop
vertex 91.360 22.600 1.600
vertex 91.360 22.600 1.650
vertex 91.640 22.600 1.650
endloop
endfacet
facet normal 0 0 0
outer loop
vertex 91.360 22.600 1.600
vertex 91.640 22.600 1.650
vertex 91.640 22.600 1.600
endloop
endfacet
facet normal 0 0 0
outer loop
vertex 91.640 22.600 1.600
vertex 91.640 22.600 1.650
vertex 91.640 23.500 1.650
endloop
endfacet
facet normal 0 0 0
outer loop
vertex 91.640 22.600 1.600
vertex 91.640 23.500 1.650
vertex 91.640 23.500 1.600
endloop
endfacet
facet normal 0 0 0
outer loop
vertex 91.640 23.500 1.600
vertex 91.640 23.500 1.650
vertex 91.360 23.500 1.650
endloop
endfacet
facet normal 0 0 0
outer loop
vertex 91.640 23.500 1.600
vertex 91.360 23.500 1.650
vertex 91.360 23.500 1.600
endloop
endfacet
facet normal 0 0 0
outer loop
vertex 91.360 23.500 1.600
vertex 91.360 23.500 1.650
vertex 91.360 22.600 1.650
endloop
endfacet
facet normal 0 0 0
outer loop
vertex 91.360 23.500 1.600
vertex 91.360 22.600 1.650
vertex 91.360 22.600 1.600
endloop
endfacet
facet normal 0 0 0
outer loop
vertex 90.050 26.410 1.600
vertex 90.950 26.410 1.600
vertex 90.950 26.690 1.600
endloop
endfacet
facet normal 0 0 0
outer loop
vertex 90.050 26.410 1.600
vertex 90.950 26.690 1.600
vertex 90.050 26.690 1.600
endloop
endfacet
facet normal 0 0 0
outer loop
vertex 90.050 26.410 1.650
vertex 90.950 26.690 1.650
vertex 90.950 26.410 1.650
endloop
endfacet
facet normal 0 0 0
outer loop
vertex 90.050 26.410 1.650
vertex 90.950 26.410 1.650
vertex 90.050 26.410 1.650
endloop
endfacet
facet normal 0 0 0
outer loop
vertex 90.050 26.410 1.600
vertex 90.050 26.410 1.650
vertex 90.950 26.410 1.650
endloop
endfacet
facet normal 0 0 0
outer loop
vertex 90.050 26.410 1.600
vertex 90.950 26.410 1.650
vertex 90.950 26.410 1.600
endloop
endfacet
facet normal 0 0 0
outer loop
vertex 90.950 26.410 1.600
vertex 90.950 26.410 1.650
vertex 90.950 26.690 1.650
endloop
endfacet
facet normal 0 0 0
outer loop
vertex 90.950 26.410 1.600
vertex 90.950 26.690 1.650
vertex 90.950 26.690 1.600
endloop
endfacet
facet normal 0 0 0
outer loop
vertex 90.950 26.690 1.600
vertex 90.950 26.690 1.650
vertex 90.050 26.690 1.650
endloop
endfacet
facet normal 0 0 0
outer loop
vertex 90.950 26.690 1.600
vertex 90.050 26.690 1.650
vertex 90.050 26.690 1.600
endloop
endfacet
facet normal 0 0 0
outer loop
vertex 90.050 26.690 1.600
vertex 90.050 26.690 1.650
vertex 90.050 26.410 1.650
endloop
endfacet
facet normal 0 0 0
outer loop
vertex 90.050 26.690 1.600
vertex 90.050 26.410 1.650
vertex 90.050 26.410 1.600
endloop
endfacet
facet normal 0 0 0
outer loop
vertex 93.860 27.600 1.600
vertex 94.140 27.600 1.600
vertex 94.140 28.500 1.600
endloop
endfacet
facet normal 0 0 0
outer loop
vertex 93.860 27.600 1.600
vertex 94.140 28.500 1.600
vertex 93.860 28.500 1.600
endloop
endfacet
facet normal 0 0 0
outer loop
vertex 93.860 27.600 1.650
vertex 94.140 28.500 1.650
vertex 94.140 27.600 1.650
endloop
endfacet
facet normal 0 0 0
outer loop
vertex 93.860 27.600 1.650
vertex 94.140 27.600 1.650
vertex 93.860 27.600 1.650
endloop
endfacet
facet normal 0 0 0
outer loop
vertex 93.860 27.600 1.600
vertex 93.860 27.600 1.650
vertex 94.140 27.600 1.650
endloop
endfacet
facet normal 0 0 0
outer loop
vertex 93.860 27.600 1.600
vertex 94.140 27.600 1.650
vertex 94.140 27.600 1.600
endloop
endfacet
facet normal 0 0 0
outer loop
vertex 94.140 27.600 1.600
vertex 94.140 27.600 1.650
vertex 94.140 28.500 1.650
endloop
endfacet
facet normal 0 0 0
outer loop
vertex 94.140 27.600 1.600
vertex 94.140 28.500 1.650
vertex 94.140 28.500 1.600
endloop
endfacet
facet normal 0 0 0
outer loop
vertex 94.140 28.500 1.600
vertex 94.140 28.500 1.650
vertex 93.860 28.500 1.650
endloop
endfacet
facet normal 0 0 0
outer loop
vertex 94.140 28.500 1.600
vertex 93.860 28.500 1.650
vertex 93.860 28.500 1.600
endloop
endfacet
facet normal 0 0 0
outer loop
vertex 93.860 28.500 1.600
vertex 93.860 28.500 1.650
vertex 93.860 27.600 1.650
endloop
endfacet
facet normal 0 0 0
outer loop
vertex 93.860 28.500 1.600
vertex 93.860 27.600 1.650
vertex 93.860 27.600 1.600
endloop
endfacet
facet normal 0 0 0
outer loop
vertex 95.050 24.410 1.600
vertex 95.950 24.410 1.600
vertex 95.950 24.690 1.600
endloop
endfacet
facet normal 0 0 0
outer loop
vertex 95.050 24.410 1.600
vertex 95.950 24.690 1.600
vertex 95.050 24.690 1.600
endloop
endfacet
facet normal 0 0 0
outer loop
vertex 95.050 24.410 1.650
vertex 95.950 24.690 1.650
vertex 95.950 24.410 1.650
endloop
endfacet
facet normal 0 0 0
outer loop
vertex 95.050 24.410 1.650
vertex 95.950 24.410 1.650
vertex 95.050 24.410 1.650
endloop
endfacet
facet normal 0 0 0
outer loop
vertex 95.050 24.410 1.600
vertex 95.050 24.410 1.650
vertex 95.950 24.410 1.650
endloop
endfacet
facet normal 0 0 0
outer loop
vertex 95.050 24.410 1.600
vertex 95.950 24.410 1.650
vertex 95.950 24.410 1.600
endloop
endfacet
facet normal 0 0 0
outer loop
vertex 95.950 24.410 1.600
vertex 95.950 24.410 1.650
vertex 95.950 24.690 1.650
endloop
endfacet
facet normal 0 0 0
outer loop
vertex 95.950 24.410 1.600
vertex 95.950 24.690 1.650
vertex 95.950 24.690 1.600
endloop
endfacet
facet normal 0 0 0
outer loop
vertex 95.950 24.690 1.600
vertex 95.950 24.690 1.650
vertex 95.050 24.690 1.650
endloop
endfacet
facet normal 0 0 0
outer loop
vertex 95.950 24.690 1.600
vertex 95.050 24.690 1.650
vertex 95.050 24.690 1.600
endloop
endfacet
facet normal 0 0 0
outer loop
vertex 95.050 24.690 1.600
vertex 95.050 24.690 1.650
vertex 95.050 24.410 1.650
endloop
endfacet
facet normal 0 0 0
outer loop
vertex 95.050 24.690 1.600
vertex 95.050 24.410 1.650
vertex 95.050 24.410 1.600
endloop
endfacet
facet normal 0 0 0
outer loop
vertex 91.860 22.600 1.600
vertex 92.140 22.600 1.600
vertex 92.140 23.500 1.600
endloop
endfacet
facet normal 0 0 0
outer loop
vertex 91.860 22.600 1.600
vertex 92.140 23.500 1.600
vertex 91.860 23.500 1.600
endloop
endfacet
facet normal 0 0 0
outer loop
vertex 91.860 22.600 1.650
vertex 92.140 23.500 1.650
vertex 92.140 22.600 1.650
endloop
endfacet
facet normal 0 0 0
outer loop
vertex 91.860 22.600 1.650
vertex 92.140 22.600 1.650
vertex 91.860 22.600 1.650
endloop
endfacet
facet normal 0 0 0
outer loop
vertex 91.860 22.600 1.600
vertex 91.860 22.600 1.650
vertex 92.140 22.600 1.650
endloop
endfacet
facet normal 0 0 0
outer loop
vertex 91.860 22.600 1.600
vertex 92.140 22.600 1.650
vertex 92.140 22.600 1.600
endloop
endfacet
facet normal 0 0 0
outer loop
vertex 92.140 22.600 1.600
vertex 92.140 22.600 1.650
vertex 92.140 23.500 1.650
endloop
endfacet
facet normal 0 0 0
outer loop
vertex 92.140 22.600 1.600
vertex 92.140 23.500 1.650
vertex 92.140 23.500 1.600
endloop
endfacet
facet normal 0 0 0
outer loop
vertex 92.140 23.500 1.600
vertex 92.140 23.500 1.650
vertex 91.860 23.500 1.650
endloop
endfacet
facet normal 0 0 0
outer loop
vertex 92.140 23.500 1.600
vertex 91.860 23.500 1.650
vertex 91.860 23.500 1.600
endloop
endfacet
facet normal 0 0 0
outer loop
vertex 91.860 23.500 1.600
vertex 91.860 23.500 1.650
vertex 91.860 22.600 1.650
endloop
endfacet
facet normal 0 0 0
outer loop
vertex 91.860 23.500 1.600
vertex 91.860 22.600 1.650
vertex 91.860 22.600 1.600
endloop
endfacet
facet normal 0 0 0
outer loop
vertex 90.050 25.910 1.600
vertex 90.950 25.910 1.600
vertex 90.950 26.190 1.600
endloop
endfacet
facet normal 0 0 0
outer loop
vertex 90.050 25.910 1.600
vertex 90.950 26.190 1.600
vertex 90.050 26.190 1.600
endloop
endfacet
facet normal 0 0 0
outer loop
vertex 90.050 25.910 1.650
vertex 90.950 26.190 1.650
vertex 90.950 25.910 1.650
endloop
endfacet
facet normal 0 0 0
outer loop
vertex 90.050 25.910 1.650
vertex 90.950 25.910 1.650
vertex 90.050 25.910 1.650
endloop
endfacet
facet normal 0 0 0
outer loop
vertex 90.050 25.910 1.600
vertex 90.050 25.910 1.650
vertex 90.950 25.910 1.650
endloop
endfacet
facet normal 0 0 0
outer loop
vertex 90.050 25.910 1.600
vertex 90.950 25.910 1.650
vertex 90.950 25.910 1.600
endloop
endfacet
facet normal 0 0 0
outer loop
vertex 90.950 25.910 1.600
vertex 90.950 25.910 1.650
vertex 90.950 26.190 1.650
endloop
endfacet
facet normal 0 0 0
outer loop
vertex 90.950 25.910 1.600
vertex 90.950 26.190 1.650
vertex 90.950 26.190 1.600
endloop
endfacet
facet normal 0 0 0
outer loop
vertex 90.950 26.190 1.600
vertex 90.950 26.190 1.650
vertex 90.050 26.190 1.650
endloop
endfacet
facet normal 0 0 0
outer loop
vertex 90.950 26.190 1.600
vertex 90.050 26.190 1.650
vertex 90.050 26.190 1.600
endloop
endfacet
facet normal 0 0 0
outer loop
vertex 90.050 26.190 1.600
vertex 90.050 26.190 1.650
vertex 90.050 25.910 1.650
endloop
endfacet
facet normal 0 0 0
outer loop
vertex 90.050 26.190 1.600
vertex 90.050 25.910 1.650
vertex 90.050 25.910 1.600
endloop
endfacet
facet normal 0 0 0
outer loop
vertex 93.360 27.600 1.600
vertex 93.640 27.600 1.600
vertex 93.640 28.500 1.600
endloop
endfacet
facet normal 0 0 0
outer loop
vertex 93.360 27.600 1.600
vertex 93.640 28.500 1.600
vertex 93.360 28.500 1.600
endloop
endfacet
facet normal 0 0 0
outer loop
vertex 93.360 27.600 1.650
vertex 93.640 28.500 1.650
vertex 93.640 27.600 1.650
endloop
endfacet
facet normal 0 0 0
outer loop
vertex 93.360 27.600 1.650
vertex 93.640 27.600 1.650
vertex 93.360 27.600 1.650
endloop
endfacet
facet normal 0 0 0
outer loop
vertex 93.360 27.600 1.600
vertex 93.360 27.600 1.650
vertex 93.640 27.600 1.650
endloop
endfacet
facet normal 0 0 0
outer loop
vertex 93.360 27.600 1.600
vertex 93.640 27.600 1.650
vertex 93.640 27.600 1.600
endloop
endfacet
facet normal 0 0 0
outer loop
vertex 93.640 27.600 1.600
vertex 93.640 27.600 1.650
vertex 93.640 28.500 1.650
endloop
endfacet
facet normal 0 0 0
outer loop
vertex 93.640 27.600 1.600
vertex 93.640 28.500 1.650
vertex 93.640 28.500 1.600
endloop
endfacet
facet normal 0 0 0
outer loop
vertex 93.640 28.500 1.600
vertex 93.640 28.500 1.650
vertex 93.360 28.500 1.650
endloop
endfacet
facet normal 0 0 0
outer loop
vertex 93.640 28.500 1.600
vertex 93.360 28.500 1.650
vertex 93.360 28.500 1.600
endloop
endfacet
facet normal 0 0 0
outer loop
vertex 93.360 28.500 1.600
vertex 93.360 28.500 1.650
vertex 93.360 27.600 1.650
endloop
endfacet
facet normal 0 0 0
outer loop
vertex 93.360 28.500 1.600
vertex 93.360 27.600 1.650
vertex 93.360 27.600 1.600
endloop
endfacet
facet normal 0 0 0
outer loop
vertex 95.050 24.910 1.600
vertex 95.950 24.910 1.600
vertex 95.950 25.190 1.600
endloop
endfacet
facet normal 0 0 0
outer loop
vertex 95.050 24.910 1.600
vertex 95.950 25.190 1.600
vertex 95.050 25.190 1.600
endloop
endfacet
facet normal 0 0 0
outer loop
vertex 95.050 24.910 1.650
vertex 95.950 25.190 1.650
vertex 95.950 24.910 1.650
endloop
endfacet
facet normal 0 0 0
outer loop
vertex 95.050 24.910 1.650
vertex 95.950 24.910 1.650
vertex 95.050 24.910 1.650
endloop
endfacet
facet normal 0 0 0
outer loop
vertex 95.050 24.910 1.600
vertex 95.050 24.910 1.650
vertex 95.950 24.910 1.650
endloop
endfacet
facet normal 0 0 0
outer loop
vertex 95.050 24.910 1.600
vertex 95.950 24.910 1.650
vertex 95.950 24.910 1.600
endloop
endfacet
facet normal 0 0 0
outer loop
vertex 95.950 24.910 1.600
vertex 95.950 24.910 1.650
vertex 95.950 25.190 1.650
endloop
endfacet
facet normal 0 0 0
outer loop
vertex 95.950 24.910 1.600
vertex 95.950 25.190 1.650
vertex 95.950 25.190 1.600
endloop
endfacet
facet normal 0 0 0
outer loop
vertex 95.950 25.190 1.600
vertex 95.950 25.190 1.650
vertex 95.050 25.190 1.650
endloop
endfacet
facet normal 0 0 0
outer loop
vertex 95.950 25.190 1.600
vertex 95.050 25.190 1.650
vertex 95.050 25.190 1.600
endloop
endfacet
facet normal 0 0 0
outer loop
vertex 95.050 25.190 1.600
vertex 95.050 25.190 1.650
vertex 95.050 24.910 1.650
endloop
endfacet
facet normal 0 0 0
outer loop
vertex 95.050 25.190 1.600
vertex 95.050 24.910 1.650
vertex 95.050 24.910 1.600
endloop
endfacet
facet normal 0 0 0
outer loop
vertex 92.360 22.600 1.600
vertex 92.640 22.600 1.600
vertex 92.640 23.500 1.600
endloop
endfacet
facet normal 0 0 0
outer loop
vertex 92.360 22.600 1.600
vertex 92.640 23.500 1.600
vertex 92.360 23.500 1.600
endloop
endfacet
facet normal 0 0 0
outer loop
vertex 92.360 22.600 1.650
vertex 92.640 23.500 1.650
vertex 92.640 22.600 1.650
endloop
endfacet
facet normal 0 0 0
outer loop
vertex 92.360 22.600 1.650
vertex 92.640 22.600 1.650
vertex 92.360 22.600 1.650
endloop
endfacet
facet normal 0 0 0
outer loop
vertex 92.360 22.600 1.600
vertex 92.360 22.600 1.650
vertex 92.640 22.600 1.650
endloop
endfacet
facet normal 0 0 0
outer loop
vertex 92.360 22.600 1.600
vertex 92.640 22.600 1.650
vertex 92.640 22.600 1.600
endloop
endfacet
facet normal 0 0 0
outer loop
vertex 92.640 22.600 1.600
vertex 92.640 22.600 1.650
vertex 92.640 23.500 1.650
endloop
endfacet
facet normal 0 0 0
outer loop
vertex 92.640 22.600 1.600
vertex 92.640 23.500 1.650
vertex 92.640 23.500 1.600
endloop
endfacet
facet normal 0 0 0
outer loop
vertex 92.640 23.500 1.600
vertex 92.640 23.500 1.650
vertex 92.360 23.500 1.650
endloop
endfacet
facet normal 0 0 0
outer loop
vertex 92.640 23.500 1.600
vertex 92.360 23.500 1.650
vertex 92.360 23.500 1.600
endloop
endfacet
facet normal 0 0 0
outer loop
vertex 92.360 23.500 1.600
vertex 92.360 23.500 1.650
vertex 92.360 22.600 1.650
endloop
endfacet
facet normal 0 0 0
outer loop
vertex 92.360 23.500 1.600
vertex 92.360 22.600 1.650
vertex 92.360 22.600 1.600
endloop
endfacet
facet normal 0 0 0
outer loop
vertex 90.050 25.410 1.600
vertex 90.950 25.410 1.600
vertex 90.950 25.690 1.600
endloop
endfacet
facet normal 0 0 0
outer loop
vertex 90.050 25.410 1.600
vertex 90.950 25.690 1.600
vertex 90.050 25.690 1.600
endloop
endfacet
facet normal 0 0 0
outer loop
vertex 90.050 25.410 1.650
vertex 90.950 25.690 1.650
vertex 90.950 25.410 1.650
endloop
endfacet
facet normal 0 0 0
outer loop
vertex 90.050 25.410 1.650
vertex 90.950 25.410 1.650
vertex 90.050 25.410 1.650
endloop
endfacet
facet normal 0 0 0
outer loop
vertex 90.050 25.410 1.600
vertex 90.050 25.410 1.650
vertex 90.950 25.410 1.650
endloop
endfacet
facet normal 0 0 0
outer loop
vertex 90.050 25.410 1.600
vertex 90.950 25.410 1.650
vertex 90.950 25.410 1.600
endloop
endfacet
facet normal 0 0 0
outer loop
vertex 90.950 25.410 1.600
vertex 90.950 25.410 1.650
vertex 90.950 25.690 1.650
endloop
endfacet
facet normal 0 0 0
outer loop
vertex 90.950 25.410 1.600
vertex 90.950 25.690 1.650
vertex 90.950 25.690 1.600
endloop
endfacet
facet normal 0 0 0
outer loop
vertex 90.950 25.690 1.600
vertex 90.950 25.690 1.650
vertex 90.050 25.690 1.650
endloop
endfacet
facet normal 0 0 0
outer loop
vertex 90.950 25.690 1.600
vertex 90.050 25.690 1.650
vertex 90.050 25.690 1.600
endloop
endfacet
facet normal 0 0 0
outer loop
vertex 90.050 25.690 1.600
vertex 90.050 25.690 1.650
vertex 90.050 25.410 1.650
endloop
endfacet
facet normal 0 0 0
outer loop
vertex 90.050 25.690 1.600
vertex 90.050 25.410 1.650
vertex 90.050 25.410 1.600
endloop
endfacet
facet normal 0 0 0
outer loop
vertex 92.860 27.600 1.600
vertex 93.140 27.600 1.600
vertex 93.140 28.500 1.600
endloop
endfacet
facet normal 0 0 0
outer loop
vertex 92.860 27.600 1.600
vertex 93.140 28.500 1.600
vertex 92.860 28.500 1.600
endloop
endfacet
facet normal 0 0 0
outer loop
vertex 92.860 27.600 1.650
vertex 93.140 28.500 1.650
vertex 93.140 27.600 1.650
endloop
endfacet
facet normal 0 0 0
outer loop
vertex 92.860 27.600 1.650
vertex 93.140 27.600 1.650
vertex 92.860 27.600 1.650
endloop
endfacet
facet normal 0 0 0
outer loop
vertex 92.860 27.600 1.600
vertex 92.860 27.600 1.650
vertex 93.140 27.600 1.650
endloop
endfacet
facet normal 0 0 0
outer loop
vertex 92.860 27.600 1.600
vertex 93.140 27.600 1.650
vertex 93.140 27.600 1.600
endloop
endfacet
facet normal 0 0 0
outer loop
vertex 93.140 27.600 1.600
vertex 93.140 27.600 1.650
vertex 93.140 28.500 1.650
endloop
endfacet
facet normal 0 0 0
outer loop
vertex 93.140 27.600 1.600
vertex 93.140 28.500 1.650
vertex 93.140 28.500 1.600
endloop
endfacet
facet normal 0 0 0
outer loop
vertex 93.140 28.500 1.600
vertex 93.140 28.500 1.650
vertex 92.860 28.500 1.650
endloop
endfacet
facet normal 0 0 0
outer loop
vertex 93.140 28.500 1.600
vertex 92.860 28.500 1.650
vertex 92.860 28.500 1.600
endloop
endfacet
facet normal 0 0 0
outer loop
vertex 92.860 28.500 1.600
vertex 92.860 28.500 1.650
vertex 92.860 27.600 1.650
endloop
endfacet
facet normal 0 0 0
outer loop
vertex 92.860 28.500 1.600
vertex 92.860 27.600 1.650
vertex 92.860 27.600 1.600
endloop
endfacet
facet normal 0 0 0
outer loop
vertex 95.050 25.410 1.600
vertex 95.950 25.410 1.600
vertex 95.950 25.690 1.600
endloop
endfacet
facet normal 0 0 0
outer loop
vertex 95.050 25.410 1.600
vertex 95.950 25.690 1.600
vertex 95.050 25.690 1.600
endloop
endfacet
facet normal 0 0 0
outer loop
vertex 95.050 25.410 1.650
vertex 95.950 25.690 1.650
vertex 95.950 25.410 1.650
endloop
endfacet
facet normal 0 0 0
outer loop
vertex 95.050 25.410 1.650
vertex 95.950 25.410 1.650
vertex 95.050 25.410 1.650
endloop
endfacet
facet normal 0 0 0
outer loop
vertex 95.050 25.410 1.600
vertex 95.050 25.410 1.650
vertex 95.950 25.410 1.650
endloop
endfacet
facet normal 0 0 0
outer loop
vertex 95.050 25.410 1.600
vertex 95.950 25.410 1.650
vertex 95.950 25.410 1.600
endloop
endfacet
facet normal 0 0 0
outer loop
vertex 95.950 25.410 1.600
vertex 95.950 25.410 1.650
vertex 95.950 25.690 1.650
endloop
endfacet
facet normal 0 0 0
outer loop
vertex 95.950 25.410 1.600
vertex 95.950 25.690 1.650
vertex 95.950 25.690 1.600
endloop
endfacet
facet normal 0 0 0
outer loop
vertex 95.950 25.690 1.600
vertex 95.950 25.690 1.650
vertex 95.050 25.690 1.650
endloop
endfacet
facet normal 0 0 0
outer loop
vertex 95.950 25.690 1.600
vertex 95.050 25.690 1.650
vertex 95.050 25.690 1.600
endloop
endfacet
facet normal 0 0 0
outer loop
vertex 95.050 25.690 1.600
vertex 95.050 25.690 1.650
vertex 95.050 25.410 1.650
endloop
endfacet
facet normal 0 0 0
outer loop
vertex 95.050 25.690 1.600
vertex 95.050 25.410 1.650
vertex 95.050 25.410 1.600
endloop
endfacet
facet normal 0 0 0
outer loop
vertex 92.860 22.600 1.600
vertex 93.140 22.600 1.600
vertex 93.140 23.500 1.600
endloop
endfacet
facet normal 0 0 0
outer loop
vertex 92.860 22.600 1.600
vertex 93.140 23.500 1.600
vertex 92.860 23.500 1.600
endloop
endfacet
facet normal 0 0 0
outer loop
vertex 92.860 22.600 1.650
vertex 93.140 23.500 1.650
vertex 93.140 22.600 1.650
endloop
endfacet
facet normal 0 0 0
outer loop
vertex 92.860 22.600 1.650
vertex 93.140 22.600 1.650
vertex 92.860 22.600 1.650
endloop
endfacet
facet normal 0 0 0
outer loop
vertex 92.860 22.600 1.600
vertex 92.860 22.600 1.650
vertex 93.140 22.600 1.650
endloop
endfacet
facet normal 0 0 0
outer loop
vertex 92.860 22.600 1.600
vertex 93.140 22.600 1.650
vertex 93.140 22.600 1.600
endloop
endfacet
facet normal 0 0 0
outer loop
vertex 93.140 22.600 1.600
vertex 93.140 22.600 1.650
vertex 93.140 23.500 1.650
endloop
endfacet
facet normal 0 0 0
outer loop
vertex 93.140 22.600 1.600
vertex 93.140 23.500 1.650
vertex 93.140 23.500 1.600
endloop
endfacet
facet normal 0 0 0
outer loop
vertex 93.140 23.500 1.600
vertex 93.140 23.500 1.650
vertex 92.860 23.500 1.650
endloop
endfacet
facet normal 0 0 0
outer loop
vertex 93.140 23.500 1.600
vertex 92.860 23.500 1.650
vertex 92.860 23.500 1.600
endloop
endfacet
facet normal 0 0 0
outer loop
vertex 92.860 23.500 1.600
vertex 92.860 23.500 1.650
vertex 92.860 22.600 1.650
endloop
endfacet
facet normal 0 0 0
outer loop
vertex 92.860 23.500 1.600
vertex 92.860 22.600 1.650
vertex 92.860 22.600 1.600
endloop
endfacet
facet normal 0 0 0
outer loop
vertex 90.050 24.910 1.600
vertex 90.950 24.910 1.600
vertex 90.950 25.190 1.600
endloop
endfacet
facet normal 0 0 0
outer loop
vertex 90.050 24.910 1.600
vertex 90.950 25.190 1.600
vertex 90.050 25.190 1.600
endloop
endfacet
facet normal 0 0 0
outer loop
vertex 90.050 24.910 1.650
vertex 90.950 25.190 1.650
vertex 90.950 24.910 1.650
endloop
endfacet
facet normal 0 0 0
outer loop
vertex 90.050 24.910 1.650
vertex 90.950 24.910 1.650
vertex 90.050 24.910 1.650
endloop
endfacet
facet normal 0 0 0
outer loop
vertex 90.050 24.910 1.600
vertex 90.050 24.910 1.650
vertex 90.950 24.910 1.650
endloop
endfacet
facet normal 0 0 0
outer loop
vertex 90.050 24.910 1.600
vertex 90.950 24.910 1.650
vertex 90.950 24.910 1.600
endloop
endfacet
facet normal 0 0 0
outer loop
vertex 90.950 24.910 1.600
vertex 90.950 24.910 1.650
vertex 90.950 25.190 1.650
endloop
endfacet
facet normal 0 0 0
outer loop
vertex 90.950 24.910 1.600
vertex 90.950 25.190 1.650
vertex 90.950 25.190 1.600
endloop
endfacet
facet normal 0 0 0
outer loop
vertex 90.950 25.190 1.600
vertex 90.950 25.190 1.650
vertex 90.050 25.190 1.650
endloop
endfacet
facet normal 0 0 0
outer loop
vertex 90.950 25.190 1.600
vertex 90.050 25.190 1.650
vertex 90.050 25.190 1.600
endloop
endfacet
facet normal 0 0 0
outer loop
vertex 90.050 25.190 1.600
vertex 90.050 25.190 1.650
vertex 90.050 24.910 1.650
endloop
endfacet
facet normal 0 0 0
outer loop
vertex 90.050 25.190 1.600
vertex 90.050 24.910 1.650
vertex 90.050 24.910 1.600
endloop
endfacet
facet normal 0 0 0
outer loop
vertex 92.360 27.600 1.600
vertex 92.640 27.600 1.600
vertex 92.640 28.500 1.600
endloop
endfacet
facet normal 0 0 0
outer loop
vertex 92.360 27.600 1.600
vertex 92.640 28.500 1.600
vertex 92.360 28.500 1.600
endloop
endfacet
facet normal 0 0 0
outer loop
vertex 92.360 27.600 1.650
vertex 92.640 28.500 1.650
vertex 92.640 27.600 1.650
endloop
endfacet
facet normal 0 0 0
outer loop
vertex 92.360 27.600 1.650
vertex 92.640 27.600 1.650
vertex 92.360 27.600 1.650
endloop
endfacet
facet normal 0 0 0
outer loop
vertex 92.360 27.600 1.600
vertex 92.360 27.600 1.650
vertex 92.640 27.600 1.650
endloop
endfacet
facet normal 0 0 0
outer loop
vertex 92.360 27.600 1.600
vertex 92.640 27.600 1.650
vertex 92.640 27.600 1.600
endloop
endfacet
facet normal 0 0 0
outer loop
vertex 92.640 27.600 1.600
vertex 92.640 27.600 1.650
vertex 92.640 28.500 1.650
endloop
endfacet
facet normal 0 0 0
outer loop
vertex 92.640 27.600 1.600
vertex 92.640 28.500 1.650
vertex 92.640 28.500 1.600
endloop
endfacet
facet normal 0 0 0
outer loop
vertex 92.640 28.500 1.600
vertex 92.640 28.500 1.650
vertex 92.360 28.500 1.650
endloop
endfacet
facet normal 0 0 0
outer loop
vertex 92.640 28.500 1.600
vertex 92.360 28.500 1.650
vertex 92.360 28.500 1.600
endloop
endfacet
facet normal 0 0 0
outer loop
vertex 92.360 28.500 1.600
vertex 92.360 28.500 1.650
vertex 92.360 27.600 1.650
endloop
endfacet
facet normal 0 0 0
outer loop
vertex 92.360 28.500 1.600
vertex 92.360 27.600 1.650
vertex 92.360 27.600 1.600
endloop
endfacet
facet normal 0 0 0
outer loop
vertex 95.050 25.910 1.600
vertex 95.950 25.910 1.600
vertex 95.950 26.190 1.600
endloop
endfacet
facet normal 0 0 0
outer loop
vertex 95.050 25.910 1.600
vertex 95.950 26.190 1.600
vertex 95.050 26.190 1.600
endloop
endfacet
facet normal 0 0 0
outer loop
vertex 95.050 25.910 1.650
vertex 95.950 26.190 1.650
vertex 95.950 25.910 1.650
endloop
endfacet
facet normal 0 0 0
outer loop
vertex 95.050 25.910 1.650
vertex 95.950 25.910 1.650
vertex 95.050 25.910 1.650
endloop
endfacet
facet normal 0 0 0
outer loop
vertex 95.050 25.910 1.600
vertex 95.050 25.910 1.650
vertex 95.950 25.910 1.650
endloop
endfacet
facet normal 0 0 0
outer loop
vertex 95.050 25.910 1.600
vertex 95.950 25.910 1.650
vertex 95.950 25.910 1.600
endloop
endfacet
facet normal 0 0 0
outer loop
vertex 95.950 25.910 1.600
vertex 95.950 25.910 1.650
vertex 95.950 26.190 1.650
endloop
endfacet
facet normal 0 0 0
outer loop
vertex 95.950 25.910 1.600
vertex 95.950 26.190 1.650
vertex 95.950 26.190 1.600
endloop
endfacet
facet normal 0 0 0
outer loop
vertex 95.950 26.190 1.600
vertex 95.950 26.190 1.650
vertex 95.050 26.190 1.650
endloop
endfacet
facet normal 0 0 0
outer loop
vertex 95.950 26.190 1.600
vertex 95.050 26.190 1.650
vertex 95.050 26.190 1.600
endloop
endfacet
facet normal 0 0 0
outer loop
vertex 95.050 26.190 1.600
vertex 95.050 26.190 1.650
vertex 95.050 25.910 1.650
endloop
endfacet
facet normal 0 0 0
outer loop
vertex 95.050 26.190 1.600
vertex 95.050 25.910 1.650
vertex 95.050 25.910 1.600
endloop
endfacet
facet normal 0 0 0
outer loop
vertex 93.360 22.600 1.600
vertex 93.640 22.600 1.600
vertex 93.640 23.500 1.600
endloop
endfacet
facet normal 0 0 0
outer loop
vertex 93.360 22.600 1.600
vertex 93.640 23.500 1.600
vertex 93.360 23.500 1.600
endloop
endfacet
facet normal 0 0 0
outer loop
vertex 93.360 22.600 1.650
vertex 93.640 23.500 1.650
vertex 93.640 22.600 1.650
endloop
endfacet
facet normal 0 0 0
outer loop
vertex 93.360 22.600 1.650
vertex 93.640 22.600 1.650
vertex 93.360 22.600 1.650
endloop
endfacet
facet normal 0 0 0
outer loop
vertex 93.360 22.600 1.600
vertex 93.360 22.600 1.650
vertex 93.640 22.600 1.650
endloop
endfacet
facet normal 0 0 0
outer loop
vertex 93.360 22.600 1.600
vertex 93.640 22.600 1.650
vertex 93.640 22.600 1.600
endloop
endfacet
facet normal 0 0 0
outer loop
vertex 93.640 22.600 1.600
vertex 93.640 22.600 1.650
vertex 93.640 23.500 1.650
endloop
endfacet
facet normal 0 0 0
outer loop
vertex 93.640 22.600 1.600
vertex 93.640 23.500 1.650
vertex 93.640 23.500 1.600
endloop
endfacet
facet normal 0 0 0
outer loop
vertex 93.640 23.500 1.600
vertex 93.640 23.500 1.650
vertex 93.360 23.500 1.650
endloop
endfacet
facet normal 0 0 0
outer loop
vertex 93.640 23.500 1.600
vertex 93.360 23.500 1.650
vertex 93.360 23.500 1.600
endloop
endfacet
facet normal 0 0 0
outer loop
vertex 93.360 23.500 1.600
vertex 93.360 23.500 1.650
vertex 93.360 22.600 1.650
endloop
endfacet
facet normal 0 0 0
outer loop
vertex 93.360 23.500 1.600
vertex 93.360 22.600 1.650
vertex 93.360 22.600 1.600
endloop
endfacet
facet normal 0 0 0
outer loop
vertex 90.050 24.410 1.600
vertex 90.950 24.410 1.600
vertex 90.950 24.690 1.600
endloop
endfacet
facet normal 0 0 0
outer loop
vertex 90.050 24.410 1.600
vertex 90.950 24.690 1.600
vertex 90.050 24.690 1.600
endloop
endfacet
facet normal 0 0 0
outer loop
vertex 90.050 24.410 1.650
vertex 90.950 24.690 1.650
vertex 90.950 24.410 1.650
endloop
endfacet
facet normal 0 0 0
outer loop
vertex 90.050 24.410 1.650
vertex 90.950 24.410 1.650
vertex 90.050 24.410 1.650
endloop
endfacet
facet normal 0 0 0
outer loop
vertex 90.050 24.410 1.600
vertex 90.050 24.410 1.650
vertex 90.950 24.410 1.650
endloop
endfacet
facet normal 0 0 0
outer loop
vertex 90.050 24.410 1.600
vertex 90.950 24.410 1.650
vertex 90.950 24.410 1.600
endloop
endfacet
facet normal 0 0 0
outer loop
vertex 90.950 24.410 1.600
vertex 90.950 24.410 1.650
vertex 90.950 24.690 1.650
endloop
endfacet
facet normal 0 0 0
outer loop
vertex 90.950 24.410 1.600
vertex 90.950 24.690 1.650
vertex 90.950 24.690 1.600
endloop
endfacet
facet normal 0 0 0
outer loop
vertex 90.950 24.690 1.600
vertex 90.950 24.690 1.650
vertex 90.050 24.690 1.650
endloop
endfacet
facet normal 0 0 0
outer loop
vertex 90.950 24.690 1.600
vertex 90.050 24.690 1.650
vertex 90.050 24.690 1.600
endloop
endfacet
facet normal 0 0 0
outer loop
vertex 90.050 24.690 1.600
vertex 90.050 24.690 1.650
vertex 90.050 24.410 1.650
endloop
endfacet
facet normal 0 0 0
outer loop
vertex 90.050 24.690 1.600
vertex 90.050 24.410 1.650
vertex 90.050 24.410 1.600
endloop
endfacet
facet normal 0 0 0
outer loop
vertex 91.860 27.600 1.600
vertex 92.140 27.600 1.600
vertex 92.140 28.500 1.600
endloop
endfacet
facet normal 0 0 0
outer loop
vertex 91.860 27.600 1.600
vertex 92.140 28.500 1.600
vertex 91.860 28.500 1.600
endloop
endfacet
facet normal 0 0 0
outer loop
vertex 91.860 27.600 1.650
vertex 92.140 28.500 1.650
vertex 92.140 27.600 1.650
endloop
endfacet
facet normal 0 0 0
outer loop
vertex 91.860 27.600 1.650
vertex 92.140 27.600 1.650
vertex 91.860 27.600 1.650
endloop
endfacet
facet normal 0 0 0
outer loop
vertex 91.860 27.600 1.600
vertex 91.860 27.600 1.650
vertex 92.140 27.600 1.650
endloop
endfacet
facet normal 0 0 0
outer loop
vertex 91.860 27.600 1.600
vertex 92.140 27.600 1.650
vertex 92.140 27.600 1.600
endloop
endfacet
facet normal 0 0 0
outer loop
vertex 92.140 27.600 1.600
vertex 92.140 27.600 1.650
vertex 92.140 28.500 1.650
endloop
endfacet
facet normal 0 0 0
outer loop
vertex 92.140 27.600 1.600
vertex 92.140 28.500 1.650
vertex 92.140 28.500 1.600
endloop
endfacet
facet normal 0 0 0
outer loop
vertex 92.140 28.500 1.600
vertex 92.140 28.500 1.650
vertex 91.860 28.500 1.650
endloop
endfacet
facet normal 0 0 0
outer loop
vertex 92.140 28.500 1.600
vertex 91.860 28.500 1.650
vertex 91.860 28.500 1.600
endloop
endfacet
facet normal 0 0 0
outer loop
vertex 91.860 28.500 1.600
vertex 91.860 28.500 1.650
vertex 91.860 27.600 1.650
endloop
endfacet
facet normal 0 0 0
outer loop
vertex 91.860 28.500 1.600
vertex 91.860 27.600 1.650
vertex 91.860 27.600 1.600
endloop
endfacet
facet normal 0 0 0
outer loop
vertex 95.050 26.410 1.600
vertex 95.950 26.410 1.600
vertex 95.950 26.690 1.600
endloop
endfacet
facet normal 0 0 0
outer loop
vertex 95.050 26.410 1.600
vertex 95.950 26.690 1.600
vertex 95.050 26.690 1.600
endloop
endfacet
facet normal 0 0 0
outer loop
vertex 95.050 26.410 1.650
vertex 95.950 26.690 1.650
vertex 95.950 26.410 1.650
endloop
endfacet
facet normal 0 0 0
outer loop
vertex 95.050 26.410 1.650
vertex 95.950 26.410 1.650
vertex 95.050 26.410 1.650
endloop
endfacet
facet normal 0 0 0
outer loop
vertex 95.050 26.410 1.600
vertex 95.050 26.410 1.650
vertex 95.950 26.410 1.650
endloop
endfacet
facet normal 0 0 0
outer loop
vertex 95.050 26.410 1.600
vertex 95.950 26.410 1.650
vertex 95.950 26.410 1.600
endloop
endfacet
facet normal 0 0 0
outer loop
vertex 95.950 26.410 1.600
vertex 95.950 26.410 1.650
vertex 95.950 26.690 1.650
endloop
endfacet
facet normal 0 0 0
outer loop
vertex 95.950 26.410 1.600
vertex 95.950 26.690 1.650
vertex 95.950 26.690 1.600
endloop
endfacet
facet normal 0 0 0
outer loop
vertex 95.950 26.690 1.600
vertex 95.950 26.690 1.650
vertex 95.050 26.690 1.650
endloop
endfacet
facet normal 0 0 0
outer loop
vertex 95.950 26.690 1.600
vertex 95.050 26.690 1.650
vertex 95.050 26.690 1.600
endloop
endfacet
facet normal 0 0 0
outer loop
vertex 95.050 26.690 1.600
vertex 95.050 26.690 1.650
vertex 95.050 26.410 1.650
endloop
endfacet
facet normal 0 0 0
outer loop
vertex 95.050 26.690 1.600
vertex 95.050 26.410 1.650
vertex 95.050 26.410 1.600
endloop
endfacet
facet normal 0 0 0
outer loop
vertex 93.860 22.600 1.600
vertex 94.140 22.600 1.600
vertex 94.140 23.500 1.600
endloop
endfacet
facet normal 0 0 0
outer loop
vertex 93.860 22.600 1.600
vertex 94.140 23.500 1.600
vertex 93.860 23.500 1.600
endloop
endfacet
facet normal 0 0 0
outer loop
vertex 93.860 22.600 1.650
vertex 94.140 23.500 1.650
vertex 94.140 22.600 1.650
endloop
endfacet
facet normal 0 0 0
outer loop
vertex 93.860 22.600 1.650
vertex 94.140 22.600 1.650
vertex 93.860 22.600 1.650
endloop
endfacet
facet normal 0 0 0
outer loop
vertex 93.860 22.600 1.600
vertex 93.860 22.600 1.650
vertex 94.140 22.600 1.650
endloop
endfacet
facet normal 0 0 0
outer loop
vertex 93.860 22.600 1.600
vertex 94.140 22.600 1.650
vertex 94.140 22.600 1.600
endloop
endfacet
facet normal 0 0 0
outer loop
vertex 94.140 22.600 1.600
vertex 94.140 22.600 1.650
vertex 94.140 23.500 1.650
endloop
endfacet
facet normal 0 0 0
outer loop
vertex 94.140 22.600 1.600
vertex 94.140 23.500 1.650
vertex 94.140 23.500 1.600
endloop
endfacet
facet normal 0 0 0
outer loop
vertex 94.140 23.500 1.600
vertex 94.140 23.500 1.650
vertex 93.860 23.500 1.650
endloop
endfacet
facet normal 0 0 0
outer loop
vertex 94.140 23.500 1.600
vertex 93.860 23.500 1.650
vertex 93.860 23.500 1.600
endloop
endfacet
facet normal 0 0 0
outer loop
vertex 93.860 23.500 1.600
vertex 93.860 23.500 1.650
vertex 93.860 22.600 1.650
endloop
endfacet
facet normal 0 0 0
outer loop
vertex 93.860 23.500 1.600
vertex 93.860 22.600 1.650
vertex 93.860 22.600 1.600
endloop
endfacet
facet normal 0 0 0
outer loop
vertex 90.050 23.910 1.600
vertex 90.950 23.910 1.600
vertex 90.950 24.190 1.600
endloop
endfacet
facet normal 0 0 0
outer loop
vertex 90.050 23.910 1.600
vertex 90.950 24.190 1.600
vertex 90.050 24.190 1.600
endloop
endfacet
facet normal 0 0 0
outer loop
vertex 90.050 23.910 1.650
vertex 90.950 24.190 1.650
vertex 90.950 23.910 1.650
endloop
endfacet
facet normal 0 0 0
outer loop
vertex 90.050 23.910 1.650
vertex 90.950 23.910 1.650
vertex 90.050 23.910 1.650
endloop
endfacet
facet normal 0 0 0
outer loop
vertex 90.050 23.910 1.600
vertex 90.050 23.910 1.650
vertex 90.950 23.910 1.650
endloop
endfacet
facet normal 0 0 0
outer loop
vertex 90.050 23.910 1.600
vertex 90.950 23.910 1.650
vertex 90.950 23.910 1.600
endloop
endfacet
facet normal 0 0 0
outer loop
vertex 90.950 23.910 1.600
vertex 90.950 23.910 1.650
vertex 90.950 24.190 1.650
endloop
endfacet
facet normal 0 0 0
outer loop
vertex 90.950 23.910 1.600
vertex 90.950 24.190 1.650
vertex 90.950 24.190 1.600
endloop
endfacet
facet normal 0 0 0
outer loop
vertex 90.950 24.190 1.600
vertex 90.950 24.190 1.650
vertex 90.050 24.190 1.650
endloop
endfacet
facet normal 0 0 0
outer loop
vertex 90.950 24.190 1.600
vertex 90.050 24.190 1.650
vertex 90.050 24.190 1.600
endloop
endfacet
facet normal 0 0 0
outer loop
vertex 90.050 24.190 1.600
vertex 90.050 24.190 1.650
vertex 90.050 23.910 1.650
endloop
endfacet
facet normal 0 0 0
outer loop
vertex 90.050 24.190 1.600
vertex 90.050 23.910 1.650
vertex 90.050 23.910 1.600
endloop
endfacet
facet normal 0 0 0
outer loop
vertex 91.360 27.600 1.600
vertex 91.640 27.600 1.600
vertex 91.640 28.500 1.600
endloop
endfacet
facet normal 0 0 0
outer loop
vertex 91.360 27.600 1.600
vertex 91.640 28.500 1.600
vertex 91.360 28.500 1.600
endloop
endfacet
facet normal 0 0 0
outer loop
vertex 91.360 27.600 1.650
vertex 91.640 28.500 1.650
vertex 91.640 27.600 1.650
endloop
endfacet
facet normal 0 0 0
outer loop
vertex 91.360 27.600 1.650
vertex 91.640 27.600 1.650
vertex 91.360 27.600 1.650
endloop
endfacet
facet normal 0 0 0
outer loop
vertex 91.360 27.600 1.600
vertex 91.360 27.600 1.650
vertex 91.640 27.600 1.650
endloop
endfacet
facet normal 0 0 0
outer loop
vertex 91.360 27.600 1.600
vertex 91.640 27.600 1.650
vertex 91.640 27.600 1.600
endloop
endfacet
facet normal 0 0 0
outer loop
vertex 91.640 27.600 1.600
vertex 91.640 27.600 1.650
vertex 91.640 28.500 1.650
endloop
endfacet
facet normal 0 0 0
outer loop
vertex 91.640 27.600 1.600
vertex 91.640 28.500 1.650
vertex 91.640 28.500 1.600
endloop
endfacet
facet normal 0 0 0
outer loop
vertex 91.640 28.500 1.600
vertex 91.640 28.500 1.650
vertex 91.360 28.500 1.650
endloop
endfacet
facet normal 0 0 0
outer loop
vertex 91.640 28.500 1.600
vertex 91.360 28.500 1.650
vertex 91.360 28.500 1.600
endloop
endfacet
facet normal 0 0 0
outer loop
vertex 91.360 28.500 1.600
vertex 91.360 28.500 1.650
vertex 91.360 27.600 1.650
endloop
endfacet
facet normal 0 0 0
outer loop
vertex 91.360 28.500 1.600
vertex 91.360 27.600 1.650
vertex 91.360 27.600 1.600
endloop
endfacet
facet normal 0 0 0
outer loop
vertex 95.050 26.910 1.600
vertex 95.950 26.910 1.600
vertex 95.950 27.190 1.600
endloop
endfacet
facet normal 0 0 0
outer loop
vertex 95.050 26.910 1.600
vertex 95.950 27.190 1.600
vertex 95.050 27.190 1.600
endloop
endfacet
facet normal 0 0 0
outer loop
vertex 95.050 26.910 1.650
vertex 95.950 27.190 1.650
vertex 95.950 26.910 1.650
endloop
endfacet
facet normal 0 0 0
outer loop
vertex 95.050 26.910 1.650
vertex 95.950 26.910 1.650
vertex 95.050 26.910 1.650
endloop
endfacet
facet normal 0 0 0
outer loop
vertex 95.050 26.910 1.600
vertex 95.050 26.910 1.650
vertex 95.950 26.910 1.650
endloop
endfacet
facet normal 0 0 0
outer loop
vertex 95.050 26.910 1.600
vertex 95.950 26.910 1.650
vertex 95.950 26.910 1.600
endloop
endfacet
facet normal 0 0 0
outer loop
vertex 95.950 26.910 1.600
vertex 95.950 26.910 1.650
vertex 95.950 27.190 1.650
endloop
endfacet
facet normal 0 0 0
outer loop
vertex 95.950 26.910 1.600
vertex 95.950 27.190 1.650
vertex 95.950 27.190 1.600
endloop
endfacet
facet normal 0 0 0
outer loop
vertex 95.950 27.190 1.600
vertex 95.950 27.190 1.650
vertex 95.050 27.190 1.650
endloop
endfacet
facet normal 0 0 0
outer loop
vertex 95.950 27.190 1.600
vertex 95.050 27.190 1.650
vertex 95.050 27.190 1.600
endloop
endfacet
facet normal 0 0 0
outer loop
vertex 95.050 27.190 1.600
vertex 95.050 27.190 1.650
vertex 95.050 26.910 1.650
endloop
endfacet
facet normal 0 0 0
outer loop
vertex 95.050 27.190 1.600
vertex 95.050 26.910 1.650
vertex 95.050 26.910 1.600
endloop
endfacet
facet normal 0 0 0
outer loop
vertex 94.360 22.600 1.600
vertex 94.640 22.600 1.600
vertex 94.640 23.500 1.600
endloop
endfacet
facet normal 0 0 0
outer loop
vertex 94.360 22.600 1.600
vertex 94.640 23.500 1.600
vertex 94.360 23.500 1.600
endloop
endfacet
facet normal 0 0 0
outer loop
vertex 94.360 22.600 1.650
vertex 94.640 23.500 1.650
vertex 94.640 22.600 1.650
endloop
endfacet
facet normal 0 0 0
outer loop
vertex 94.360 22.600 1.650
vertex 94.640 22.600 1.650
vertex 94.360 22.600 1.650
endloop
endfacet
facet normal 0 0 0
outer loop
vertex 94.360 22.600 1.600
vertex 94.360 22.600 1.650
vertex 94.640 22.600 1.650
endloop
endfacet
facet normal 0 0 0
outer loop
vertex 94.360 22.600 1.600
vertex 94.640 22.600 1.650
vertex 94.640 22.600 1.600
endloop
endfacet
facet normal 0 0 0
outer loop
vertex 94.640 22.600 1.600
vertex 94.640 22.600 1.650
vertex 94.640 23.500 1.650
endloop
endfacet
facet normal 0 0 0
outer loop
vertex 94.640 22.600 1.600
vertex 94.640 23.500 1.650
vertex 94.640 23.500 1.600
endloop
endfacet
facet normal 0 0 0
outer loop
vertex 94.640 23.500 1.600
vertex 94.640 23.500 1.650
vertex 94.360 23.500 1.650
endloop
endfacet
facet normal 0 0 0
outer loop
vertex 94.640 23.500 1.600
vertex 94.360 23.500 1.650
vertex 94.360 23.500 1.600
endloop
endfacet
facet normal 0 0 0
outer loop
vertex 94.360 23.500 1.600
vertex 94.360 23.500 1.650
vertex 94.360 22.600 1.650
endloop
endfacet
facet normal 0 0 0
outer loop
vertex 94.360 23.500 1.600
vertex 94.360 22.600 1.650
vertex 94.360 22.600 1.600
endloop
endfacet
facet normal 0 0 0
outer loop
vertex 91.500 24.050 1.600
vertex 94.500 24.050 1.600
vertex 94.500 27.050 1.600
endloop
endfacet
facet normal 0 0 0
outer loop
vertex 91.500 24.050 1.600
vertex 94.500 27.050 1.600
vertex 91.500 27.050 1.600
endloop
endfacet
facet normal 0 0 0
outer loop
vertex 91.500 24.050 1.650
vertex 94.500 27.050 1.650
vertex 94.500 24.050 1.650
endloop
endfacet
facet normal 0 0 0
outer loop
vertex 91.500 24.050 1.650
vertex 94.500 24.050 1.650
vertex 91.500 24.050 1.650
endloop
endfacet
facet normal 0 0 0
outer loop
vertex 91.500 24.050 1.600
vertex 91.500 24.050 1.650
vertex 94.500 24.050 1.650
endloop
endfacet
facet normal 0 0 0
outer loop
vertex 91.500 24.050 1.600
vertex 94.500 24.050 1.650
vertex 94.500 24.050 1.600
endloop
endfacet
facet normal 0 0 0
outer loop
vertex 94.500 24.050 1.600
vertex 94.500 24.050 1.650
vertex 94.500 27.050 1.650
endloop
endfacet
facet normal 0 0 0
outer loop
vertex 94.500 24.050 1.600
vertex 94.500 27.050 1.650
vertex 94.500 27.050 1.600
endloop
endfacet
facet normal 0 0 0
outer loop
vertex 94.500 27.050 1.600
vertex 94.500 27.050 1.650
vertex 91.500 27.050 1.650
endloop
endfacet
facet normal 0 0 0
outer loop
vertex 94.500 27.050 1.600
vertex 91.500 27.050 1.650
vertex 91.500 27.050 1.600
endloop
endfacet
facet normal 0 0 0
outer loop
vertex 91.500 27.050 1.600
vertex 91.500 27.050 1.650
vertex 91.500 24.050 1.650
endloop
endfacet
facet normal 0 0 0
outer loop
vertex 91.500 27.050 1.600
vertex 91.500 24.050 1.650
vertex 91.500 24.050 1.600
endloop
endfacet
facet normal 0 0 0
outer loop
vertex 118.050 26.910 1.600
vertex 118.950 26.910 1.600
vertex 118.950 27.190 1.600
endloop
endfacet
facet normal 0 0 0
outer loop
vertex 118.050 26.910 1.600
vertex 118.950 27.190 1.600
vertex 118.050 27.190 1.600
endloop
endfacet
facet normal 0 0 0
outer loop
vertex 118.050 26.910 1.650
vertex 118.950 27.190 1.650
vertex 118.950 26.910 1.650
endloop
endfacet
facet normal 0 0 0
outer loop
vertex 118.050 26.910 1.650
vertex 118.950 26.910 1.650
vertex 118.050 26.910 1.650
endloop
endfacet
facet normal 0 0 0
outer loop
vertex 118.050 26.910 1.600
vertex 118.050 26.910 1.650
vertex 118.950 26.910 1.650
endloop
endfacet
facet normal 0 0 0
outer loop
vertex 118.050 26.910 1.600
vertex 118.950 26.910 1.650
vertex 118.950 26.910 1.600
endloop
endfacet
facet normal 0 0 0
outer loop
vertex 118.950 26.910 1.600
vertex 118.950 26.910 1.650
vertex 118.950 27.190 1.650
endloop
endfacet
facet normal 0 0 0
outer loop
vertex 118.950 26.910 1.600
vertex 118.950 27.190 1.650
vertex 118.950 27.190 1.600
endloop
endfacet
facet normal 0 0 0
outer loop
vertex 118.950 27.190 1.600
vertex 118.950 27.190 1.650
vertex 118.050 27.190 1.650
endloop
endfacet
facet normal 0 0 0
outer loop
vertex 118.950 27.190 1.600
vertex 118.050 27.190 1.650
vertex 118.050 27.190 1.600
endloop
endfacet
facet normal 0 0 0
outer loop
vertex 118.050 27.190 1.600
vertex 118.050 27.190 1.650
vertex 118.050 26.910 1.650
endloop
endfacet
facet normal 0 0 0
outer loop
vertex 118.050 27.190 1.600
vertex 118.050 26.910 1.650
vertex 118.050 26.910 1.600
endloop
endfacet
facet normal 0 0 0
outer loop
vertex 122.360 27.600 1.600
vertex 122.640 27.600 1.600
vertex 122.640 28.500 1.600
endloop
endfacet
facet normal 0 0 0
outer loop
vertex 122.360 27.600 1.600
vertex 122.640 28.500 1.600
vertex 122.360 28.500 1.600
endloop
endfacet
facet normal 0 0 0
outer loop
vertex 122.360 27.600 1.650
vertex 122.640 28.500 1.650
vertex 122.640 27.600 1.650
endloop
endfacet
facet normal 0 0 0
outer loop
vertex 122.360 27.600 1.650
vertex 122.640 27.600 1.650
vertex 122.360 27.600 1.650
endloop
endfacet
facet normal 0 0 0
outer loop
vertex 122.360 27.600 1.600
vertex 122.360 27.600 1.650
vertex 122.640 27.600 1.650
endloop
endfacet
facet normal 0 0 0
outer loop
vertex 122.360 27.600 1.600
vertex 122.640 27.600 1.650
vertex 122.640 27.600 1.600
endloop
endfacet
facet normal 0 0 0
outer loop
vertex 122.640 27.600 1.600
vertex 122.640 27.600 1.650
vertex 122.640 28.500 1.650
endloop
endfacet
facet normal 0 0 0
outer loop
vertex 122.640 27.600 1.600
vertex 122.640 28.500 1.650
vertex 122.640 28.500 1.600
endloop
endfacet
facet normal 0 0 0
outer loop
vertex 122.640 28.500 1.600
vertex 122.640 28.500 1.650
vertex 122.360 28.500 1.650
endloop
endfacet
facet normal 0 0 0
outer loop
vertex 122.640 28.500 1.600
vertex 122.360 28.500 1.650
vertex 122.360 28.500 1.600
endloop
endfacet
facet normal 0 0 0
outer loop
vertex 122.360 28.500 1.600
vertex 122.360 28.500 1.650
vertex 122.360 27.600 1.650
endloop
endfacet
facet normal 0 0 0
outer loop
vertex 122.360 28.500 1.600
vertex 122.360 27.600 1.650
vertex 122.360 27.600 1.600
endloop
endfacet
facet normal 0 0 0
outer loop
vertex 123.050 23.910 1.600
vertex 123.950 23.910 1.600
vertex 123.950 24.190 1.600
endloop
endfacet
facet normal 0 0 0
outer loop
vertex 123.050 23.910 1.600
vertex 123.950 24.190 1.600
vertex 123.050 24.190 1.600
endloop
endfacet
facet normal 0 0 0
outer loop
vertex 123.050 23.910 1.650
vertex 123.950 24.190 1.650
vertex 123.950 23.910 1.650
endloop
endfacet
facet normal 0 0 0
outer loop
vertex 123.050 23.910 1.650
vertex 123.950 23.910 1.650
vertex 123.050 23.910 1.650
endloop
endfacet
facet normal 0 0 0
outer loop
vertex 123.050 23.910 1.600
vertex 123.050 23.910 1.650
vertex 123.950 23.910 1.650
endloop
endfacet
facet normal 0 0 0
outer loop
vertex 123.050 23.910 1.600
vertex 123.950 23.910 1.650
vertex 123.950 23.910 1.600
endloop
endfacet
facet normal 0 0 0
outer loop
vertex 123.950 23.910 1.600
vertex 123.950 23.910 1.650
vertex 123.950 24.190 1.650
endloop
endfacet
facet normal 0 0 0
outer loop
vertex 123.950 23.910 1.600
vertex 123.950 24.190 1.650
vertex 123.950 24.190 1.600
endloop
endfacet
facet normal 0 0 0
outer loop
vertex 123.950 24.190 1.600
vertex 123.950 24.190 1.650
vertex 123.050 24.190 1.650
endloop
endfacet
facet normal 0 0 0
outer loop
vertex 123.950 24.190 1.600
vertex 123.050 24.190 1.650
vertex 123.050 24.190 1.600
endloop
endfacet
facet normal 0 0 0
outer loop
vertex 123.050 24.190 1.600
vertex 123.050 24.190 1.650
vertex 123.050 23.910 1.650
endloop
endfacet
facet normal 0 0 0
outer loop
vertex 123.050 24.190 1.600
vertex 123.050 23.910 1.650
vertex 123.050 23.910 1.600
endloop
endfacet
facet normal 0 0 0
outer loop
vertex 119.360 22.600 1.600
vertex 119.640 22.600 1.600
vertex 119.640 23.500 1.600
endloop
endfacet
facet normal 0 0 0
outer loop
vertex 119.360 22.600 1.600
vertex 119.640 23.500 1.600
vertex 119.360 23.500 1.600
endloop
endfacet
facet normal 0 0 0
outer loop
vertex 119.360 22.600 1.650
vertex 119.640 23.500 1.650
vertex 119.640 22.600 1.650
endloop
endfacet
facet normal 0 0 0
outer loop
vertex 119.360 22.600 1.650
vertex 119.640 22.600 1.650
vertex 119.360 22.600 1.650
endloop
endfacet
facet normal 0 0 0
outer loop
vertex 119.360 22.600 1.600
vertex 119.360 22.600 1.650
vertex 119.640 22.600 1.650
endloop
endfacet
facet normal 0 0 0
outer loop
vertex 119.360 22.600 1.600
vertex 119.640 22.600 1.650
vertex 119.640 22.600 1.600
endloop
endfacet
facet normal 0 0 0
outer loop
vertex 119.640 22.600 1.600
vertex 119.640 22.600 1.650
vertex 119.640 23.500 1.650
endloop
endfacet
facet normal 0 0 0
outer loop
vertex 119.640 22.600 1.600
vertex 119.640 23.500 1.650
vertex 119.640 23.500 1.600
endloop
endfacet
facet normal 0 0 0
outer loop
vertex 119.640 23.500 1.600
vertex 119.640 23.500 1.650
vertex 119.360 23.500 1.650
endloop
endfacet
facet normal 0 0 0
outer loop
vertex 119.640 23.500 1.600
vertex 119.360 23.500 1.650
vertex 119.360 23.500 1.600
endloop
endfacet
facet normal 0 0 0
outer loop
vertex 119.360 23.500 1.600
vertex 119.360 23.500 1.650
vertex 119.360 22.600 1.650
endloop
endfacet
facet normal 0 0 0
outer loop
vertex 119.360 23.500 1.600
vertex 119.360 22.600 1.650
vertex 119.360 22.600 1.600
endloop
endfacet
facet normal 0 0 0
outer loop
vertex 118.050 26.410 1.600
vertex 118.950 26.410 1.600
vertex 118.950 26.690 1.600
endloop
endfacet
facet normal 0 0 0
outer loop
vertex 118.050 26.410 1.600
vertex 118.950 26.690 1.600
vertex 118.050 26.690 1.600
endloop
endfacet
facet normal 0 0 0
outer loop
vertex 118.050 26.410 1.650
vertex 118.950 26.690 1.650
vertex 118.950 26.410 1.650
endloop
endfacet
facet normal 0 0 0
outer loop
vertex 118.050 26.410 1.650
vertex 118.950 26.410 1.650
vertex 118.050 26.410 1.650
endloop
endfacet
facet normal 0 0 0
outer loop
vertex 118.050 26.410 1.600
vertex 118.050 26.410 1.650
vertex 118.950 26.410 1.650
endloop
endfacet
facet normal 0 0 0
outer loop
vertex 118.050 26.410 1.600
vertex 118.950 26.410 1.650
vertex 118.950 26.410 1.600
endloop
endfacet
facet normal 0 0 0
outer loop
vertex 118.950 26.410 1.600
vertex 118.950 26.410 1.650
vertex 118.950 26.690 1.650
endloop
endfacet
facet normal 0 0 0
outer loop
vertex 118.950 26.410 1.600
vertex 118.950 26.690 1.650
vertex 118.950 26.690 1.600
endloop
endfacet
facet normal 0 0 0
outer loop
vertex 118.950 26.690 1.600
vertex 118.950 26.690 1.650
vertex 118.050 26.690 1.650
endloop
endfacet
facet normal 0 0 0
outer loop
vertex 118.950 26.690 1.600
vertex 118.050 26.690 1.650
vertex 118.050 26.690 1.600
endloop
endfacet
facet normal 0 0 0
outer loop
vertex 118.050 26.690 1.600
vertex 118.050 26.690 1.650
vertex 118.050 26.410 1.650
endloop
endfacet
facet normal 0 0 0
outer loop
vertex 118.050 26.690 1.600
vertex 118.050 26.410 1.650
vertex 118.050 26.410 1.600
endloop
endfacet
facet normal 0 0 0
outer loop
vertex 121.860 27.600 1.600
vertex 122.140 27.600 1.600
vertex 122.140 28.500 1.600
endloop
endfacet
facet normal 0 0 0
outer loop
vertex 121.860 27.600 1.600
vertex 122.140 28.500 1.600
vertex 121.860 28.500 1.600
endloop
endfacet
facet normal 0 0 0
outer loop
vertex 121.860 27.600 1.650
vertex 122.140 28.500 1.650
vertex 122.140 27.600 1.650
endloop
endfacet
facet normal 0 0 0
outer loop
vertex 121.860 27.600 1.650
vertex 122.140 27.600 1.650
vertex 121.860 27.600 1.650
endloop
endfacet
facet normal 0 0 0
outer loop
vertex 121.860 27.600 1.600
vertex 121.860 27.600 1.650
vertex 122.140 27.600 1.650
endloop
endfacet
facet normal 0 0 0
outer loop
vertex 121.860 27.600 1.600
vertex 122.140 27.600 1.650
vertex 122.140 27.600 1.600
endloop
endfacet
facet normal 0 0 0
outer loop
vertex 122.140 27.600 1.600
vertex 122.140 27.600 1.650
vertex 122.140 28.500 1.650
endloop
endfacet
facet normal 0 0 0
outer loop
vertex 122.140 27.600 1.600
vertex 122.140 28.500 1.650
vertex 122.140 28.500 1.600
endloop
endfacet
facet normal 0 0 0
outer loop
vertex 122.140 28.500 1.600
vertex 122.140 28.500 1.650
vertex 121.860 28.500 1.650
endloop
endfacet
facet normal 0 0 0
outer loop
vertex 122.140 28.500 1.600
vertex 121.860 28.500 1.650
vertex 121.860 28.500 1.600
endloop
endfacet
facet normal 0 0 0
outer loop
vertex 121.860 28.500 1.600
vertex 121.860 28.500 1.650
vertex 121.860 27.600 1.650
endloop
endfacet
facet normal 0 0 0
outer loop
vertex 121.860 28.500 1.600
vertex 121.860 27.600 1.650
vertex 121.860 27.600 1.600
endloop
endfacet
facet normal 0 0 0
outer loop
vertex 123.050 24.410 1.600
vertex 123.950 24.410 1.600
vertex 123.950 24.690 1.600
endloop
endfacet
facet normal 0 0 0
outer loop
vertex 123.050 24.410 1.600
vertex 123.950 24.690 1.600
vertex 123.050 24.690 1.600
endloop
endfacet
facet normal 0 0 0
outer loop
vertex 123.050 24.410 1.650
vertex 123.950 24.690 1.650
vertex 123.950 24.410 1.650
endloop
endfacet
facet normal 0 0 0
outer loop
vertex 123.050 24.410 1.650
vertex 123.950 24.410 1.650
vertex 123.050 24.410 1.650
endloop
endfacet
facet normal 0 0 0
outer loop
vertex 123.050 24.410 1.600
vertex 123.050 24.410 1.650
vertex 123.950 24.410 1.650
endloop
endfacet
facet normal 0 0 0
outer loop
vertex 123.050 24.410 1.600
vertex 123.950 24.410 1.650
vertex 123.950 24.410 1.600
endloop
endfacet
facet normal 0 0 0
outer loop
vertex 123.950 24.410 1.600
vertex 123.950 24.410 1.650
vertex 123.950 24.690 1.650
endloop
endfacet
facet normal 0 0 0
outer loop
vertex 123.950 24.410 1.600
vertex 123.950 24.690 1.650
vertex 123.950 24.690 1.600
endloop
endfacet
facet normal 0 0 0
outer loop
vertex 123.950 24.690 1.600
vertex 123.950 24.690 1.650
vertex 123.050 24.690 1.650
endloop
endfacet
facet normal 0 0 0
outer loop
vertex 123.950 24.690 1.600
vertex 123.050 24.690 1.650
vertex 123.050 24.690 1.600
endloop
endfacet
facet normal 0 0 0
outer loop
vertex 123.050 24.690 1.600
vertex 123.050 24.690 1.650
vertex 123.050 24.410 1.650
endloop
endfacet
facet normal 0 0 0
outer loop
vertex 123.050 24.690 1.600
vertex 123.050 24.410 1.650
vertex 123.050 24.410 1.600
endloop
endfacet
facet normal 0 0 0
outer loop
vertex 119.860 22.600 1.600
vertex 120.140 22.600 1.600
vertex 120.140 23.500 1.600
endloop
endfacet
facet normal 0 0 0
outer loop
vertex 119.860 22.600 1.600
vertex 120.140 23.500 1.600
vertex 119.860 23.500 1.600
endloop
endfacet
facet normal 0 0 0
outer loop
vertex 119.860 22.600 1.650
vertex 120.140 23.500 1.650
vertex 120.140 22.600 1.650
endloop
endfacet
facet normal 0 0 0
outer loop
vertex 119.860 22.600 1.650
vertex 120.140 22.600 1.650
vertex 119.860 22.600 1.650
endloop
endfacet
facet normal 0 0 0
outer loop
vertex 119.860 22.600 1.600
vertex 119.860 22.600 1.650
vertex 120.140 22.600 1.650
endloop
endfacet
facet normal 0 0 0
outer loop
vertex 119.860 22.600 1.600
vertex 120.140 22.600 1.650
vertex 120.140 22.600 1.600
endloop
endfacet
facet normal 0 0 0
outer loop
vertex 120.140 22.600 1.600
vertex 120.140 22.600 1.650
vertex 120.140 23.500 1.650
endloop
endfacet
facet normal 0 0 0
outer loop
vertex 120.140 22.600 1.600
vertex 120.140 23.500 1.650
vertex 120.140 23.500 1.600
endloop
endfacet
facet normal 0 0 0
outer loop
vertex 120.140 23.500 1.600
vertex 120.140 23.500 1.650
vertex 119.860 23.500 1.650
endloop
endfacet
facet normal 0 0 0
outer loop
vertex 120.140 23.500 1.600
vertex 119.860 23.500 1.650
vertex 119.860 23.500 1.600
endloop
endfacet
facet normal 0 0 0
outer loop
vertex 119.860 23.500 1.600
vertex 119.860 23.500 1.650
vertex 119.860 22.600 1.650
endloop
endfacet
facet normal 0 0 0
outer loop
vertex 119.860 23.500 1.600
vertex 119.860 22.600 1.650
vertex 119.860 22.600 1.600
endloop
endfacet
facet normal 0 0 0
outer loop
vertex 118.050 25.910 1.600
vertex 118.950 25.910 1.600
vertex 118.950 26.190 1.600
endloop
endfacet
facet normal 0 0 0
outer loop
vertex 118.050 25.910 1.600
vertex 118.950 26.190 1.600
vertex 118.050 26.190 1.600
endloop
endfacet
facet normal 0 0 0
outer loop
vertex 118.050 25.910 1.650
vertex 118.950 26.190 1.650
vertex 118.950 25.910 1.650
endloop
endfacet
facet normal 0 0 0
outer loop
vertex 118.050 25.910 1.650
vertex 118.950 25.910 1.650
vertex 118.050 25.910 1.650
endloop
endfacet
facet normal 0 0 0
outer loop
vertex 118.050 25.910 1.600
vertex 118.050 25.910 1.650
vertex 118.950 25.910 1.650
endloop
endfacet
facet normal 0 0 0
outer loop
vertex 118.050 25.910 1.600
vertex 118.950 25.910 1.650
vertex 118.950 25.910 1.600
endloop
endfacet
facet normal 0 0 0
outer loop
vertex 118.950 25.910 1.600
vertex 118.950 25.910 1.650
vertex 118.950 26.190 1.650
endloop
endfacet
facet normal 0 0 0
outer loop
vertex 118.950 25.910 1.600
vertex 118.950 26.190 1.650
vertex 118.950 26.190 1.600
endloop
endfacet
facet normal 0 0 0
outer loop
vertex 118.950 26.190 1.600
vertex 118.950 26.190 1.650
vertex 118.050 26.190 1.650
endloop
endfacet
facet normal 0 0 0
outer loop
vertex 118.950 26.190 1.600
vertex 118.050 26.190 1.650
vertex 118.050 26.190 1.600
endloop
endfacet
facet normal 0 0 0
outer loop
vertex 118.050 26.190 1.600
vertex 118.050 26.190 1.650
vertex 118.050 25.910 1.650
endloop
endfacet
facet normal 0 0 0
outer loop
vertex 118.050 26.190 1.600
vertex 118.050 25.910 1.650
vertex 118.050 25.910 1.600
endloop
endfacet
facet normal 0 0 0
outer loop
vertex 121.360 27.600 1.600
vertex 121.640 27.600 1.600
vertex 121.640 28.500 1.600
endloop
endfacet
facet normal 0 0 0
outer loop
vertex 121.360 27.600 1.600
vertex 121.640 28.500 1.600
vertex 121.360 28.500 1.600
endloop
endfacet
facet normal 0 0 0
outer loop
vertex 121.360 27.600 1.650
vertex 121.640 28.500 1.650
vertex 121.640 27.600 1.650
endloop
endfacet
facet normal 0 0 0
outer loop
vertex 121.360 27.600 1.650
vertex 121.640 27.600 1.650
vertex 121.360 27.600 1.650
endloop
endfacet
facet normal 0 0 0
outer loop
vertex 121.360 27.600 1.600
vertex 121.360 27.600 1.650
vertex 121.640 27.600 1.650
endloop
endfacet
facet normal 0 0 0
outer loop
vertex 121.360 27.600 1.600
vertex 121.640 27.600 1.650
vertex 121.640 27.600 1.600
endloop
endfacet
facet normal 0 0 0
outer loop
vertex 121.640 27.600 1.600
vertex 121.640 27.600 1.650
vertex 121.640 28.500 1.650
endloop
endfacet
facet normal 0 0 0
outer loop
vertex 121.640 27.600 1.600
vertex 121.640 28.500 1.650
vertex 121.640 28.500 1.600
endloop
endfacet
facet normal 0 0 0
outer loop
vertex 121.640 28.500 1.600
vertex 121.640 28.500 1.650
vertex 121.360 28.500 1.650
endloop
endfacet
facet normal 0 0 0
outer loop
vertex 121.640 28.500 1.600
vertex 121.360 28.500 1.650
vertex 121.360 28.500 1.600
endloop
endfacet
facet normal 0 0 0
outer loop
vertex 121.360 28.500 1.600
vertex 121.360 28.500 1.650
vertex 121.360 27.600 1.650
endloop
endfacet
facet normal 0 0 0
outer loop
vertex 121.360 28.500 1.600
vertex 121.360 27.600 1.650
vertex 121.360 27.600 1.600
endloop
endfacet
facet normal 0 0 0
outer loop
vertex 123.050 24.910 1.600
vertex 123.950 24.910 1.600
vertex 123.950 25.190 1.600
endloop
endfacet
facet normal 0 0 0
outer loop
vertex 123.050 24.910 1.600
vertex 123.950 25.190 1.600
vertex 123.050 25.190 1.600
endloop
endfacet
facet normal 0 0 0
outer loop
vertex 123.050 24.910 1.650
vertex 123.950 25.190 1.650
vertex 123.950 24.910 1.650
endloop
endfacet
facet normal 0 0 0
outer loop
vertex 123.050 24.910 1.650
vertex 123.950 24.910 1.650
vertex 123.050 24.910 1.650
endloop
endfacet
facet normal 0 0 0
outer loop
vertex 123.050 24.910 1.600
vertex 123.050 24.910 1.650
vertex 123.950 24.910 1.650
endloop
endfacet
facet normal 0 0 0
outer loop
vertex 123.050 24.910 1.600
vertex 123.950 24.910 1.650
vertex 123.950 24.910 1.600
endloop
endfacet
facet normal 0 0 0
outer loop
vertex 123.950 24.910 1.600
vertex 123.950 24.910 1.650
vertex 123.950 25.190 1.650
endloop
endfacet
facet normal 0 0 0
outer loop
vertex 123.950 24.910 1.600
vertex 123.950 25.190 1.650
vertex 123.950 25.190 1.600
endloop
endfacet
facet normal 0 0 0
outer loop
vertex 123.950 25.190 1.600
vertex 123.950 25.190 1.650
vertex 123.050 25.190 1.650
endloop
endfacet
facet normal 0 0 0
outer loop
vertex 123.950 25.190 1.600
vertex 123.050 25.190 1.650
vertex 123.050 25.190 1.600
endloop
endfacet
facet normal 0 0 0
outer loop
vertex 123.050 25.190 1.600
vertex 123.050 25.190 1.650
vertex 123.050 24.910 1.650
endloop
endfacet
facet normal 0 0 0
outer loop
vertex 123.050 25.190 1.600
vertex 123.050 24.910 1.650
vertex 123.050 24.910 1.600
endloop
endfacet
facet normal 0 0 0
outer loop
vertex 120.360 22.600 1.600
vertex 120.640 22.600 1.600
vertex 120.640 23.500 1.600
endloop
endfacet
facet normal 0 0 0
outer loop
vertex 120.360 22.600 1.600
vertex 120.640 23.500 1.600
vertex 120.360 23.500 1.600
endloop
endfacet
facet normal 0 0 0
outer loop
vertex 120.360 22.600 1.650
vertex 120.640 23.500 1.650
vertex 120.640 22.600 1.650
endloop
endfacet
facet normal 0 0 0
outer loop
vertex 120.360 22.600 1.650
vertex 120.640 22.600 1.650
vertex 120.360 22.600 1.650
endloop
endfacet
facet normal 0 0 0
outer loop
vertex 120.360 22.600 1.600
vertex 120.360 22.600 1.650
vertex 120.640 22.600 1.650
endloop
endfacet
facet normal 0 0 0
outer loop
vertex 120.360 22.600 1.600
vertex 120.640 22.600 1.650
vertex 120.640 22.600 1.600
endloop
endfacet
facet normal 0 0 0
outer loop
vertex 120.640 22.600 1.600
vertex 120.640 22.600 1.650
vertex 120.640 23.500 1.650
endloop
endfacet
facet normal 0 0 0
outer loop
vertex 120.640 22.600 1.600
vertex 120.640 23.500 1.650
vertex 120.640 23.500 1.600
endloop
endfacet
facet normal 0 0 0
outer loop
vertex 120.640 23.500 1.600
vertex 120.640 23.500 1.650
vertex 120.360 23.500 1.650
endloop
endfacet
facet normal 0 0 0
outer loop
vertex 120.640 23.500 1.600
vertex 120.360 23.500 1.650
vertex 120.360 23.500 1.600
endloop
endfacet
facet normal 0 0 0
outer loop
vertex 120.360 23.500 1.600
vertex 120.360 23.500 1.650
vertex 120.360 22.600 1.650
endloop
endfacet
facet normal 0 0 0
outer loop
vertex 120.360 23.500 1.600
vertex 120.360 22.600 1.650
vertex 120.360 22.600 1.600
endloop
endfacet
facet normal 0 0 0
outer loop
vertex 118.050 25.410 1.600
vertex 118.950 25.410 1.600
vertex 118.950 25.690 1.600
endloop
endfacet
facet normal 0 0 0
outer loop
vertex 118.050 25.410 1.600
vertex 118.950 25.690 1.600
vertex 118.050 25.690 1.600
endloop
endfacet
facet normal 0 0 0
outer loop
vertex 118.050 25.410 1.650
vertex 118.950 25.690 1.650
vertex 118.950 25.410 1.650
endloop
endfacet
facet normal 0 0 0
outer loop
vertex 118.050 25.410 1.650
vertex 118.950 25.410 1.650
vertex 118.050 25.410 1.650
endloop
endfacet
facet normal 0 0 0
outer loop
vertex 118.050 25.410 1.600
vertex 118.050 25.410 1.650
vertex 118.950 25.410 1.650
endloop
endfacet
facet normal 0 0 0
outer loop
vertex 118.050 25.410 1.600
vertex 118.950 25.410 1.650
vertex 118.950 25.410 1.600
endloop
endfacet
facet normal 0 0 0
outer loop
vertex 118.950 25.410 1.600
vertex 118.950 25.410 1.650
vertex 118.950 25.690 1.650
endloop
endfacet
facet normal 0 0 0
outer loop
vertex 118.950 25.410 1.600
vertex 118.950 25.690 1.650
vertex 118.950 25.690 1.600
endloop
endfacet
facet normal 0 0 0
outer loop
vertex 118.950 25.690 1.600
vertex 118.950 25.690 1.650
vertex 118.050 25.690 1.650
endloop
endfacet
facet normal 0 0 0
outer loop
vertex 118.950 25.690 1.600
vertex 118.050 25.690 1.650
vertex 118.050 25.690 1.600
endloop
endfacet
facet normal 0 0 0
outer loop
vertex 118.050 25.690 1.600
vertex 118.050 25.690 1.650
vertex 118.050 25.410 1.650
endloop
endfacet
facet normal 0 0 0
outer loop
vertex 118.050 25.690 1.600
vertex 118.050 25.410 1.650
vertex 118.050 25.410 1.600
endloop
endfacet
facet normal 0 0 0
outer loop
vertex 120.860 27.600 1.600
vertex 121.140 27.600 1.600
vertex 121.140 28.500 1.600
endloop
endfacet
facet normal 0 0 0
outer loop
vertex 120.860 27.600 1.600
vertex 121.140 28.500 1.600
vertex 120.860 28.500 1.600
endloop
endfacet
facet normal 0 0 0
outer loop
vertex 120.860 27.600 1.650
vertex 121.140 28.500 1.650
vertex 121.140 27.600 1.650
endloop
endfacet
facet normal 0 0 0
outer loop
vertex 120.860 27.600 1.650
vertex 121.140 27.600 1.650
vertex 120.860 27.600 1.650
endloop
endfacet
facet normal 0 0 0
outer loop
vertex 120.860 27.600 1.600
vertex 120.860 27.600 1.650
vertex 121.140 27.600 1.650
endloop
endfacet
facet normal 0 0 0
outer loop
vertex 120.860 27.600 1.600
vertex 121.140 27.600 1.650
vertex 121.140 27.600 1.600
endloop
endfacet
facet normal 0 0 0
outer loop
vertex 121.140 27.600 1.600
vertex 121.140 27.600 1.650
vertex 121.140 28.500 1.650
endloop
endfacet
facet normal 0 0 0
outer loop
vertex 121.140 27.600 1.600
vertex 121.140 28.500 1.650
vertex 121.140 28.500 1.600
endloop
endfacet
facet normal 0 0 0
outer loop
vertex 121.140 28.500 1.600
vertex 121.140 28.500 1.650
vertex 120.860 28.500 1.650
endloop
endfacet
facet normal 0 0 0
outer loop
vertex 121.140 28.500 1.600
vertex 120.860 28.500 1.650
vertex 120.860 28.500 1.600
endloop
endfacet
facet normal 0 0 0
outer loop
vertex 120.860 28.500 1.600
vertex 120.860 28.500 1.650
vertex 120.860 27.600 1.650
endloop
endfacet
facet normal 0 0 0
outer loop
vertex 120.860 28.500 1.600
vertex 120.860 27.600 1.650
vertex 120.860 27.600 1.600
endloop
endfacet
facet normal 0 0 0
outer loop
vertex 123.050 25.410 1.600
vertex 123.950 25.410 1.600
vertex 123.950 25.690 1.600
endloop
endfacet
facet normal 0 0 0
outer loop
vertex 123.050 25.410 1.600
vertex 123.950 25.690 1.600
vertex 123.050 25.690 1.600
endloop
endfacet
facet normal 0 0 0
outer loop
vertex 123.050 25.410 1.650
vertex 123.950 25.690 1.650
vertex 123.950 25.410 1.650
endloop
endfacet
facet normal 0 0 0
outer loop
vertex 123.050 25.410 1.650
vertex 123.950 25.410 1.650
vertex 123.050 25.410 1.650
endloop
endfacet
facet normal 0 0 0
outer loop
vertex 123.050 25.410 1.600
vertex 123.050 25.410 1.650
vertex 123.950 25.410 1.650
endloop
endfacet
facet normal 0 0 0
outer loop
vertex 123.050 25.410 1.600
vertex 123.950 25.410 1.650
vertex 123.950 25.410 1.600
endloop
endfacet
facet normal 0 0 0
outer loop
vertex 123.950 25.410 1.600
vertex 123.950 25.410 1.650
vertex 123.950 25.690 1.650
endloop
endfacet
facet normal 0 0 0
outer loop
vertex 123.950 25.410 1.600
vertex 123.950 25.690 1.650
vertex 123.950 25.690 1.600
endloop
endfacet
facet normal 0 0 0
outer loop
vertex 123.950 25.690 1.600
vertex 123.950 25.690 1.650
vertex 123.050 25.690 1.650
endloop
endfacet
facet normal 0 0 0
outer loop
vertex 123.950 25.690 1.600
vertex 123.050 25.690 1.650
vertex 123.050 25.690 1.600
endloop
endfacet
facet normal 0 0 0
outer loop
vertex 123.050 25.690 1.600
vertex 123.050 25.690 1.650
vertex 123.050 25.410 1.650
endloop
endfacet
facet normal 0 0 0
outer loop
vertex 123.050 25.690 1.600
vertex 123.050 25.410 1.650
vertex 123.050 25.410 1.600
endloop
endfacet
facet normal 0 0 0
outer loop
vertex 120.860 22.600 1.600
vertex 121.140 22.600 1.600
vertex 121.140 23.500 1.600
endloop
endfacet
facet normal 0 0 0
outer loop
vertex 120.860 22.600 1.600
vertex 121.140 23.500 1.600
vertex 120.860 23.500 1.600
endloop
endfacet
facet normal 0 0 0
outer loop
vertex 120.860 22.600 1.650
vertex 121.140 23.500 1.650
vertex 121.140 22.600 1.650
endloop
endfacet
facet normal 0 0 0
outer loop
vertex 120.860 22.600 1.650
vertex 121.140 22.600 1.650
vertex 120.860 22.600 1.650
endloop
endfacet
facet normal 0 0 0
outer loop
vertex 120.860 22.600 1.600
vertex 120.860 22.600 1.650
vertex 121.140 22.600 1.650
endloop
endfacet
facet normal 0 0 0
outer loop
vertex 120.860 22.600 1.600
vertex 121.140 22.600 1.650
vertex 121.140 22.600 1.600
endloop
endfacet
facet normal 0 0 0
outer loop
vertex 121.140 22.600 1.600
vertex 121.140 22.600 1.650
vertex 121.140 23.500 1.650
endloop
endfacet
facet normal 0 0 0
outer loop
vertex 121.140 22.600 1.600
vertex 121.140 23.500 1.650
vertex 121.140 23.500 1.600
endloop
endfacet
facet normal 0 0 0
outer loop
vertex 121.140 23.500 1.600
vertex 121.140 23.500 1.650
vertex 120.860 23.500 1.650
endloop
endfacet
facet normal 0 0 0
outer loop
vertex 121.140 23.500 1.600
vertex 120.860 23.500 1.650
vertex 120.860 23.500 1.600
endloop
endfacet
facet normal 0 0 0
outer loop
vertex 120.860 23.500 1.600
vertex 120.860 23.500 1.650
vertex 120.860 22.600 1.650
endloop
endfacet
facet normal 0 0 0
outer loop
vertex 120.860 23.500 1.600
vertex 120.860 22.600 1.650
vertex 120.860 22.600 1.600
endloop
endfacet
facet normal 0 0 0
outer loop
vertex 118.050 24.910 1.600
vertex 118.950 24.910 1.600
vertex 118.950 25.190 1.600
endloop
endfacet
facet normal 0 0 0
outer loop
vertex 118.050 24.910 1.600
vertex 118.950 25.190 1.600
vertex 118.050 25.190 1.600
endloop
endfacet
facet normal 0 0 0
outer loop
vertex 118.050 24.910 1.650
vertex 118.950 25.190 1.650
vertex 118.950 24.910 1.650
endloop
endfacet
facet normal 0 0 0
outer loop
vertex 118.050 24.910 1.650
vertex 118.950 24.910 1.650
vertex 118.050 24.910 1.650
endloop
endfacet
facet normal 0 0 0
outer loop
vertex 118.050 24.910 1.600
vertex 118.050 24.910 1.650
vertex 118.950 24.910 1.650
endloop
endfacet
facet normal 0 0 0
outer loop
vertex 118.050 24.910 1.600
vertex 118.950 24.910 1.650
vertex 118.950 24.910 1.600
endloop
endfacet
facet normal 0 0 0
outer loop
vertex 118.950 24.910 1.600
vertex 118.950 24.910 1.650
vertex 118.950 25.190 1.650
endloop
endfacet
facet normal 0 0 0
outer loop
vertex 118.950 24.910 1.600
vertex 118.950 25.190 1.650
vertex 118.950 25.190 1.600
endloop
endfacet
facet normal 0 0 0
outer loop
vertex 118.950 25.190 1.600
vertex 118.950 25.190 1.650
vertex 118.050 25.190 1.650
endloop
endfacet
facet normal 0 0 0
outer loop
vertex 118.950 25.190 1.600
vertex 118.050 25.190 1.650
vertex 118.050 25.190 1.600
endloop
endfacet
facet normal 0 0 0
outer loop
vertex 118.050 25.190 1.600
vertex 118.050 25.190 1.650
vertex 118.050 24.910 1.650
endloop
endfacet
facet normal 0 0 0
outer loop
vertex 118.050 25.190 1.600
vertex 118.050 24.910 1.650
vertex 118.050 24.910 1.600
endloop
endfacet
facet normal 0 0 0
outer loop
vertex 120.360 27.600 1.600
vertex 120.640 27.600 1.600
vertex 120.640 28.500 1.600
endloop
endfacet
facet normal 0 0 0
outer loop
vertex 120.360 27.600 1.600
vertex 120.640 28.500 1.600
vertex 120.360 28.500 1.600
endloop
endfacet
facet normal 0 0 0
outer loop
vertex 120.360 27.600 1.650
vertex 120.640 28.500 1.650
vertex 120.640 27.600 1.650
endloop
endfacet
facet normal 0 0 0
outer loop
vertex 120.360 27.600 1.650
vertex 120.640 27.600 1.650
vertex 120.360 27.600 1.650
endloop
endfacet
facet normal 0 0 0
outer loop
vertex 120.360 27.600 1.600
vertex 120.360 27.600 1.650
vertex 120.640 27.600 1.650
endloop
endfacet
facet normal 0 0 0
outer loop
vertex 120.360 27.600 1.600
vertex 120.640 27.600 1.650
vertex 120.640 27.600 1.600
endloop
endfacet
facet normal 0 0 0
outer loop
vertex 120.640 27.600 1.600
vertex 120.640 27.600 1.650
vertex 120.640 28.500 1.650
endloop
endfacet
facet normal 0 0 0
outer loop
vertex 120.640 27.600 1.600
vertex 120.640 28.500 1.650
vertex 120.640 28.500 1.600
endloop
endfacet
facet normal 0 0 0
outer loop
vertex 120.640 28.500 1.600
vertex 120.640 28.500 1.650
vertex 120.360 28.500 1.650
endloop
endfacet
facet normal 0 0 0
outer loop
vertex 120.640 28.500 1.600
vertex 120.360 28.500 1.650
vertex 120.360 28.500 1.600
endloop
endfacet
facet normal 0 0 0
outer loop
vertex 120.360 28.500 1.600
vertex 120.360 28.500 1.650
vertex 120.360 27.600 1.650
endloop
endfacet
facet normal 0 0 0
outer loop
vertex 120.360 28.500 1.600
vertex 120.360 27.600 1.650
vertex 120.360 27.600 1.600
endloop
endfacet
facet normal 0 0 0
outer loop
vertex 123.050 25.910 1.600
vertex 123.950 25.910 1.600
vertex 123.950 26.190 1.600
endloop
endfacet
facet normal 0 0 0
outer loop
vertex 123.050 25.910 1.600
vertex 123.950 26.190 1.600
vertex 123.050 26.190 1.600
endloop
endfacet
facet normal 0 0 0
outer loop
vertex 123.050 25.910 1.650
vertex 123.950 26.190 1.650
vertex 123.950 25.910 1.650
endloop
endfacet
facet normal 0 0 0
outer loop
vertex 123.050 25.910 1.650
vertex 123.950 25.910 1.650
vertex 123.050 25.910 1.650
endloop
endfacet
facet normal 0 0 0
outer loop
vertex 123.050 25.910 1.600
vertex 123.050 25.910 1.650
vertex 123.950 25.910 1.650
endloop
endfacet
facet normal 0 0 0
outer loop
vertex 123.050 25.910 1.600
vertex 123.950 25.910 1.650
vertex 123.950 25.910 1.600
endloop
endfacet
facet normal 0 0 0
outer loop
vertex 123.950 25.910 1.600
vertex 123.950 25.910 1.650
vertex 123.950 26.190 1.650
endloop
endfacet
facet normal 0 0 0
outer loop
vertex 123.950 25.910 1.600
vertex 123.950 26.190 1.650
vertex 123.950 26.190 1.600
endloop
endfacet
facet normal 0 0 0
outer loop
vertex 123.950 26.190 1.600
vertex 123.950 26.190 1.650
vertex 123.050 26.190 1.650
endloop
endfacet
facet normal 0 0 0
outer loop
vertex 123.950 26.190 1.600
vertex 123.050 26.190 1.650
vertex 123.050 26.190 1.600
endloop
endfacet
facet normal 0 0 0
outer loop
vertex 123.050 26.190 1.600
vertex 123.050 26.190 1.650
vertex 123.050 25.910 1.650
endloop
endfacet
facet normal 0 0 0
outer loop
vertex 123.050 26.190 1.600
vertex 123.050 25.910 1.650
vertex 123.050 25.910 1.600
endloop
endfacet
facet normal 0 0 0
outer loop
vertex 121.360 22.600 1.600
vertex 121.640 22.600 1.600
vertex 121.640 23.500 1.600
endloop
endfacet
facet normal 0 0 0
outer loop
vertex 121.360 22.600 1.600
vertex 121.640 23.500 1.600
vertex 121.360 23.500 1.600
endloop
endfacet
facet normal 0 0 0
outer loop
vertex 121.360 22.600 1.650
vertex 121.640 23.500 1.650
vertex 121.640 22.600 1.650
endloop
endfacet
facet normal 0 0 0
outer loop
vertex 121.360 22.600 1.650
vertex 121.640 22.600 1.650
vertex 121.360 22.600 1.650
endloop
endfacet
facet normal 0 0 0
outer loop
vertex 121.360 22.600 1.600
vertex 121.360 22.600 1.650
vertex 121.640 22.600 1.650
endloop
endfacet
facet normal 0 0 0
outer loop
vertex 121.360 22.600 1.600
vertex 121.640 22.600 1.650
vertex 121.640 22.600 1.600
endloop
endfacet
facet normal 0 0 0
outer loop
vertex 121.640 22.600 1.600
vertex 121.640 22.600 1.650
vertex 121.640 23.500 1.650
endloop
endfacet
facet normal 0 0 0
outer loop
vertex 121.640 22.600 1.600
vertex 121.640 23.500 1.650
vertex 121.640 23.500 1.600
endloop
endfacet
facet normal 0 0 0
outer loop
vertex 121.640 23.500 1.600
vertex 121.640 23.500 1.650
vertex 121.360 23.500 1.650
endloop
endfacet
facet normal 0 0 0
outer loop
vertex 121.640 23.500 1.600
vertex 121.360 23.500 1.650
vertex 121.360 23.500 1.600
endloop
endfacet
facet normal 0 0 0
outer loop
vertex 121.360 23.500 1.600
vertex 121.360 23.500 1.650
vertex 121.360 22.600 1.650
endloop
endfacet
facet normal 0 0 0
outer loop
vertex 121.360 23.500 1.600
vertex 121.360 22.600 1.650
vertex 121.360 22.600 1.600
endloop
endfacet
facet normal 0 0 0
outer loop
vertex 118.050 24.410 1.600
vertex 118.950 24.410 1.600
vertex 118.950 24.690 1.600
endloop
endfacet
facet normal 0 0 0
outer loop
vertex 118.050 24.410 1.600
vertex 118.950 24.690 1.600
vertex 118.050 24.690 1.600
endloop
endfacet
facet normal 0 0 0
outer loop
vertex 118.050 24.410 1.650
vertex 118.950 24.690 1.650
vertex 118.950 24.410 1.650
endloop
endfacet
facet normal 0 0 0
outer loop
vertex 118.050 24.410 1.650
vertex 118.950 24.410 1.650
vertex 118.050 24.410 1.650
endloop
endfacet
facet normal 0 0 0
outer loop
vertex 118.050 24.410 1.600
vertex 118.050 24.410 1.650
vertex 118.950 24.410 1.650
endloop
endfacet
facet normal 0 0 0
outer loop
vertex 118.050 24.410 1.600
vertex 118.950 24.410 1.650
vertex 118.950 24.410 1.600
endloop
endfacet
facet normal 0 0 0
outer loop
vertex 118.950 24.410 1.600
vertex 118.950 24.410 1.650
vertex 118.950 24.690 1.650
endloop
endfacet
facet normal 0 0 0
outer loop
vertex 118.950 24.410 1.600
vertex 118.950 24.690 1.650
vertex 118.950 24.690 1.600
endloop
endfacet
facet normal 0 0 0
outer loop
vertex 118.950 24.690 1.600
vertex 118.950 24.690 1.650
vertex 118.050 24.690 1.650
endloop
endfacet
facet normal 0 0 0
outer loop
vertex 118.950 24.690 1.600
vertex 118.050 24.690 1.650
vertex 118.050 24.690 1.600
endloop
endfacet
facet normal 0 0 0
outer loop
vertex 118.050 24.690 1.600
vertex 118.050 24.690 1.650
vertex 118.050 24.410 1.650
endloop
endfacet
facet normal 0 0 0
outer loop
vertex 118.050 24.690 1.600
vertex 118.050 24.410 1.650
vertex 118.050 24.410 1.600
endloop
endfacet
facet normal 0 0 0
outer loop
vertex 119.860 27.600 1.600
vertex 120.140 27.600 1.600
vertex 120.140 28.500 1.600
endloop
endfacet
facet normal 0 0 0
outer loop
vertex 119.860 27.600 1.600
vertex 120.140 28.500 1.600
vertex 119.860 28.500 1.600
endloop
endfacet
facet normal 0 0 0
outer loop
vertex 119.860 27.600 1.650
vertex 120.140 28.500 1.650
vertex 120.140 27.600 1.650
endloop
endfacet
facet normal 0 0 0
outer loop
vertex 119.860 27.600 1.650
vertex 120.140 27.600 1.650
vertex 119.860 27.600 1.650
endloop
endfacet
facet normal 0 0 0
outer loop
vertex 119.860 27.600 1.600
vertex 119.860 27.600 1.650
vertex 120.140 27.600 1.650
endloop
endfacet
facet normal 0 0 0
outer loop
vertex 119.860 27.600 1.600
vertex 120.140 27.600 1.650
vertex 120.140 27.600 1.600
endloop
endfacet
facet normal 0 0 0
outer loop
vertex 120.140 27.600 1.600
vertex 120.140 27.600 1.650
vertex 120.140 28.500 1.650
endloop
endfacet
facet normal 0 0 0
outer loop
vertex 120.140 27.600 1.600
vertex 120.140 28.500 1.650
vertex 120.140 28.500 1.600
endloop
endfacet
facet normal 0 0 0
outer loop
vertex 120.140 28.500 1.600
vertex 120.140 28.500 1.650
vertex 119.860 28.500 1.650
endloop
endfacet
facet normal 0 0 0
outer loop
vertex 120.140 28.500 1.600
vertex 119.860 28.500 1.650
vertex 119.860 28.500 1.600
endloop
endfacet
facet normal 0 0 0
outer loop
vertex 119.860 28.500 1.600
vertex 119.860 28.500 1.650
vertex 119.860 27.600 1.650
endloop
endfacet
facet normal 0 0 0
outer loop
vertex 119.860 28.500 1.600
vertex 119.860 27.600 1.650
vertex 119.860 27.600 1.600
endloop
endfacet
facet normal 0 0 0
outer loop
vertex 123.050 26.410 1.600
vertex 123.950 26.410 1.600
vertex 123.950 26.690 1.600
endloop
endfacet
facet normal 0 0 0
outer loop
vertex 123.050 26.410 1.600
vertex 123.950 26.690 1.600
vertex 123.050 26.690 1.600
endloop
endfacet
facet normal 0 0 0
outer loop
vertex 123.050 26.410 1.650
vertex 123.950 26.690 1.650
vertex 123.950 26.410 1.650
endloop
endfacet
facet normal 0 0 0
outer loop
vertex 123.050 26.410 1.650
vertex 123.950 26.410 1.650
vertex 123.050 26.410 1.650
endloop
endfacet
facet normal 0 0 0
outer loop
vertex 123.050 26.410 1.600
vertex 123.050 26.410 1.650
vertex 123.950 26.410 1.650
endloop
endfacet
facet normal 0 0 0
outer loop
vertex 123.050 26.410 1.600
vertex 123.950 26.410 1.650
vertex 123.950 26.410 1.600
endloop
endfacet
facet normal 0 0 0
outer loop
vertex 123.950 26.410 1.600
vertex 123.950 26.410 1.650
vertex 123.950 26.690 1.650
endloop
endfacet
facet normal 0 0 0
outer loop
vertex 123.950 26.410 1.600
vertex 123.950 26.690 1.650
vertex 123.950 26.690 1.600
endloop
endfacet
facet normal 0 0 0
outer loop
vertex 123.950 26.690 1.600
vertex 123.950 26.690 1.650
vertex 123.050 26.690 1.650
endloop
endfacet
facet normal 0 0 0
outer loop
vertex 123.950 26.690 1.600
vertex 123.050 26.690 1.650
vertex 123.050 26.690 1.600
endloop
endfacet
facet normal 0 0 0
outer loop
vertex 123.050 26.690 1.600
vertex 123.050 26.690 1.650
vertex 123.050 26.410 1.650
endloop
endfacet
facet normal 0 0 0
outer loop
vertex 123.050 26.690 1.600
vertex 123.050 26.410 1.650
vertex 123.050 26.410 1.600
endloop
endfacet
facet normal 0 0 0
outer loop
vertex 121.860 22.600 1.600
vertex 122.140 22.600 1.600
vertex 122.140 23.500 1.600
endloop
endfacet
facet normal 0 0 0
outer loop
vertex 121.860 22.600 1.600
vertex 122.140 23.500 1.600
vertex 121.860 23.500 1.600
endloop
endfacet
facet normal 0 0 0
outer loop
vertex 121.860 22.600 1.650
vertex 122.140 23.500 1.650
vertex 122.140 22.600 1.650
endloop
endfacet
facet normal 0 0 0
outer loop
vertex 121.860 22.600 1.650
vertex 122.140 22.600 1.650
vertex 121.860 22.600 1.650
endloop
endfacet
facet normal 0 0 0
outer loop
vertex 121.860 22.600 1.600
vertex 121.860 22.600 1.650
vertex 122.140 22.600 1.650
endloop
endfacet
facet normal 0 0 0
outer loop
vertex 121.860 22.600 1.600
vertex 122.140 22.600 1.650
vertex 122.140 22.600 1.600
endloop
endfacet
facet normal 0 0 0
outer loop
vertex 122.140 22.600 1.600
vertex 122.140 22.600 1.650
vertex 122.140 23.500 1.650
endloop
endfacet
facet normal 0 0 0
outer loop
vertex 122.140 22.600 1.600
vertex 122.140 23.500 1.650
vertex 122.140 23.500 1.600
endloop
endfacet
facet normal 0 0 0
outer loop
vertex 122.140 23.500 1.600
vertex 122.140 23.500 1.650
vertex 121.860 23.500 1.650
endloop
endfacet
facet normal 0 0 0
outer loop
vertex 122.140 23.500 1.600
vertex 121.860 23.500 1.650
vertex 121.860 23.500 1.600
endloop
endfacet
facet normal 0 0 0
outer loop
vertex 121.860 23.500 1.600
vertex 121.860 23.500 1.650
vertex 121.860 22.600 1.650
endloop
endfacet
facet normal 0 0 0
outer loop
vertex 121.860 23.500 1.600
vertex 121.860 22.600 1.650
vertex 121.860 22.600 1.600
endloop
endfacet
facet normal 0 0 0
outer loop
vertex 118.050 23.910 1.600
vertex 118.950 23.910 1.600
vertex 118.950 24.190 1.600
endloop
endfacet
facet normal 0 0 0
outer loop
vertex 118.050 23.910 1.600
vertex 118.950 24.190 1.600
vertex 118.050 24.190 1.600
endloop
endfacet
facet normal 0 0 0
outer loop
vertex 118.050 23.910 1.650
vertex 118.950 24.190 1.650
vertex 118.950 23.910 1.650
endloop
endfacet
facet normal 0 0 0
outer loop
vertex 118.050 23.910 1.650
vertex 118.950 23.910 1.650
vertex 118.050 23.910 1.650
endloop
endfacet
facet normal 0 0 0
outer loop
vertex 118.050 23.910 1.600
vertex 118.050 23.910 1.650
vertex 118.950 23.910 1.650
endloop
endfacet
facet normal 0 0 0
outer loop
vertex 118.050 23.910 1.600
vertex 118.950 23.910 1.650
vertex 118.950 23.910 1.600
endloop
endfacet
facet normal 0 0 0
outer loop
vertex 118.950 23.910 1.600
vertex 118.950 23.910 1.650
vertex 118.950 24.190 1.650
endloop
endfacet
facet normal 0 0 0
outer loop
vertex 118.950 23.910 1.600
vertex 118.950 24.190 1.650
vertex 118.950 24.190 1.600
endloop
endfacet
facet normal 0 0 0
outer loop
vertex 118.950 24.190 1.600
vertex 118.950 24.190 1.650
vertex 118.050 24.190 1.650
endloop
endfacet
facet normal 0 0 0
outer loop
vertex 118.950 24.190 1.600
vertex 118.050 24.190 1.650
vertex 118.050 24.190 1.600
endloop
endfacet
facet normal 0 0 0
outer loop
vertex 118.050 24.190 1.600
vertex 118.050 24.190 1.650
vertex 118.050 23.910 1.650
endloop
endfacet
facet normal 0 0 0
outer loop
vertex 118.050 24.190 1.600
vertex 118.050 23.910 1.650
vertex 118.050 23.910 1.600
endloop
endfacet
facet normal 0 0 0
outer loop
vertex 119.360 27.600 1.600
vertex 119.640 27.600 1.600
vertex 119.640 28.500 1.600
endloop
endfacet
facet normal 0 0 0
outer loop
vertex 119.360 27.600 1.600
vertex 119.640 28.500 1.600
vertex 119.360 28.500 1.600
endloop
endfacet
facet normal 0 0 0
outer loop
vertex 119.360 27.600 1.650
vertex 119.640 28.500 1.650
vertex 119.640 27.600 1.650
endloop
endfacet
facet normal 0 0 0
outer loop
vertex 119.360 27.600 1.650
vertex 119.640 27.600 1.650
vertex 119.360 27.600 1.650
endloop
endfacet
facet normal 0 0 0
outer loop
vertex 119.360 27.600 1.600
vertex 119.360 27.600 1.650
vertex 119.640 27.600 1.650
endloop
endfacet
facet normal 0 0 0
outer loop
vertex 119.360 27.600 1.600
vertex 119.640 27.600 1.650
vertex 119.640 27.600 1.600
endloop
endfacet
facet normal 0 0 0
outer loop
vertex 119.640 27.600 1.600
vertex 119.640 27.600 1.650
vertex 119.640 28.500 1.650
endloop
endfacet
facet normal 0 0 0
outer loop
vertex 119.640 27.600 1.600
vertex 119.640 28.500 1.650
vertex 119.640 28.500 1.600
endloop
endfacet
facet normal 0 0 0
outer loop
vertex 119.640 28.500 1.600
vertex 119.640 28.500 1.650
vertex 119.360 28.500 1.650
endloop
endfacet
facet normal 0 0 0
outer loop
vertex 119.640 28.500 1.600
vertex 119.360 28.500 1.650
vertex 119.360 28.500 1.600
endloop
endfacet
facet normal 0 0 0
outer loop
vertex 119.360 28.500 1.600
vertex 119.360 28.500 1.650
vertex 119.360 27.600 1.650
endloop
endfacet
facet normal 0 0 0
outer loop
vertex 119.360 28.500 1.600
vertex 119.360 27.600 1.650
vertex 119.360 27.600 1.600
endloop
endfacet
facet normal 0 0 0
outer loop
vertex 123.050 26.910 1.600
vertex 123.950 26.910 1.600
vertex 123.950 27.190 1.600
endloop
endfacet
facet normal 0 0 0
outer loop
vertex 123.050 26.910 1.600
vertex 123.950 27.190 1.600
vertex 123.050 27.190 1.600
endloop
endfacet
facet normal 0 0 0
outer loop
vertex 123.050 26.910 1.650
vertex 123.950 27.190 1.650
vertex 123.950 26.910 1.650
endloop
endfacet
facet normal 0 0 0
outer loop
vertex 123.050 26.910 1.650
vertex 123.950 26.910 1.650
vertex 123.050 26.910 1.650
endloop
endfacet
facet normal 0 0 0
outer loop
vertex 123.050 26.910 1.600
vertex 123.050 26.910 1.650
vertex 123.950 26.910 1.650
endloop
endfacet
facet normal 0 0 0
outer loop
vertex 123.050 26.910 1.600
vertex 123.950 26.910 1.650
vertex 123.950 26.910 1.600
endloop
endfacet
facet normal 0 0 0
outer loop
vertex 123.950 26.910 1.600
vertex 123.950 26.910 1.650
vertex 123.950 27.190 1.650
endloop
endfacet
facet normal 0 0 0
outer loop
vertex 123.950 26.910 1.600
vertex 123.950 27.190 1.650
vertex 123.950 27.190 1.600
endloop
endfacet
facet normal 0 0 0
outer loop
vertex 123.950 27.190 1.600
vertex 123.950 27.190 1.650
vertex 123.050 27.190 1.650
endloop
endfacet
facet normal 0 0 0
outer loop
vertex 123.950 27.190 1.600
vertex 123.050 27.190 1.650
vertex 123.050 27.190 1.600
endloop
endfacet
facet normal 0 0 0
outer loop
vertex 123.050 27.190 1.600
vertex 123.050 27.190 1.650
vertex 123.050 26.910 1.650
endloop
endfacet
facet normal 0 0 0
outer loop
vertex 123.050 27.190 1.600
vertex 123.050 26.910 1.650
vertex 123.050 26.910 1.600
endloop
endfacet
facet normal 0 0 0
outer loop
vertex 122.360 22.600 1.600
vertex 122.640 22.600 1.600
vertex 122.640 23.500 1.600
endloop
endfacet
facet normal 0 0 0
outer loop
vertex 122.360 22.600 1.600
vertex 122.640 23.500 1.600
vertex 122.360 23.500 1.600
endloop
endfacet
facet normal 0 0 0
outer loop
vertex 122.360 22.600 1.650
vertex 122.640 23.500 1.650
vertex 122.640 22.600 1.650
endloop
endfacet
facet normal 0 0 0
outer loop
vertex 122.360 22.600 1.650
vertex 122.640 22.600 1.650
vertex 122.360 22.600 1.650
endloop
endfacet
facet normal 0 0 0
outer loop
vertex 122.360 22.600 1.600
vertex 122.360 22.600 1.650
vertex 122.640 22.600 1.650
endloop
endfacet
facet normal 0 0 0
outer loop
vertex 122.360 22.600 1.600
vertex 122.640 22.600 1.650
vertex 122.640 22.600 1.600
endloop
endfacet
facet normal 0 0 0
outer loop
vertex 122.640 22.600 1.600
vertex 122.640 22.600 1.650
vertex 122.640 23.500 1.650
endloop
endfacet
facet normal 0 0 0
outer loop
vertex 122.640 22.600 1.600
vertex 122.640 23.500 1.650
vertex 122.640 23.500 1.600
endloop
endfacet
facet normal 0 0 0
outer loop
vertex 122.640 23.500 1.600
vertex 122.640 23.500 1.650
vertex 122.360 23.500 1.650
endloop
endfacet
facet normal 0 0 0
outer loop
vertex 122.640 23.500 1.600
vertex 122.360 23.500 1.650
vertex 122.360 23.500 1.600
endloop
endfacet
facet normal 0 0 0
outer loop
vertex 122.360 23.500 1.600
vertex 122.360 23.500 1.650
vertex 122.360 22.600 1.650
endloop
endfacet
facet normal 0 0 0
outer loop
vertex 122.360 23.500 1.600
vertex 122.360 22.600 1.650
vertex 122.360 22.600 1.600
endloop
endfacet
facet normal 0 0 0
outer loop
vertex 119.500 24.050 1.600
vertex 122.500 24.050 1.600
vertex 122.500 27.050 1.600
endloop
endfacet
facet normal 0 0 0
outer loop
vertex 119.500 24.050 1.600
vertex 122.500 27.050 1.600
vertex 119.500 27.050 1.600
endloop
endfacet
facet normal 0 0 0
outer loop
vertex 119.500 24.050 1.650
vertex 122.500 27.050 1.650
vertex 122.500 24.050 1.650
endloop
endfacet
facet normal 0 0 0
outer loop
vertex 119.500 24.050 1.650
vertex 122.500 24.050 1.650
vertex 119.500 24.050 1.650
endloop
endfacet
facet normal 0 0 0
outer loop
vertex 119.500 24.050 1.600
vertex 119.500 24.050 1.650
vertex 122.500 24.050 1.650
endloop
endfacet
facet normal 0 0 0
outer loop
vertex 119.500 24.050 1.600
vertex 122.500 24.050 1.650
vertex 122.500 24.050 1.600
endloop
endfacet
facet normal 0 0 0
outer loop
vertex 122.500 24.050 1.600
vertex 122.500 24.050 1.650
vertex 122.500 27.050 1.650
endloop
endfacet
facet normal 0 0 0
outer loop
vertex 122.500 24.050 1.600
vertex 122.500 27.050 1.650
vertex 122.500 27.050 1.600
endloop
endfacet
facet normal 0 0 0
outer loop
vertex 122.500 27.050 1.600
vertex 122.500 27.050 1.650
vertex 119.500 27.050 1.650
endloop
endfacet
facet normal 0 0 0
outer loop
vertex 122.500 27.050 1.600
vertex 119.500 27.050 1.650
vertex 119.500 27.050 1.600
endloop
endfacet
facet normal 0 0 0
outer loop
vertex 119.500 27.050 1.600
vertex 119.500 27.050 1.650
vertex 119.500 24.050 1.650
endloop
endfacet
facet normal 0 0 0
outer loop
vertex 119.500 27.050 1.600
vertex 119.500 24.050 1.650
vertex 119.500 24.050 1.600
endloop
endfacet
facet normal 0 0 0
outer loop
vertex 62.050 26.910 1.600
vertex 62.950 26.910 1.600
vertex 62.950 27.190 1.600
endloop
endfacet
facet normal 0 0 0
outer loop
vertex 62.050 26.910 1.600
vertex 62.950 27.190 1.600
vertex 62.050 27.190 1.600
endloop
endfacet
facet normal 0 0 0
outer loop
vertex 62.050 26.910 1.650
vertex 62.950 27.190 1.650
vertex 62.950 26.910 1.650
endloop
endfacet
facet normal 0 0 0
outer loop
vertex 62.050 26.910 1.650
vertex 62.950 26.910 1.650
vertex 62.050 26.910 1.650
endloop
endfacet
facet normal 0 0 0
outer loop
vertex 62.050 26.910 1.600
vertex 62.050 26.910 1.650
vertex 62.950 26.910 1.650
endloop
endfacet
facet normal 0 0 0
outer loop
vertex 62.050 26.910 1.600
vertex 62.950 26.910 1.650
vertex 62.950 26.910 1.600
endloop
endfacet
facet normal 0 0 0
outer loop
vertex 62.950 26.910 1.600
vertex 62.950 26.910 1.650
vertex 62.950 27.190 1.650
endloop
endfacet
facet normal 0 0 0
outer loop
vertex 62.950 26.910 1.600
vertex 62.950 27.190 1.650
vertex 62.950 27.190 1.600
endloop
endfacet
facet normal 0 0 0
outer loop
vertex 62.950 27.190 1.600
vertex 62.950 27.190 1.650
vertex 62.050 27.190 1.650
endloop
endfacet
facet normal 0 0 0
outer loop
vertex 62.950 27.190 1.600
vertex 62.050 27.190 1.650
vertex 62.050 27.190 1.600
endloop
endfacet
facet normal 0 0 0
outer loop
vertex 62.050 27.190 1.600
vertex 62.050 27.190 1.650
vertex 62.050 26.910 1.650
endloop
endfacet
facet normal 0 0 0
outer loop
vertex 62.050 27.190 1.600
vertex 62.050 26.910 1.650
vertex 62.050 26.910 1.600
endloop
endfacet
facet normal 0 0 0
outer loop
vertex 66.360 27.600 1.600
vertex 66.640 27.600 1.600
vertex 66.640 28.500 1.600
endloop
endfacet
facet normal 0 0 0
outer loop
vertex 66.360 27.600 1.600
vertex 66.640 28.500 1.600
vertex 66.360 28.500 1.600
endloop
endfacet
facet normal 0 0 0
outer loop
vertex 66.360 27.600 1.650
vertex 66.640 28.500 1.650
vertex 66.640 27.600 1.650
endloop
endfacet
facet normal 0 0 0
outer loop
vertex 66.360 27.600 1.650
vertex 66.640 27.600 1.650
vertex 66.360 27.600 1.650
endloop
endfacet
facet normal 0 0 0
outer loop
vertex 66.360 27.600 1.600
vertex 66.360 27.600 1.650
vertex 66.640 27.600 1.650
endloop
endfacet
facet normal 0 0 0
outer loop
vertex 66.360 27.600 1.600
vertex 66.640 27.600 1.650
vertex 66.640 27.600 1.600
endloop
endfacet
facet normal 0 0 0
outer loop
vertex 66.640 27.600 1.600
vertex 66.640 27.600 1.650
vertex 66.640 28.500 1.650
endloop
endfacet
facet normal 0 0 0
outer loop
vertex 66.640 27.600 1.600
vertex 66.640 28.500 1.650
vertex 66.640 28.500 1.600
endloop
endfacet
facet normal 0 0 0
outer loop
vertex 66.640 28.500 1.600
vertex 66.640 28.500 1.650
vertex 66.360 28.500 1.650
endloop
endfacet
facet normal 0 0 0
outer loop
vertex 66.640 28.500 1.600
vertex 66.360 28.500 1.650
vertex 66.360 28.500 1.600
endloop
endfacet
facet normal 0 0 0
outer loop
vertex 66.360 28.500 1.600
vertex 66.360 28.500 1.650
vertex 66.360 27.600 1.650
endloop
endfacet
facet normal 0 0 0
outer loop
vertex 66.360 28.500 1.600
vertex 66.360 27.600 1.650
vertex 66.360 27.600 1.600
endloop
endfacet
facet normal 0 0 0
outer loop
vertex 67.050 23.910 1.600
vertex 67.950 23.910 1.600
vertex 67.950 24.190 1.600
endloop
endfacet
facet normal 0 0 0
outer loop
vertex 67.050 23.910 1.600
vertex 67.950 24.190 1.600
vertex 67.050 24.190 1.600
endloop
endfacet
facet normal 0 0 0
outer loop
vertex 67.050 23.910 1.650
vertex 67.950 24.190 1.650
vertex 67.950 23.910 1.650
endloop
endfacet
facet normal 0 0 0
outer loop
vertex 67.050 23.910 1.650
vertex 67.950 23.910 1.650
vertex 67.050 23.910 1.650
endloop
endfacet
facet normal 0 0 0
outer loop
vertex 67.050 23.910 1.600
vertex 67.050 23.910 1.650
vertex 67.950 23.910 1.650
endloop
endfacet
facet normal 0 0 0
outer loop
vertex 67.050 23.910 1.600
vertex 67.950 23.910 1.650
vertex 67.950 23.910 1.600
endloop
endfacet
facet normal 0 0 0
outer loop
vertex 67.950 23.910 1.600
vertex 67.950 23.910 1.650
vertex 67.950 24.190 1.650
endloop
endfacet
facet normal 0 0 0
outer loop
vertex 67.950 23.910 1.600
vertex 67.950 24.190 1.650
vertex 67.950 24.190 1.600
endloop
endfacet
facet normal 0 0 0
outer loop
vertex 67.950 24.190 1.600
vertex 67.950 24.190 1.650
vertex 67.050 24.190 1.650
endloop
endfacet
facet normal 0 0 0
outer loop
vertex 67.950 24.190 1.600
vertex 67.050 24.190 1.650
vertex 67.050 24.190 1.600
endloop
endfacet
facet normal 0 0 0
outer loop
vertex 67.050 24.190 1.600
vertex 67.050 24.190 1.650
vertex 67.050 23.910 1.650
endloop
endfacet
facet normal 0 0 0
outer loop
vertex 67.050 24.190 1.600
vertex 67.050 23.910 1.650
vertex 67.050 23.910 1.600
endloop
endfacet
facet normal 0 0 0
outer loop
vertex 63.360 22.600 1.600
vertex 63.640 22.600 1.600
vertex 63.640 23.500 1.600
endloop
endfacet
facet normal 0 0 0
outer loop
vertex 63.360 22.600 1.600
vertex 63.640 23.500 1.600
vertex 63.360 23.500 1.600
endloop
endfacet
facet normal 0 0 0
outer loop
vertex 63.360 22.600 1.650
vertex 63.640 23.500 1.650
vertex 63.640 22.600 1.650
endloop
endfacet
facet normal 0 0 0
outer loop
vertex 63.360 22.600 1.650
vertex 63.640 22.600 1.650
vertex 63.360 22.600 1.650
endloop
endfacet
facet normal 0 0 0
outer loop
vertex 63.360 22.600 1.600
vertex 63.360 22.600 1.650
vertex 63.640 22.600 1.650
endloop
endfacet
facet normal 0 0 0
outer loop
vertex 63.360 22.600 1.600
vertex 63.640 22.600 1.650
vertex 63.640 22.600 1.600
endloop
endfacet
facet normal 0 0 0
outer loop
vertex 63.640 22.600 1.600
vertex 63.640 22.600 1.650
vertex 63.640 23.500 1.650
endloop
endfacet
facet normal 0 0 0
outer loop
vertex 63.640 22.600 1.600
vertex 63.640 23.500 1.650
vertex 63.640 23.500 1.600
endloop
endfacet
facet normal 0 0 0
outer loop
vertex 63.640 23.500 1.600
vertex 63.640 23.500 1.650
vertex 63.360 23.500 1.650
endloop
endfacet
facet normal 0 0 0
outer loop
vertex 63.640 23.500 1.600
vertex 63.360 23.500 1.650
vertex 63.360 23.500 1.600
endloop
endfacet
facet normal 0 0 0
outer loop
vertex 63.360 23.500 1.600
vertex 63.360 23.500 1.650
vertex 63.360 22.600 1.650
endloop
endfacet
facet normal 0 0 0
outer loop
vertex 63.360 23.500 1.600
vertex 63.360 22.600 1.650
vertex 63.360 22.600 1.600
endloop
endfacet
facet normal 0 0 0
outer loop
vertex 62.050 26.410 1.600
vertex 62.950 26.410 1.600
vertex 62.950 26.690 1.600
endloop
endfacet
facet normal 0 0 0
outer loop
vertex 62.050 26.410 1.600
vertex 62.950 26.690 1.600
vertex 62.050 26.690 1.600
endloop
endfacet
facet normal 0 0 0
outer loop
vertex 62.050 26.410 1.650
vertex 62.950 26.690 1.650
vertex 62.950 26.410 1.650
endloop
endfacet
facet normal 0 0 0
outer loop
vertex 62.050 26.410 1.650
vertex 62.950 26.410 1.650
vertex 62.050 26.410 1.650
endloop
endfacet
facet normal 0 0 0
outer loop
vertex 62.050 26.410 1.600
vertex 62.050 26.410 1.650
vertex 62.950 26.410 1.650
endloop
endfacet
facet normal 0 0 0
outer loop
vertex 62.050 26.410 1.600
vertex 62.950 26.410 1.650
vertex 62.950 26.410 1.600
endloop
endfacet
facet normal 0 0 0
outer loop
vertex 62.950 26.410 1.600
vertex 62.950 26.410 1.650
vertex 62.950 26.690 1.650
endloop
endfacet
facet normal 0 0 0
outer loop
vertex 62.950 26.410 1.600
vertex 62.950 26.690 1.650
vertex 62.950 26.690 1.600
endloop
endfacet
facet normal 0 0 0
outer loop
vertex 62.950 26.690 1.600
vertex 62.950 26.690 1.650
vertex 62.050 26.690 1.650
endloop
endfacet
facet normal 0 0 0
outer loop
vertex 62.950 26.690 1.600
vertex 62.050 26.690 1.650
vertex 62.050 26.690 1.600
endloop
endfacet
facet normal 0 0 0
outer loop
vertex 62.050 26.690 1.600
vertex 62.050 26.690 1.650
vertex 62.050 26.410 1.650
endloop
endfacet
facet normal 0 0 0
outer loop
vertex 62.050 26.690 1.600
vertex 62.050 26.410 1.650
vertex 62.050 26.410 1.600
endloop
endfacet
facet normal 0 0 0
outer loop
vertex 65.860 27.600 1.600
vertex 66.140 27.600 1.600
vertex 66.140 28.500 1.600
endloop
endfacet
facet normal 0 0 0
outer loop
vertex 65.860 27.600 1.600
vertex 66.140 28.500 1.600
vertex 65.860 28.500 1.600
endloop
endfacet
facet normal 0 0 0
outer loop
vertex 65.860 27.600 1.650
vertex 66.140 28.500 1.650
vertex 66.140 27.600 1.650
endloop
endfacet
facet normal 0 0 0
outer loop
vertex 65.860 27.600 1.650
vertex 66.140 27.600 1.650
vertex 65.860 27.600 1.650
endloop
endfacet
facet normal 0 0 0
outer loop
vertex 65.860 27.600 1.600
vertex 65.860 27.600 1.650
vertex 66.140 27.600 1.650
endloop
endfacet
facet normal 0 0 0
outer loop
vertex 65.860 27.600 1.600
vertex 66.140 27.600 1.650
vertex 66.140 27.600 1.600
endloop
endfacet
facet normal 0 0 0
outer loop
vertex 66.140 27.600 1.600
vertex 66.140 27.600 1.650
vertex 66.140 28.500 1.650
endloop
endfacet
facet normal 0 0 0
outer loop
vertex 66.140 27.600 1.600
vertex 66.140 28.500 1.650
vertex 66.140 28.500 1.600
endloop
endfacet
facet normal 0 0 0
outer loop
vertex 66.140 28.500 1.600
vertex 66.140 28.500 1.650
vertex 65.860 28.500 1.650
endloop
endfacet
facet normal 0 0 0
outer loop
vertex 66.140 28.500 1.600
vertex 65.860 28.500 1.650
vertex 65.860 28.500 1.600
endloop
endfacet
facet normal 0 0 0
outer loop
vertex 65.860 28.500 1.600
vertex 65.860 28.500 1.650
vertex 65.860 27.600 1.650
endloop
endfacet
facet normal 0 0 0
outer loop
vertex 65.860 28.500 1.600
vertex 65.860 27.600 1.650
vertex 65.860 27.600 1.600
endloop
endfacet
facet normal 0 0 0
outer loop
vertex 67.050 24.410 1.600
vertex 67.950 24.410 1.600
vertex 67.950 24.690 1.600
endloop
endfacet
facet normal 0 0 0
outer loop
vertex 67.050 24.410 1.600
vertex 67.950 24.690 1.600
vertex 67.050 24.690 1.600
endloop
endfacet
facet normal 0 0 0
outer loop
vertex 67.050 24.410 1.650
vertex 67.950 24.690 1.650
vertex 67.950 24.410 1.650
endloop
endfacet
facet normal 0 0 0
outer loop
vertex 67.050 24.410 1.650
vertex 67.950 24.410 1.650
vertex 67.050 24.410 1.650
endloop
endfacet
facet normal 0 0 0
outer loop
vertex 67.050 24.410 1.600
vertex 67.050 24.410 1.650
vertex 67.950 24.410 1.650
endloop
endfacet
facet normal 0 0 0
outer loop
vertex 67.050 24.410 1.600
vertex 67.950 24.410 1.650
vertex 67.950 24.410 1.600
endloop
endfacet
facet normal 0 0 0
outer loop
vertex 67.950 24.410 1.600
vertex 67.950 24.410 1.650
vertex 67.950 24.690 1.650
endloop
endfacet
facet normal 0 0 0
outer loop
vertex 67.950 24.410 1.600
vertex 67.950 24.690 1.650
vertex 67.950 24.690 1.600
endloop
endfacet
facet normal 0 0 0
outer loop
vertex 67.950 24.690 1.600
vertex 67.950 24.690 1.650
vertex 67.050 24.690 1.650
endloop
endfacet
facet normal 0 0 0
outer loop
vertex 67.950 24.690 1.600
vertex 67.050 24.690 1.650
vertex 67.050 24.690 1.600
endloop
endfacet
facet normal 0 0 0
outer loop
vertex 67.050 24.690 1.600
vertex 67.050 24.690 1.650
vertex 67.050 24.410 1.650
endloop
endfacet
facet normal 0 0 0
outer loop
vertex 67.050 24.690 1.600
vertex 67.050 24.410 1.650
vertex 67.050 24.410 1.600
endloop
endfacet
facet normal 0 0 0
outer loop
vertex 63.860 22.600 1.600
vertex 64.140 22.600 1.600
vertex 64.140 23.500 1.600
endloop
endfacet
facet normal 0 0 0
outer loop
vertex 63.860 22.600 1.600
vertex 64.140 23.500 1.600
vertex 63.860 23.500 1.600
endloop
endfacet
facet normal 0 0 0
outer loop
vertex 63.860 22.600 1.650
vertex 64.140 23.500 1.650
vertex 64.140 22.600 1.650
endloop
endfacet
facet normal 0 0 0
outer loop
vertex 63.860 22.600 1.650
vertex 64.140 22.600 1.650
vertex 63.860 22.600 1.650
endloop
endfacet
facet normal 0 0 0
outer loop
vertex 63.860 22.600 1.600
vertex 63.860 22.600 1.650
vertex 64.140 22.600 1.650
endloop
endfacet
facet normal 0 0 0
outer loop
vertex 63.860 22.600 1.600
vertex 64.140 22.600 1.650
vertex 64.140 22.600 1.600
endloop
endfacet
facet normal 0 0 0
outer loop
vertex 64.140 22.600 1.600
vertex 64.140 22.600 1.650
vertex 64.140 23.500 1.650
endloop
endfacet
facet normal 0 0 0
outer loop
vertex 64.140 22.600 1.600
vertex 64.140 23.500 1.650
vertex 64.140 23.500 1.600
endloop
endfacet
facet normal 0 0 0
outer loop
vertex 64.140 23.500 1.600
vertex 64.140 23.500 1.650
vertex 63.860 23.500 1.650
endloop
endfacet
facet normal 0 0 0
outer loop
vertex 64.140 23.500 1.600
vertex 63.860 23.500 1.650
vertex 63.860 23.500 1.600
endloop
endfacet
facet normal 0 0 0
outer loop
vertex 63.860 23.500 1.600
vertex 63.860 23.500 1.650
vertex 63.860 22.600 1.650
endloop
endfacet
facet normal 0 0 0
outer loop
vertex 63.860 23.500 1.600
vertex 63.860 22.600 1.650
vertex 63.860 22.600 1.600
endloop
endfacet
facet normal 0 0 0
outer loop
vertex 62.050 25.910 1.600
vertex 62.950 25.910 1.600
vertex 62.950 26.190 1.600
endloop
endfacet
facet normal 0 0 0
outer loop
vertex 62.050 25.910 1.600
vertex 62.950 26.190 1.600
vertex 62.050 26.190 1.600
endloop
endfacet
facet normal 0 0 0
outer loop
vertex 62.050 25.910 1.650
vertex 62.950 26.190 1.650
vertex 62.950 25.910 1.650
endloop
endfacet
facet normal 0 0 0
outer loop
vertex 62.050 25.910 1.650
vertex 62.950 25.910 1.650
vertex 62.050 25.910 1.650
endloop
endfacet
facet normal 0 0 0
outer loop
vertex 62.050 25.910 1.600
vertex 62.050 25.910 1.650
vertex 62.950 25.910 1.650
endloop
endfacet
facet normal 0 0 0
outer loop
vertex 62.050 25.910 1.600
vertex 62.950 25.910 1.650
vertex 62.950 25.910 1.600
endloop
endfacet
facet normal 0 0 0
outer loop
vertex 62.950 25.910 1.600
vertex 62.950 25.910 1.650
vertex 62.950 26.190 1.650
endloop
endfacet
facet normal 0 0 0
outer loop
vertex 62.950 25.910 1.600
vertex 62.950 26.190 1.650
vertex 62.950 26.190 1.600
endloop
endfacet
facet normal 0 0 0
outer loop
vertex 62.950 26.190 1.600
vertex 62.950 26.190 1.650
vertex 62.050 26.190 1.650
endloop
endfacet
facet normal 0 0 0
outer loop
vertex 62.950 26.190 1.600
vertex 62.050 26.190 1.650
vertex 62.050 26.190 1.600
endloop
endfacet
facet normal 0 0 0
outer loop
vertex 62.050 26.190 1.600
vertex 62.050 26.190 1.650
vertex 62.050 25.910 1.650
endloop
endfacet
facet normal 0 0 0
outer loop
vertex 62.050 26.190 1.600
vertex 62.050 25.910 1.650
vertex 62.050 25.910 1.600
endloop
endfacet
facet normal 0 0 0
outer loop
vertex 65.360 27.600 1.600
vertex 65.640 27.600 1.600
vertex 65.640 28.500 1.600
endloop
endfacet
facet normal 0 0 0
outer loop
vertex 65.360 27.600 1.600
vertex 65.640 28.500 1.600
vertex 65.360 28.500 1.600
endloop
endfacet
facet normal 0 0 0
outer loop
vertex 65.360 27.600 1.650
vertex 65.640 28.500 1.650
vertex 65.640 27.600 1.650
endloop
endfacet
facet normal 0 0 0
outer loop
vertex 65.360 27.600 1.650
vertex 65.640 27.600 1.650
vertex 65.360 27.600 1.650
endloop
endfacet
facet normal 0 0 0
outer loop
vertex 65.360 27.600 1.600
vertex 65.360 27.600 1.650
vertex 65.640 27.600 1.650
endloop
endfacet
facet normal 0 0 0
outer loop
vertex 65.360 27.600 1.600
vertex 65.640 27.600 1.650
vertex 65.640 27.600 1.600
endloop
endfacet
facet normal 0 0 0
outer loop
vertex 65.640 27.600 1.600
vertex 65.640 27.600 1.650
vertex 65.640 28.500 1.650
endloop
endfacet
facet normal 0 0 0
outer loop
vertex 65.640 27.600 1.600
vertex 65.640 28.500 1.650
vertex 65.640 28.500 1.600
endloop
endfacet
facet normal 0 0 0
outer loop
vertex 65.640 28.500 1.600
vertex 65.640 28.500 1.650
vertex 65.360 28.500 1.650
endloop
endfacet
facet normal 0 0 0
outer loop
vertex 65.640 28.500 1.600
vertex 65.360 28.500 1.650
vertex 65.360 28.500 1.600
endloop
endfacet
facet normal 0 0 0
outer loop
vertex 65.360 28.500 1.600
vertex 65.360 28.500 1.650
vertex 65.360 27.600 1.650
endloop
endfacet
facet normal 0 0 0
outer loop
vertex 65.360 28.500 1.600
vertex 65.360 27.600 1.650
vertex 65.360 27.600 1.600
endloop
endfacet
facet normal 0 0 0
outer loop
vertex 67.050 24.910 1.600
vertex 67.950 24.910 1.600
vertex 67.950 25.190 1.600
endloop
endfacet
facet normal 0 0 0
outer loop
vertex 67.050 24.910 1.600
vertex 67.950 25.190 1.600
vertex 67.050 25.190 1.600
endloop
endfacet
facet normal 0 0 0
outer loop
vertex 67.050 24.910 1.650
vertex 67.950 25.190 1.650
vertex 67.950 24.910 1.650
endloop
endfacet
facet normal 0 0 0
outer loop
vertex 67.050 24.910 1.650
vertex 67.950 24.910 1.650
vertex 67.050 24.910 1.650
endloop
endfacet
facet normal 0 0 0
outer loop
vertex 67.050 24.910 1.600
vertex 67.050 24.910 1.650
vertex 67.950 24.910 1.650
endloop
endfacet
facet normal 0 0 0
outer loop
vertex 67.050 24.910 1.600
vertex 67.950 24.910 1.650
vertex 67.950 24.910 1.600
endloop
endfacet
facet normal 0 0 0
outer loop
vertex 67.950 24.910 1.600
vertex 67.950 24.910 1.650
vertex 67.950 25.190 1.650
endloop
endfacet
facet normal 0 0 0
outer loop
vertex 67.950 24.910 1.600
vertex 67.950 25.190 1.650
vertex 67.950 25.190 1.600
endloop
endfacet
facet normal 0 0 0
outer loop
vertex 67.950 25.190 1.600
vertex 67.950 25.190 1.650
vertex 67.050 25.190 1.650
endloop
endfacet
facet normal 0 0 0
outer loop
vertex 67.950 25.190 1.600
vertex 67.050 25.190 1.650
vertex 67.050 25.190 1.600
endloop
endfacet
facet normal 0 0 0
outer loop
vertex 67.050 25.190 1.600
vertex 67.050 25.190 1.650
vertex 67.050 24.910 1.650
endloop
endfacet
facet normal 0 0 0
outer loop
vertex 67.050 25.190 1.600
vertex 67.050 24.910 1.650
vertex 67.050 24.910 1.600
endloop
endfacet
facet normal 0 0 0
outer loop
vertex 64.360 22.600 1.600
vertex 64.640 22.600 1.600
vertex 64.640 23.500 1.600
endloop
endfacet
facet normal 0 0 0
outer loop
vertex 64.360 22.600 1.600
vertex 64.640 23.500 1.600
vertex 64.360 23.500 1.600
endloop
endfacet
facet normal 0 0 0
outer loop
vertex 64.360 22.600 1.650
vertex 64.640 23.500 1.650
vertex 64.640 22.600 1.650
endloop
endfacet
facet normal 0 0 0
outer loop
vertex 64.360 22.600 1.650
vertex 64.640 22.600 1.650
vertex 64.360 22.600 1.650
endloop
endfacet
facet normal 0 0 0
outer loop
vertex 64.360 22.600 1.600
vertex 64.360 22.600 1.650
vertex 64.640 22.600 1.650
endloop
endfacet
facet normal 0 0 0
outer loop
vertex 64.360 22.600 1.600
vertex 64.640 22.600 1.650
vertex 64.640 22.600 1.600
endloop
endfacet
facet normal 0 0 0
outer loop
vertex 64.640 22.600 1.600
vertex 64.640 22.600 1.650
vertex 64.640 23.500 1.650
endloop
endfacet
facet normal 0 0 0
outer loop
vertex 64.640 22.600 1.600
vertex 64.640 23.500 1.650
vertex 64.640 23.500 1.600
endloop
endfacet
facet normal 0 0 0
outer loop
vertex 64.640 23.500 1.600
vertex 64.640 23.500 1.650
vertex 64.360 23.500 1.650
endloop
endfacet
facet normal 0 0 0
outer loop
vertex 64.640 23.500 1.600
vertex 64.360 23.500 1.650
vertex 64.360 23.500 1.600
endloop
endfacet
facet normal 0 0 0
outer loop
vertex 64.360 23.500 1.600
vertex 64.360 23.500 1.650
vertex 64.360 22.600 1.650
endloop
endfacet
facet normal 0 0 0
outer loop
vertex 64.360 23.500 1.600
vertex 64.360 22.600 1.650
vertex 64.360 22.600 1.600
endloop
endfacet
facet normal 0 0 0
outer loop
vertex 62.050 25.410 1.600
vertex 62.950 25.410 1.600
vertex 62.950 25.690 1.600
endloop
endfacet
facet normal 0 0 0
outer loop
vertex 62.050 25.410 1.600
vertex 62.950 25.690 1.600
vertex 62.050 25.690 1.600
endloop
endfacet
facet normal 0 0 0
outer loop
vertex 62.050 25.410 1.650
vertex 62.950 25.690 1.650
vertex 62.950 25.410 1.650
endloop
endfacet
facet normal 0 0 0
outer loop
vertex 62.050 25.410 1.650
vertex 62.950 25.410 1.650
vertex 62.050 25.410 1.650
endloop
endfacet
facet normal 0 0 0
outer loop
vertex 62.050 25.410 1.600
vertex 62.050 25.410 1.650
vertex 62.950 25.410 1.650
endloop
endfacet
facet normal 0 0 0
outer loop
vertex 62.050 25.410 1.600
vertex 62.950 25.410 1.650
vertex 62.950 25.410 1.600
endloop
endfacet
facet normal 0 0 0
outer loop
vertex 62.950 25.410 1.600
vertex 62.950 25.410 1.650
vertex 62.950 25.690 1.650
endloop
endfacet
facet normal 0 0 0
outer loop
vertex 62.950 25.410 1.600
vertex 62.950 25.690 1.650
vertex 62.950 25.690 1.600
endloop
endfacet
facet normal 0 0 0
outer loop
vertex 62.950 25.690 1.600
vertex 62.950 25.690 1.650
vertex 62.050 25.690 1.650
endloop
endfacet
facet normal 0 0 0
outer loop
vertex 62.950 25.690 1.600
vertex 62.050 25.690 1.650
vertex 62.050 25.690 1.600
endloop
endfacet
facet normal 0 0 0
outer loop
vertex 62.050 25.690 1.600
vertex 62.050 25.690 1.650
vertex 62.050 25.410 1.650
endloop
endfacet
facet normal 0 0 0
outer loop
vertex 62.050 25.690 1.600
vertex 62.050 25.410 1.650
vertex 62.050 25.410 1.600
endloop
endfacet
facet normal 0 0 0
outer loop
vertex 64.860 27.600 1.600
vertex 65.140 27.600 1.600
vertex 65.140 28.500 1.600
endloop
endfacet
facet normal 0 0 0
outer loop
vertex 64.860 27.600 1.600
vertex 65.140 28.500 1.600
vertex 64.860 28.500 1.600
endloop
endfacet
facet normal 0 0 0
outer loop
vertex 64.860 27.600 1.650
vertex 65.140 28.500 1.650
vertex 65.140 27.600 1.650
endloop
endfacet
facet normal 0 0 0
outer loop
vertex 64.860 27.600 1.650
vertex 65.140 27.600 1.650
vertex 64.860 27.600 1.650
endloop
endfacet
facet normal 0 0 0
outer loop
vertex 64.860 27.600 1.600
vertex 64.860 27.600 1.650
vertex 65.140 27.600 1.650
endloop
endfacet
facet normal 0 0 0
outer loop
vertex 64.860 27.600 1.600
vertex 65.140 27.600 1.650
vertex 65.140 27.600 1.600
endloop
endfacet
facet normal 0 0 0
outer loop
vertex 65.140 27.600 1.600
vertex 65.140 27.600 1.650
vertex 65.140 28.500 1.650
endloop
endfacet
facet normal 0 0 0
outer loop
vertex 65.140 27.600 1.600
vertex 65.140 28.500 1.650
vertex 65.140 28.500 1.600
endloop
endfacet
facet normal 0 0 0
outer loop
vertex 65.140 28.500 1.600
vertex 65.140 28.500 1.650
vertex 64.860 28.500 1.650
endloop
endfacet
facet normal 0 0 0
outer loop
vertex 65.140 28.500 1.600
vertex 64.860 28.500 1.650
vertex 64.860 28.500 1.600
endloop
endfacet
facet normal 0 0 0
outer loop
vertex 64.860 28.500 1.600
vertex 64.860 28.500 1.650
vertex 64.860 27.600 1.650
endloop
endfacet
facet normal 0 0 0
outer loop
vertex 64.860 28.500 1.600
vertex 64.860 27.600 1.650
vertex 64.860 27.600 1.600
endloop
endfacet
facet normal 0 0 0
outer loop
vertex 67.050 25.410 1.600
vertex 67.950 25.410 1.600
vertex 67.950 25.690 1.600
endloop
endfacet
facet normal 0 0 0
outer loop
vertex 67.050 25.410 1.600
vertex 67.950 25.690 1.600
vertex 67.050 25.690 1.600
endloop
endfacet
facet normal 0 0 0
outer loop
vertex 67.050 25.410 1.650
vertex 67.950 25.690 1.650
vertex 67.950 25.410 1.650
endloop
endfacet
facet normal 0 0 0
outer loop
vertex 67.050 25.410 1.650
vertex 67.950 25.410 1.650
vertex 67.050 25.410 1.650
endloop
endfacet
facet normal 0 0 0
outer loop
vertex 67.050 25.410 1.600
vertex 67.050 25.410 1.650
vertex 67.950 25.410 1.650
endloop
endfacet
facet normal 0 0 0
outer loop
vertex 67.050 25.410 1.600
vertex 67.950 25.410 1.650
vertex 67.950 25.410 1.600
endloop
endfacet
facet normal 0 0 0
outer loop
vertex 67.950 25.410 1.600
vertex 67.950 25.410 1.650
vertex 67.950 25.690 1.650
endloop
endfacet
facet normal 0 0 0
outer loop
vertex 67.950 25.410 1.600
vertex 67.950 25.690 1.650
vertex 67.950 25.690 1.600
endloop
endfacet
facet normal 0 0 0
outer loop
vertex 67.950 25.690 1.600
vertex 67.950 25.690 1.650
vertex 67.050 25.690 1.650
endloop
endfacet
facet normal 0 0 0
outer loop
vertex 67.950 25.690 1.600
vertex 67.050 25.690 1.650
vertex 67.050 25.690 1.600
endloop
endfacet
facet normal 0 0 0
outer loop
vertex 67.050 25.690 1.600
vertex 67.050 25.690 1.650
vertex 67.050 25.410 1.650
endloop
endfacet
facet normal 0 0 0
outer loop
vertex 67.050 25.690 1.600
vertex 67.050 25.410 1.650
vertex 67.050 25.410 1.600
endloop
endfacet
facet normal 0 0 0
outer loop
vertex 64.860 22.600 1.600
vertex 65.140 22.600 1.600
vertex 65.140 23.500 1.600
endloop
endfacet
facet normal 0 0 0
outer loop
vertex 64.860 22.600 1.600
vertex 65.140 23.500 1.600
vertex 64.860 23.500 1.600
endloop
endfacet
facet normal 0 0 0
outer loop
vertex 64.860 22.600 1.650
vertex 65.140 23.500 1.650
vertex 65.140 22.600 1.650
endloop
endfacet
facet normal 0 0 0
outer loop
vertex 64.860 22.600 1.650
vertex 65.140 22.600 1.650
vertex 64.860 22.600 1.650
endloop
endfacet
facet normal 0 0 0
outer loop
vertex 64.860 22.600 1.600
vertex 64.860 22.600 1.650
vertex 65.140 22.600 1.650
endloop
endfacet
facet normal 0 0 0
outer loop
vertex 64.860 22.600 1.600
vertex 65.140 22.600 1.650
vertex 65.140 22.600 1.600
endloop
endfacet
facet normal 0 0 0
outer loop
vertex 65.140 22.600 1.600
vertex 65.140 22.600 1.650
vertex 65.140 23.500 1.650
endloop
endfacet
facet normal 0 0 0
outer loop
vertex 65.140 22.600 1.600
vertex 65.140 23.500 1.650
vertex 65.140 23.500 1.600
endloop
endfacet
facet normal 0 0 0
outer loop
vertex 65.140 23.500 1.600
vertex 65.140 23.500 1.650
vertex 64.860 23.500 1.650
endloop
endfacet
facet normal 0 0 0
outer loop
vertex 65.140 23.500 1.600
vertex 64.860 23.500 1.650
vertex 64.860 23.500 1.600
endloop
endfacet
facet normal 0 0 0
outer loop
vertex 64.860 23.500 1.600
vertex 64.860 23.500 1.650
vertex 64.860 22.600 1.650
endloop
endfacet
facet normal 0 0 0
outer loop
vertex 64.860 23.500 1.600
vertex 64.860 22.600 1.650
vertex 64.860 22.600 1.600
endloop
endfacet
facet normal 0 0 0
outer loop
vertex 62.050 24.910 1.600
vertex 62.950 24.910 1.600
vertex 62.950 25.190 1.600
endloop
endfacet
facet normal 0 0 0
outer loop
vertex 62.050 24.910 1.600
vertex 62.950 25.190 1.600
vertex 62.050 25.190 1.600
endloop
endfacet
facet normal 0 0 0
outer loop
vertex 62.050 24.910 1.650
vertex 62.950 25.190 1.650
vertex 62.950 24.910 1.650
endloop
endfacet
facet normal 0 0 0
outer loop
vertex 62.050 24.910 1.650
vertex 62.950 24.910 1.650
vertex 62.050 24.910 1.650
endloop
endfacet
facet normal 0 0 0
outer loop
vertex 62.050 24.910 1.600
vertex 62.050 24.910 1.650
vertex 62.950 24.910 1.650
endloop
endfacet
facet normal 0 0 0
outer loop
vertex 62.050 24.910 1.600
vertex 62.950 24.910 1.650
vertex 62.950 24.910 1.600
endloop
endfacet
facet normal 0 0 0
outer loop
vertex 62.950 24.910 1.600
vertex 62.950 24.910 1.650
vertex 62.950 25.190 1.650
endloop
endfacet
facet normal 0 0 0
outer loop
vertex 62.950 24.910 1.600
vertex 62.950 25.190 1.650
vertex 62.950 25.190 1.600
endloop
endfacet
facet normal 0 0 0
outer loop
vertex 62.950 25.190 1.600
vertex 62.950 25.190 1.650
vertex 62.050 25.190 1.650
endloop
endfacet
facet normal 0 0 0
outer loop
vertex 62.950 25.190 1.600
vertex 62.050 25.190 1.650
vertex 62.050 25.190 1.600
endloop
endfacet
facet normal 0 0 0
outer loop
vertex 62.050 25.190 1.600
vertex 62.050 25.190 1.650
vertex 62.050 24.910 1.650
endloop
endfacet
facet normal 0 0 0
outer loop
vertex 62.050 25.190 1.600
vertex 62.050 24.910 1.650
vertex 62.050 24.910 1.600
endloop
endfacet
facet normal 0 0 0
outer loop
vertex 64.360 27.600 1.600
vertex 64.640 27.600 1.600
vertex 64.640 28.500 1.600
endloop
endfacet
facet normal 0 0 0
outer loop
vertex 64.360 27.600 1.600
vertex 64.640 28.500 1.600
vertex 64.360 28.500 1.600
endloop
endfacet
facet normal 0 0 0
outer loop
vertex 64.360 27.600 1.650
vertex 64.640 28.500 1.650
vertex 64.640 27.600 1.650
endloop
endfacet
facet normal 0 0 0
outer loop
vertex 64.360 27.600 1.650
vertex 64.640 27.600 1.650
vertex 64.360 27.600 1.650
endloop
endfacet
facet normal 0 0 0
outer loop
vertex 64.360 27.600 1.600
vertex 64.360 27.600 1.650
vertex 64.640 27.600 1.650
endloop
endfacet
facet normal 0 0 0
outer loop
vertex 64.360 27.600 1.600
vertex 64.640 27.600 1.650
vertex 64.640 27.600 1.600
endloop
endfacet
facet normal 0 0 0
outer loop
vertex 64.640 27.600 1.600
vertex 64.640 27.600 1.650
vertex 64.640 28.500 1.650
endloop
endfacet
facet normal 0 0 0
outer loop
vertex 64.640 27.600 1.600
vertex 64.640 28.500 1.650
vertex 64.640 28.500 1.600
endloop
endfacet
facet normal 0 0 0
outer loop
vertex 64.640 28.500 1.600
vertex 64.640 28.500 1.650
vertex 64.360 28.500 1.650
endloop
endfacet
facet normal 0 0 0
outer loop
vertex 64.640 28.500 1.600
vertex 64.360 28.500 1.650
vertex 64.360 28.500 1.600
endloop
endfacet
facet normal 0 0 0
outer loop
vertex 64.360 28.500 1.600
vertex 64.360 28.500 1.650
vertex 64.360 27.600 1.650
endloop
endfacet
facet normal 0 0 0
outer loop
vertex 64.360 28.500 1.600
vertex 64.360 27.600 1.650
vertex 64.360 27.600 1.600
endloop
endfacet
facet normal 0 0 0
outer loop
vertex 67.050 25.910 1.600
vertex 67.950 25.910 1.600
vertex 67.950 26.190 1.600
endloop
endfacet
facet normal 0 0 0
outer loop
vertex 67.050 25.910 1.600
vertex 67.950 26.190 1.600
vertex 67.050 26.190 1.600
endloop
endfacet
facet normal 0 0 0
outer loop
vertex 67.050 25.910 1.650
vertex 67.950 26.190 1.650
vertex 67.950 25.910 1.650
endloop
endfacet
facet normal 0 0 0
outer loop
vertex 67.050 25.910 1.650
vertex 67.950 25.910 1.650
vertex 67.050 25.910 1.650
endloop
endfacet
facet normal 0 0 0
outer loop
vertex 67.050 25.910 1.600
vertex 67.050 25.910 1.650
vertex 67.950 25.910 1.650
endloop
endfacet
facet normal 0 0 0
outer loop
vertex 67.050 25.910 1.600
vertex 67.950 25.910 1.650
vertex 67.950 25.910 1.600
endloop
endfacet
facet normal 0 0 0
outer loop
vertex 67.950 25.910 1.600
vertex 67.950 25.910 1.650
vertex 67.950 26.190 1.650
endloop
endfacet
facet normal 0 0 0
outer loop
vertex 67.950 25.910 1.600
vertex 67.950 26.190 1.650
vertex 67.950 26.190 1.600
endloop
endfacet
facet normal 0 0 0
outer loop
vertex 67.950 26.190 1.600
vertex 67.950 26.190 1.650
vertex 67.050 26.190 1.650
endloop
endfacet
facet normal 0 0 0
outer loop
vertex 67.950 26.190 1.600
vertex 67.050 26.190 1.650
vertex 67.050 26.190 1.600
endloop
endfacet
facet normal 0 0 0
outer loop
vertex 67.050 26.190 1.600
vertex 67.050 26.190 1.650
vertex 67.050 25.910 1.650
endloop
endfacet
facet normal 0 0 0
outer loop
vertex 67.050 26.190 1.600
vertex 67.050 25.910 1.650
vertex 67.050 25.910 1.600
endloop
endfacet
facet normal 0 0 0
outer loop
vertex 65.360 22.600 1.600
vertex 65.640 22.600 1.600
vertex 65.640 23.500 1.600
endloop
endfacet
facet normal 0 0 0
outer loop
vertex 65.360 22.600 1.600
vertex 65.640 23.500 1.600
vertex 65.360 23.500 1.600
endloop
endfacet
facet normal 0 0 0
outer loop
vertex 65.360 22.600 1.650
vertex 65.640 23.500 1.650
vertex 65.640 22.600 1.650
endloop
endfacet
facet normal 0 0 0
outer loop
vertex 65.360 22.600 1.650
vertex 65.640 22.600 1.650
vertex 65.360 22.600 1.650
endloop
endfacet
facet normal 0 0 0
outer loop
vertex 65.360 22.600 1.600
vertex 65.360 22.600 1.650
vertex 65.640 22.600 1.650
endloop
endfacet
facet normal 0 0 0
outer loop
vertex 65.360 22.600 1.600
vertex 65.640 22.600 1.650
vertex 65.640 22.600 1.600
endloop
endfacet
facet normal 0 0 0
outer loop
vertex 65.640 22.600 1.600
vertex 65.640 22.600 1.650
vertex 65.640 23.500 1.650
endloop
endfacet
facet normal 0 0 0
outer loop
vertex 65.640 22.600 1.600
vertex 65.640 23.500 1.650
vertex 65.640 23.500 1.600
endloop
endfacet
facet normal 0 0 0
outer loop
vertex 65.640 23.500 1.600
vertex 65.640 23.500 1.650
vertex 65.360 23.500 1.650
endloop
endfacet
facet normal 0 0 0
outer loop
vertex 65.640 23.500 1.600
vertex 65.360 23.500 1.650
vertex 65.360 23.500 1.600
endloop
endfacet
facet normal 0 0 0
outer loop
vertex 65.360 23.500 1.600
vertex 65.360 23.500 1.650
vertex 65.360 22.600 1.650
endloop
endfacet
facet normal 0 0 0
outer loop
vertex 65.360 23.500 1.600
vertex 65.360 22.600 1.650
vertex 65.360 22.600 1.600
endloop
endfacet
facet normal 0 0 0
outer loop
vertex 62.050 24.410 1.600
vertex 62.950 24.410 1.600
vertex 62.950 24.690 1.600
endloop
endfacet
facet normal 0 0 0
outer loop
vertex 62.050 24.410 1.600
vertex 62.950 24.690 1.600
vertex 62.050 24.690 1.600
endloop
endfacet
facet normal 0 0 0
outer loop
vertex 62.050 24.410 1.650
vertex 62.950 24.690 1.650
vertex 62.950 24.410 1.650
endloop
endfacet
facet normal 0 0 0
outer loop
vertex 62.050 24.410 1.650
vertex 62.950 24.410 1.650
vertex 62.050 24.410 1.650
endloop
endfacet
facet normal 0 0 0
outer loop
vertex 62.050 24.410 1.600
vertex 62.050 24.410 1.650
vertex 62.950 24.410 1.650
endloop
endfacet
facet normal 0 0 0
outer loop
vertex 62.050 24.410 1.600
vertex 62.950 24.410 1.650
vertex 62.950 24.410 1.600
endloop
endfacet
facet normal 0 0 0
outer loop
vertex 62.950 24.410 1.600
vertex 62.950 24.410 1.650
vertex 62.950 24.690 1.650
endloop
endfacet
facet normal 0 0 0
outer loop
vertex 62.950 24.410 1.600
vertex 62.950 24.690 1.650
vertex 62.950 24.690 1.600
endloop
endfacet
facet normal 0 0 0
outer loop
vertex 62.950 24.690 1.600
vertex 62.950 24.690 1.650
vertex 62.050 24.690 1.650
endloop
endfacet
facet normal 0 0 0
outer loop
vertex 62.950 24.690 1.600
vertex 62.050 24.690 1.650
vertex 62.050 24.690 1.600
endloop
endfacet
facet normal 0 0 0
outer loop
vertex 62.050 24.690 1.600
vertex 62.050 24.690 1.650
vertex 62.050 24.410 1.650
endloop
endfacet
facet normal 0 0 0
outer loop
vertex 62.050 24.690 1.600
vertex 62.050 24.410 1.650
vertex 62.050 24.410 1.600
endloop
endfacet
facet normal 0 0 0
outer loop
vertex 63.860 27.600 1.600
vertex 64.140 27.600 1.600
vertex 64.140 28.500 1.600
endloop
endfacet
facet normal 0 0 0
outer loop
vertex 63.860 27.600 1.600
vertex 64.140 28.500 1.600
vertex 63.860 28.500 1.600
endloop
endfacet
facet normal 0 0 0
outer loop
vertex 63.860 27.600 1.650
vertex 64.140 28.500 1.650
vertex 64.140 27.600 1.650
endloop
endfacet
facet normal 0 0 0
outer loop
vertex 63.860 27.600 1.650
vertex 64.140 27.600 1.650
vertex 63.860 27.600 1.650
endloop
endfacet
facet normal 0 0 0
outer loop
vertex 63.860 27.600 1.600
vertex 63.860 27.600 1.650
vertex 64.140 27.600 1.650
endloop
endfacet
facet normal 0 0 0
outer loop
vertex 63.860 27.600 1.600
vertex 64.140 27.600 1.650
vertex 64.140 27.600 1.600
endloop
endfacet
facet normal 0 0 0
outer loop
vertex 64.140 27.600 1.600
vertex 64.140 27.600 1.650
vertex 64.140 28.500 1.650
endloop
endfacet
facet normal 0 0 0
outer loop
vertex 64.140 27.600 1.600
vertex 64.140 28.500 1.650
vertex 64.140 28.500 1.600
endloop
endfacet
facet normal 0 0 0
outer loop
vertex 64.140 28.500 1.600
vertex 64.140 28.500 1.650
vertex 63.860 28.500 1.650
endloop
endfacet
facet normal 0 0 0
outer loop
vertex 64.140 28.500 1.600
vertex 63.860 28.500 1.650
vertex 63.860 28.500 1.600
endloop
endfacet
facet normal 0 0 0
outer loop
vertex 63.860 28.500 1.600
vertex 63.860 28.500 1.650
vertex 63.860 27.600 1.650
endloop
endfacet
facet normal 0 0 0
outer loop
vertex 63.860 28.500 1.600
vertex 63.860 27.600 1.650
vertex 63.860 27.600 1.600
endloop
endfacet
facet normal 0 0 0
outer loop
vertex 67.050 26.410 1.600
vertex 67.950 26.410 1.600
vertex 67.950 26.690 1.600
endloop
endfacet
facet normal 0 0 0
outer loop
vertex 67.050 26.410 1.600
vertex 67.950 26.690 1.600
vertex 67.050 26.690 1.600
endloop
endfacet
facet normal 0 0 0
outer loop
vertex 67.050 26.410 1.650
vertex 67.950 26.690 1.650
vertex 67.950 26.410 1.650
endloop
endfacet
facet normal 0 0 0
outer loop
vertex 67.050 26.410 1.650
vertex 67.950 26.410 1.650
vertex 67.050 26.410 1.650
endloop
endfacet
facet normal 0 0 0
outer loop
vertex 67.050 26.410 1.600
vertex 67.050 26.410 1.650
vertex 67.950 26.410 1.650
endloop
endfacet
facet normal 0 0 0
outer loop
vertex 67.050 26.410 1.600
vertex 67.950 26.410 1.650
vertex 67.950 26.410 1.600
endloop
endfacet
facet normal 0 0 0
outer loop
vertex 67.950 26.410 1.600
vertex 67.950 26.410 1.650
vertex 67.950 26.690 1.650
endloop
endfacet
facet normal 0 0 0
outer loop
vertex 67.950 26.410 1.600
vertex 67.950 26.690 1.650
vertex 67.950 26.690 1.600
endloop
endfacet
facet normal 0 0 0
outer loop
vertex 67.950 26.690 1.600
vertex 67.950 26.690 1.650
vertex 67.050 26.690 1.650
endloop
endfacet
facet normal 0 0 0
outer loop
vertex 67.950 26.690 1.600
vertex 67.050 26.690 1.650
vertex 67.050 26.690 1.600
endloop
endfacet
facet normal 0 0 0
outer loop
vertex 67.050 26.690 1.600
vertex 67.050 26.690 1.650
vertex 67.050 26.410 1.650
endloop
endfacet
facet normal 0 0 0
outer loop
vertex 67.050 26.690 1.600
vertex 67.050 26.410 1.650
vertex 67.050 26.410 1.600
endloop
endfacet
facet normal 0 0 0
outer loop
vertex 65.860 22.600 1.600
vertex 66.140 22.600 1.600
vertex 66.140 23.500 1.600
endloop
endfacet
facet normal 0 0 0
outer loop
vertex 65.860 22.600 1.600
vertex 66.140 23.500 1.600
vertex 65.860 23.500 1.600
endloop
endfacet
facet normal 0 0 0
outer loop
vertex 65.860 22.600 1.650
vertex 66.140 23.500 1.650
vertex 66.140 22.600 1.650
endloop
endfacet
facet normal 0 0 0
outer loop
vertex 65.860 22.600 1.650
vertex 66.140 22.600 1.650
vertex 65.860 22.600 1.650
endloop
endfacet
facet normal 0 0 0
outer loop
vertex 65.860 22.600 1.600
vertex 65.860 22.600 1.650
vertex 66.140 22.600 1.650
endloop
endfacet
facet normal 0 0 0
outer loop
vertex 65.860 22.600 1.600
vertex 66.140 22.600 1.650
vertex 66.140 22.600 1.600
endloop
endfacet
facet normal 0 0 0
outer loop
vertex 66.140 22.600 1.600
vertex 66.140 22.600 1.650
vertex 66.140 23.500 1.650
endloop
endfacet
facet normal 0 0 0
outer loop
vertex 66.140 22.600 1.600
vertex 66.140 23.500 1.650
vertex 66.140 23.500 1.600
endloop
endfacet
facet normal 0 0 0
outer loop
vertex 66.140 23.500 1.600
vertex 66.140 23.500 1.650
vertex 65.860 23.500 1.650
endloop
endfacet
facet normal 0 0 0
outer loop
vertex 66.140 23.500 1.600
vertex 65.860 23.500 1.650
vertex 65.860 23.500 1.600
endloop
endfacet
facet normal 0 0 0
outer loop
vertex 65.860 23.500 1.600
vertex 65.860 23.500 1.650
vertex 65.860 22.600 1.650
endloop
endfacet
facet normal 0 0 0
outer loop
vertex 65.860 23.500 1.600
vertex 65.860 22.600 1.650
vertex 65.860 22.600 1.600
endloop
endfacet
facet normal 0 0 0
outer loop
vertex 62.050 23.910 1.600
vertex 62.950 23.910 1.600
vertex 62.950 24.190 1.600
endloop
endfacet
facet normal 0 0 0
outer loop
vertex 62.050 23.910 1.600
vertex 62.950 24.190 1.600
vertex 62.050 24.190 1.600
endloop
endfacet
facet normal 0 0 0
outer loop
vertex 62.050 23.910 1.650
vertex 62.950 24.190 1.650
vertex 62.950 23.910 1.650
endloop
endfacet
facet normal 0 0 0
outer loop
vertex 62.050 23.910 1.650
vertex 62.950 23.910 1.650
vertex 62.050 23.910 1.650
endloop
endfacet
facet normal 0 0 0
outer loop
vertex 62.050 23.910 1.600
vertex 62.050 23.910 1.650
vertex 62.950 23.910 1.650
endloop
endfacet
facet normal 0 0 0
outer loop
vertex 62.050 23.910 1.600
vertex 62.950 23.910 1.650
vertex 62.950 23.910 1.600
endloop
endfacet
facet normal 0 0 0
outer loop
vertex 62.950 23.910 1.600
vertex 62.950 23.910 1.650
vertex 62.950 24.190 1.650
endloop
endfacet
facet normal 0 0 0
outer loop
vertex 62.950 23.910 1.600
vertex 62.950 24.190 1.650
vertex 62.950 24.190 1.600
endloop
endfacet
facet normal 0 0 0
outer loop
vertex 62.950 24.190 1.600
vertex 62.950 24.190 1.650
vertex 62.050 24.190 1.650
endloop
endfacet
facet normal 0 0 0
outer loop
vertex 62.950 24.190 1.600
vertex 62.050 24.190 1.650
vertex 62.050 24.190 1.600
endloop
endfacet
facet normal 0 0 0
outer loop
vertex 62.050 24.190 1.600
vertex 62.050 24.190 1.650
vertex 62.050 23.910 1.650
endloop
endfacet
facet normal 0 0 0
outer loop
vertex 62.050 24.190 1.600
vertex 62.050 23.910 1.650
vertex 62.050 23.910 1.600
endloop
endfacet
facet normal 0 0 0
outer loop
vertex 63.360 27.600 1.600
vertex 63.640 27.600 1.600
vertex 63.640 28.500 1.600
endloop
endfacet
facet normal 0 0 0
outer loop
vertex 63.360 27.600 1.600
vertex 63.640 28.500 1.600
vertex 63.360 28.500 1.600
endloop
endfacet
facet normal 0 0 0
outer loop
vertex 63.360 27.600 1.650
vertex 63.640 28.500 1.650
vertex 63.640 27.600 1.650
endloop
endfacet
facet normal 0 0 0
outer loop
vertex 63.360 27.600 1.650
vertex 63.640 27.600 1.650
vertex 63.360 27.600 1.650
endloop
endfacet
facet normal 0 0 0
outer loop
vertex 63.360 27.600 1.600
vertex 63.360 27.600 1.650
vertex 63.640 27.600 1.650
endloop
endfacet
facet normal 0 0 0
outer loop
vertex 63.360 27.600 1.600
vertex 63.640 27.600 1.650
vertex 63.640 27.600 1.600
endloop
endfacet
facet normal 0 0 0
outer loop
vertex 63.640 27.600 1.600
vertex 63.640 27.600 1.650
vertex 63.640 28.500 1.650
endloop
endfacet
facet normal 0 0 0
outer loop
vertex 63.640 27.600 1.600
vertex 63.640 28.500 1.650
vertex 63.640 28.500 1.600
endloop
endfacet
facet normal 0 0 0
outer loop
vertex 63.640 28.500 1.600
vertex 63.640 28.500 1.650
vertex 63.360 28.500 1.650
endloop
endfacet
facet normal 0 0 0
outer loop
vertex 63.640 28.500 1.600
vertex 63.360 28.500 1.650
vertex 63.360 28.500 1.600
endloop
endfacet
facet normal 0 0 0
outer loop
vertex 63.360 28.500 1.600
vertex 63.360 28.500 1.650
vertex 63.360 27.600 1.650
endloop
endfacet
facet normal 0 0 0
outer loop
vertex 63.360 28.500 1.600
vertex 63.360 27.600 1.650
vertex 63.360 27.600 1.600
endloop
endfacet
facet normal 0 0 0
outer loop
vertex 67.050 26.910 1.600
vertex 67.950 26.910 1.600
vertex 67.950 27.190 1.600
endloop
endfacet
facet normal 0 0 0
outer loop
vertex 67.050 26.910 1.600
vertex 67.950 27.190 1.600
vertex 67.050 27.190 1.600
endloop
endfacet
facet normal 0 0 0
outer loop
vertex 67.050 26.910 1.650
vertex 67.950 27.190 1.650
vertex 67.950 26.910 1.650
endloop
endfacet
facet normal 0 0 0
outer loop
vertex 67.050 26.910 1.650
vertex 67.950 26.910 1.650
vertex 67.050 26.910 1.650
endloop
endfacet
facet normal 0 0 0
outer loop
vertex 67.050 26.910 1.600
vertex 67.050 26.910 1.650
vertex 67.950 26.910 1.650
endloop
endfacet
facet normal 0 0 0
outer loop
vertex 67.050 26.910 1.600
vertex 67.950 26.910 1.650
vertex 67.950 26.910 1.600
endloop
endfacet
facet normal 0 0 0
outer loop
vertex 67.950 26.910 1.600
vertex 67.950 26.910 1.650
vertex 67.950 27.190 1.650
endloop
endfacet
facet normal 0 0 0
outer loop
vertex 67.950 26.910 1.600
vertex 67.950 27.190 1.650
vertex 67.950 27.190 1.600
endloop
endfacet
facet normal 0 0 0
outer loop
vertex 67.950 27.190 1.600
vertex 67.950 27.190 1.650
vertex 67.050 27.190 1.650
endloop
endfacet
facet normal 0 0 0
outer loop
vertex 67.950 27.190 1.600
vertex 67.050 27.190 1.650
vertex 67.050 27.190 1.600
endloop
endfacet
facet normal 0 0 0
outer loop
vertex 67.050 27.190 1.600
vertex 67.050 27.190 1.650
vertex 67.050 26.910 1.650
endloop
endfacet
facet normal 0 0 0
outer loop
vertex 67.050 27.190 1.600
vertex 67.050 26.910 1.650
vertex 67.050 26.910 1.600
endloop
endfacet
facet normal 0 0 0
outer loop
vertex 66.360 22.600 1.600
vertex 66.640 22.600 1.600
vertex 66.640 23.500 1.600
endloop
endfacet
facet normal 0 0 0
outer loop
vertex 66.360 22.600 1.600
vertex 66.640 23.500 1.600
vertex 66.360 23.500 1.600
endloop
endfacet
facet normal 0 0 0
outer loop
vertex 66.360 22.600 1.650
vertex 66.640 23.500 1.650
vertex 66.640 22.600 1.650
endloop
endfacet
facet normal 0 0 0
outer loop
vertex 66.360 22.600 1.650
vertex 66.640 22.600 1.650
vertex 66.360 22.600 1.650
endloop
endfacet
facet normal 0 0 0
outer loop
vertex 66.360 22.600 1.600
vertex 66.360 22.600 1.650
vertex 66.640 22.600 1.650
endloop
endfacet
facet normal 0 0 0
outer loop
vertex 66.360 22.600 1.600
vertex 66.640 22.600 1.650
vertex 66.640 22.600 1.600
endloop
endfacet
facet normal 0 0 0
outer loop
vertex 66.640 22.600 1.600
vertex 66.640 22.600 1.650
vertex 66.640 23.500 1.650
endloop
endfacet
facet normal 0 0 0
outer loop
vertex 66.640 22.600 1.600
vertex 66.640 23.500 1.650
vertex 66.640 23.500 1.600
endloop
endfacet
facet normal 0 0 0
outer loop
vertex 66.640 23.500 1.600
vertex 66.640 23.500 1.650
vertex 66.360 23.500 1.650
endloop
endfacet
facet normal 0 0 0
outer loop
vertex 66.640 23.500 1.600
vertex 66.360 23.500 1.650
vertex 66.360 23.500 1.600
endloop
endfacet
facet normal 0 0 0
outer loop
vertex 66.360 23.500 1.600
vertex 66.360 23.500 1.650
vertex 66.360 22.600 1.650
endloop
endfacet
facet normal 0 0 0
outer loop
vertex 66.360 23.500 1.600
vertex 66.360 22.600 1.650
vertex 66.360 22.600 1.600
endloop
endfacet
facet normal 0 0 0
outer loop
vertex 63.500 24.050 1.600
vertex 66.500 24.050 1.600
vertex 66.500 27.050 1.600
endloop
endfacet
facet normal 0 0 0
outer loop
vertex 63.500 24.050 1.600
vertex 66.500 27.050 1.600
vertex 63.500 27.050 1.600
endloop
endfacet
facet normal 0 0 0
outer loop
vertex 63.500 24.050 1.650
vertex 66.500 27.050 1.650
vertex 66.500 24.050 1.650
endloop
endfacet
facet normal 0 0 0
outer loop
vertex 63.500 24.050 1.650
vertex 66.500 24.050 1.650
vertex 63.500 24.050 1.650
endloop
endfacet
facet normal 0 0 0
outer loop
vertex 63.500 24.050 1.600
vertex 63.500 24.050 1.650
vertex 66.500 24.050 1.650
endloop
endfacet
facet normal 0 0 0
outer loop
vertex 63.500 24.050 1.600
vertex 66.500 24.050 1.650
vertex 66.500 24.050 1.600
endloop
endfacet
facet normal 0 0 0
outer loop
vertex 66.500 24.050 1.600
vertex 66.500 24.050 1.650
vertex 66.500 27.050 1.650
endloop
endfacet
facet normal 0 0 0
outer loop
vertex 66.500 24.050 1.600
vertex 66.500 27.050 1.650
vertex 66.500 27.050 1.600
endloop
endfacet
facet normal 0 0 0
outer loop
vertex 66.500 27.050 1.600
vertex 66.500 27.050 1.650
vertex 63.500 27.050 1.650
endloop
endfacet
facet normal 0 0 0
outer loop
vertex 66.500 27.050 1.600
vertex 63.500 27.050 1.650
vertex 63.500 27.050 1.600
endloop
endfacet
facet normal 0 0 0
outer loop
vertex 63.500 27.050 1.600
vertex 63.500 27.050 1.650
vertex 63.500 24.050 1.650
endloop
endfacet
facet normal 0 0 0
outer loop
vertex 63.500 27.050 1.600
vertex 63.500 24.050 1.650
vertex 63.500 24.050 1.600
endloop
endfacet
facet normal 0 0 0
outer loop
vertex 90.350 25.350 1.650
vertex 90.650 25.350 1.650
vertex 90.650 25.900 1.650
endloop
endfacet
facet normal 0 0 0
outer loop
vertex 90.350 25.350 1.650
vertex 90.650 25.900 1.650
vertex 90.350 25.900 1.650
endloop
endfacet
facet normal 0 0 0
outer loop
vertex 90.350 25.350 1.700
vertex 90.650 25.900 1.700
vertex 90.650 25.350 1.700
endloop
endfacet
facet normal 0 0 0
outer loop
vertex 90.350 25.350 1.700
vertex 90.650 25.350 1.700
vertex 90.350 25.350 1.700
endloop
endfacet
facet normal 0 0 0
outer loop
vertex 90.350 25.350 1.650
vertex 90.350 25.350 1.700
vertex 90.650 25.350 1.700
endloop
endfacet
facet normal 0 0 0
outer loop
vertex 90.350 25.350 1.650
vertex 90.650 25.350 1.700
vertex 90.650 25.350 1.650
endloop
endfacet
facet normal 0 0 0
outer loop
vertex 90.650 25.350 1.650
vertex 90.650 25.350 1.700
vertex 90.650 25.900 1.700
endloop
endfacet
facet normal 0 0 0
outer loop
vertex 90.650 25.350 1.650
vertex 90.650 25.900 1.700
vertex 90.650 25.900 1.650
endloop
endfacet
facet normal 0 0 0
outer loop
vertex 90.650 25.900 1.650
vertex 90.650 25.900 1.700
vertex 90.350 25.900 1.700
endloop
endfacet
facet normal 0 0 0
outer loop
vertex 90.650 25.900 1.650
vertex 90.350 25.900 1.700
vertex 90.350 25.900 1.650
endloop
endfacet
facet normal 0 0 0
outer loop
vertex 90.350 25.900 1.650
vertex 90.350 25.900 1.700
vertex 90.350 25.350 1.700
endloop
endfacet
facet normal 0 0 0
outer loop
vertex 90.350 25.900 1.650
vertex 90.350 25.350 1.700
vertex 90.350 25.350 1.650
endloop
endfacet
facet normal 0 0 0
outer loop
vertex 88.850 25.600 1.650
vertex 90.650 25.600 1.650
vertex 90.650 25.900 1.650
endloop
endfacet
facet normal 0 0 0
outer loop
vertex 88.850 25.600 1.650
vertex 90.650 25.900 1.650
vertex 88.850 25.900 1.650
endloop
endfacet
facet normal 0 0 0
outer loop
vertex 88.850 25.600 1.700
vertex 90.650 25.900 1.700
vertex 90.650 25.600 1.700
endloop
endfacet
facet normal 0 0 0
outer loop
vertex 88.850 25.600 1.700
vertex 90.650 25.600 1.700
vertex 88.850 25.600 1.700
endloop
endfacet
facet normal 0 0 0
outer loop
vertex 88.850 25.600 1.650
vertex 88.850 25.600 1.700
vertex 90.650 25.600 1.700
endloop
endfacet
facet normal 0 0 0
outer loop
vertex 88.850 25.600 1.650
vertex 90.650 25.600 1.700
vertex 90.650 25.600 1.650
endloop
endfacet
facet normal 0 0 0
outer loop
vertex 90.650 25.600 1.650
vertex 90.650 25.600 1.700
vertex 90.650 25.900 1.700
endloop
endfacet
facet normal 0 0 0
outer loop
vertex 90.650 25.600 1.650
vertex 90.650 25.900 1.700
vertex 90.650 25.900 1.650
endloop
endfacet
facet normal 0 0 0
outer loop
vertex 90.650 25.900 1.650
vertex 90.650 25.900 1.700
vertex 88.850 25.900 1.700
endloop
endfacet
facet normal 0 0 0
outer loop
vertex 90.650 25.900 1.650
vertex 88.850 25.900 1.700
vertex 88.850 25.900 1.650
endloop
endfacet
facet normal 0 0 0
outer loop
vertex 88.850 25.900 1.650
vertex 88.850 25.900 1.700
vertex 88.850 25.600 1.700
endloop
endfacet
facet normal 0 0 0
outer loop
vertex 88.850 25.900 1.650
vertex 88.850 25.600 1.700
vertex 88.850 25.600 1.650
endloop
endfacet
facet normal 0 0 0
outer loop
vertex 88.850 25.600 1.650
vertex 89.150 25.600 1.650
vertex 89.150 30.650 1.650
endloop
endfacet
facet normal 0 0 0
outer loop
vertex 88.850 25.600 1.650
vertex 89.150 30.650 1.650
vertex 88.850 30.650 1.650
endloop
endfacet
facet normal 0 0 0
outer loop
vertex 88.850 25.600 1.700
vertex 89.150 30.650 1.700
vertex 89.150 25.600 1.700
endloop
endfacet
facet normal 0 0 0
outer loop
vertex 88.850 25.600 1.700
vertex 89.150 25.600 1.700
vertex 88.850 25.600 1.700
endloop
endfacet
facet normal 0 0 0
outer loop
vertex 88.850 25.600 1.650
vertex 88.850 25.600 1.700
vertex 89.150 25.600 1.700
endloop
endfacet
facet normal 0 0 0
outer loop
vertex 88.850 25.600 1.650
vertex 89.150 25.600 1.700
vertex 89.150 25.600 1.650
endloop
endfacet
facet normal 0 0 0
outer loop
vertex 89.150 25.600 1.650
vertex 89.150 25.600 1.700
vertex 89.150 30.650 1.700
endloop
endfacet
facet normal 0 0 0
outer loop
vertex 89.150 25.600 1.650
vertex 89.150 30.650 1.700
vertex 89.150 30.650 1.650
endloop
endfacet
facet normal 0 0 0
outer loop
vertex 89.150 30.650 1.650
vertex 89.150 30.650 1.700
vertex 88.850 30.650 1.700
endloop
endfacet
facet normal 0 0 0
outer loop
vertex 89.150 30.650 1.650
vertex 88.850 30.650 1.700
vertex 88.850 30.650 1.650
endloop
endfacet
facet normal 0 0 0
outer loop
vertex 88.850 30.650 1.650
vertex 88.850 30.650 1.700
vertex 88.850 25.600 1.700
endloop
endfacet
facet normal 0 0 0
outer loop
vertex 88.850 30.650 1.650
vertex 88.850 25.600 1.700
vertex 88.850 25.600 1.650
endloop
endfacet
facet normal 0 0 0
outer loop
vertex 88.850 30.350 1.650
vertex 98.150 30.350 1.650
vertex 98.150 30.650 1.650
endloop
endfacet
facet normal 0 0 0
outer loop
vertex 88.850 30.350 1.650
vertex 98.150 30.650 1.650
vertex 88.850 30.650 1.650
endloop
endfacet
facet normal 0 0 0
outer loop
vertex 88.850 30.350 1.700
vertex 98.150 30.650 1.700
vertex 98.150 30.350 1.700
endloop
endfacet
facet normal 0 0 0
outer loop
vertex 88.850 30.350 1.700
vertex 98.150 30.350 1.700
vertex 88.850 30.350 1.700
endloop
endfacet
facet normal 0 0 0
outer loop
vertex 88.850 30.350 1.650
vertex 88.850 30.350 1.700
vertex 98.150 30.350 1.700
endloop
endfacet
facet normal 0 0 0
outer loop
vertex 88.850 30.350 1.650
vertex 98.150 30.350 1.700
vertex 98.150 30.350 1.650
endloop
endfacet
facet normal 0 0 0
outer loop
vertex 98.150 30.350 1.650
vertex 98.150 30.350 1.700
vertex 98.150 30.650 1.700
endloop
endfacet
facet normal 0 0 0
outer loop
vertex 98.150 30.350 1.650
vertex 98.150 30.650 1.700
vertex 98.150 30.650 1.650
endloop
endfacet
facet normal 0 0 0
outer loop
vertex 98.150 30.650 1.650
vertex 98.150 30.650 1.700
vertex 88.850 30.650 1.700
endloop
endfacet
facet normal 0 0 0
outer loop
vertex 98.150 30.650 1.650
vertex 88.850 30.650 1.700
vertex 88.850 30.650 1.650
endloop
endfacet
facet normal 0 0 0
outer loop
vertex 88.850 30.650 1.650
vertex 88.850 30.650 1.700
vertex 88.850 30.350 1.700
endloop
endfacet
facet normal 0 0 0
outer loop
vertex 88.850 30.650 1.650
vertex 88.850 30.350 1.700
vertex 88.850 30.350 1.650
endloop
endfacet
facet normal 0 0 0
outer loop
vertex 84.600 24.850 1.950
vertex 90.650 24.850 1.950
vertex 90.650 25.150 1.950
endloop
endfacet
facet normal 0 0 0
outer loop
vertex 84.600 24.850 1.950
vertex 90.650 25.150 1.950
vertex 84.600 25.150 1.950
endloop
endfacet
facet normal 0 0 0
outer loop
vertex 84.600 24.850 2.000
vertex 90.650 25.150 2.000
vertex 90.650 24.850 2.000
endloop
endfacet
facet normal 0 0 0
outer loop
vertex 84.600 24.850 2.000
vertex 90.650 24.850 2.000
vertex 84.600 24.850 2.000
endloop
endfacet
facet normal 0 0 0
outer loop
vertex 84.600 24.850 1.950
vertex 84.600 24.850 2.000
vertex 90.650 24.850 2.000
endloop
endfacet
facet normal 0 0 0
outer loop
vertex 84.600 24.850 1.950
vertex 90.650 24.850 2.000
vertex 90.650 24.850 1.950
endloop
endfacet
facet normal 0 0 0
outer loop
vertex 90.650 24.850 1.950
vertex 90.650 24.850 2.000
vertex 90.650 25.150 2.000
endloop
endfacet
facet normal 0 0 0
outer loop
vertex 90.650 24.850 1.950
vertex 90.650 25.150 2.000
vertex 90.650 25.150 1.950
endloop
endfacet
facet normal 0 0 0
outer loop
vertex 90.650 25.150 1.950
vertex 90.650 25.150 2.000
vertex 84.600 25.150 2.000
endloop
endfacet
facet normal 0 0 0
outer loop
vertex 90.650 25.150 1.950
vertex 84.600 25.150 2.000
vertex 84.600 25.150 1.950
endloop
endfacet
facet normal 0 0 0
outer loop
vertex 84.600 25.150 1.950
vertex 84.600 25.150 2.000
vertex 84.600 24.850 2.000
endloop
endfacet
facet normal 0 0 0
outer loop
vertex 84.600 25.150 1.950
vertex 84.600 24.850 2.000
vertex 84.600 24.850 1.950
endloop
endfacet
facet normal 0 0 0
outer loop
vertex 84.600 24.850 1.950
vertex 84.900 24.850 1.950
vertex 84.900 32.150 1.950
endloop
endfacet
facet normal 0 0 0
outer loop
vertex 84.600 24.850 1.950
vertex 84.900 32.150 1.950
vertex 84.600 32.150 1.950
endloop
endfacet
facet normal 0 0 0
outer loop
vertex 84.600 24.850 2.000
vertex 84.900 32.150 2.000
vertex 84.900 24.850 2.000
endloop
endfacet
facet normal 0 0 0
outer loop
vertex 84.600 24.850 2.000
vertex 84.900 24.850 2.000
vertex 84.600 24.850 2.000
endloop
endfacet
facet normal 0 0 0
outer loop
vertex 84.600 24.850 1.950
vertex 84.600 24.850 2.000
vertex 84.900 24.850 2.000
endloop
endfacet
facet normal 0 0 0
outer loop
vertex 84.600 24.850 1.950
vertex 84.900 24.850 2.000
vertex 84.900 24.850 1.950
endloop
endfacet
facet normal 0 0 0
outer loop
vertex 84.900 24.850 1.950
vertex 84.900 24.850 2.000
vertex 84.900 32.150 2.000
endloop
endfacet
facet normal 0 0 0
outer loop
vertex 84.900 24.850 1.950
vertex 84.900 32.150 2.000
vertex 84.900 32.150 1.950
endloop
endfacet
facet normal 0 0 0
outer loop
vertex 84.900 32.150 1.950
vertex 84.900 32.150 2.000
vertex 84.600 32.150 2.000
endloop
endfacet
facet normal 0 0 0
outer loop
vertex 84.900 32.150 1.950
vertex 84.600 32.150 2.000
vertex 84.600 32.150 1.950
endloop
endfacet
facet normal 0 0 0
outer loop
vertex 84.600 32.150 1.950
vertex 84.600 32.150 2.000
vertex 84.600 24.850 2.000
endloop
endfacet
facet normal 0 0 0
outer loop
vertex 84.600 32.150 1.950
vertex 84.600 24.850 2.000
vertex 84.600 24.850 1.950
endloop
endfacet
facet normal 0 0 0
outer loop
vertex 84.600 31.850 1.950
vertex 101.150 31.850 1.950
vertex 101.150 32.150 1.950
endloop
endfacet
facet normal 0 0 0
outer loop
vertex 84.600 31.850 1.950
vertex 101.150 32.150 1.950
vertex 84.600 32.150 1.950
endloop
endfacet
facet normal 0 0 0
outer loop
vertex 84.600 31.850 2.000
vertex 101.150 32.150 2.000
vertex 101.150 31.850 2.000
endloop
endfacet
facet normal 0 0 0
outer loop
vertex 84.600 31.850 2.000
vertex 101.150 31.850 2.000
vertex 84.600 31.850 2.000
endloop
endfacet
facet normal 0 0 0
outer loop
vertex 84.600 31.850 1.950
vertex 84.600 31.850 2.000
vertex 101.150 31.850 2.000
endloop
endfacet
facet normal 0 0 0
outer loop
vertex 84.600 31.850 1.950
vertex 101.150 31.850 2.000
vertex 101.150 31.850 1.950
endloop
endfacet
facet normal 0 0 0
outer loop
vertex 101.150 31.850 1.950
vertex 101.150 31.850 2.000
vertex 101.150 32.150 2.000
endloop
endfacet
facet normal 0 0 0
outer loop
vertex 101.150 31.850 1.950
vertex 101.150 32.150 2.000
vertex 101.150 32.150 1.950
endloop
endfacet
facet normal 0 0 0
outer loop
vertex 101.150 32.150 1.950
vertex 101.150 32.150 2.000
vertex 84.600 32.150 2.000
endloop
endfacet
facet normal 0 0 0
outer loop
vertex 101.150 32.150 1.950
vertex 84.600 32.150 2.000
vertex 84.600 32.150 1.950
endloop
endfacet
facet normal 0 0 0
outer loop
vertex 84.600 32.150 1.950
vertex 84.600 32.150 2.000
vertex 84.600 31.850 2.000
endloop
endfacet
facet normal 0 0 0
outer loop
vertex 84.600 32.150 1.950
vertex 84.600 31.850 2.000
vertex 84.600 31.850 1.950
endloop
endfacet
facet normal 0 0 0
outer loop
vertex 100.850 30.350 1.950
vertex 101.150 30.350 1.950
vertex 101.150 32.150 1.950
endloop
endfacet
facet normal 0 0 0
outer loop
vertex 100.850 30.350 1.950
vertex 101.150 32.150 1.950
vertex 100.850 32.150 1.950
endloop
endfacet
facet normal 0 0 0
outer loop
vertex 100.850 30.350 2.000
vertex 101.150 32.150 2.000
vertex 101.150 30.350 2.000
endloop
endfacet
facet normal 0 0 0
outer loop
vertex 100.850 30.350 2.000
vertex 101.150 30.350 2.000
vertex 100.850 30.350 2.000
endloop
endfacet
facet normal 0 0 0
outer loop
vertex 100.850 30.350 1.950
vertex 100.850 30.350 2.000
vertex 101.150 30.350 2.000
endloop
endfacet
facet normal 0 0 0
outer loop
vertex 100.850 30.350 1.950
vertex 101.150 30.350 2.000
vertex 101.150 30.350 1.950
endloop
endfacet
facet normal 0 0 0
outer loop
vertex 101.150 30.350 1.950
vertex 101.150 30.350 2.000
vertex 101.150 32.150 2.000
endloop
endfacet
facet normal 0 0 0
outer loop
vertex 101.150 30.350 1.950
vertex 101.150 32.150 2.000
vertex 101.150 32.150 1.950
endloop
endfacet
facet normal 0 0 0
outer loop
vertex 101.150 32.150 1.950
vertex 101.150 32.150 2.000
vertex 100.850 32.150 2.000
endloop
endfacet
facet normal 0 0 0
outer loop
vertex 101.150 32.150 1.950
vertex 100.850 32.150 2.000
vertex 100.850 32.150 1.950
endloop
endfacet
facet normal 0 0 0
outer loop
vertex 100.850 32.150 1.950
vertex 100.850 32.150 2.000
vertex 100.850 30.350 2.000
endloop
endfacet
facet normal 0 0 0
outer loop
vertex 100.850 32.150 1.950
vertex 100.850 30.350 2.000
vertex 100.850 30.350 1.950
endloop
endfacet
facet normal 0 0 0
outer loop
vertex 99.600 30.350 1.950
vertex 101.150 30.350 1.950
vertex 101.150 30.650 1.950
endloop
endfacet
facet normal 0 0 0
outer loop
vertex 99.600 30.350 1.950
vertex 101.150 30.650 1.950
vertex 99.600 30.650 1.950
endloop
endfacet
facet normal 0 0 0
outer loop
vertex 99.600 30.350 2.000
vertex 101.150 30.650 2.000
vertex 101.150 30.350 2.000
endloop
endfacet
facet normal 0 0 0
outer loop
vertex 99.600 30.350 2.000
vertex 101.150 30.350 2.000
vertex 99.600 30.350 2.000
endloop
endfacet
facet normal 0 0 0
outer loop
vertex 99.600 30.350 1.950
vertex 99.600 30.350 2.000
vertex 101.150 30.350 2.000
endloop
endfacet
facet normal 0 0 0
outer loop
vertex 99.600 30.350 1.950
vertex 101.150 30.350 2.000
vertex 101.150 30.350 1.950
endloop
endfacet
facet normal 0 0 0
outer loop
vertex 101.150 30.350 1.950
vertex 101.150 30.350 2.000
vertex 101.150 30.650 2.000
endloop
endfacet
facet normal 0 0 0
outer loop
vertex 101.150 30.350 1.950
vertex 101.150 30.650 2.000
vertex 101.150 30.650 1.950
endloop
endfacet
facet normal 0 0 0
outer loop
vertex 101.150 30.650 1.950
vertex 101.150 30.650 2.000
vertex 99.600 30.650 2.000
endloop
endfacet
facet normal 0 0 0
outer loop
vertex 101.150 30.650 1.950
vertex 99.600 30.650 2.000
vertex 99.600 30.650 1.950
endloop
endfacet
facet normal 0 0 0
outer loop
vertex 99.600 30.650 1.950
vertex 99.600 30.650 2.000
vertex 99.600 30.350 2.000
endloop
endfacet
facet normal 0 0 0
outer loop
vertex 99.600 30.650 1.950
vertex 99.600 30.350 2.000
vertex 99.600 30.350 1.950
endloop
endfacet
facet normal 0 0 0
outer loop
vertex 118.350 25.350 1.650
vertex 118.650 25.350 1.650
vertex 118.650 25.900 1.650
endloop
endfacet
facet normal 0 0 0
outer loop
vertex 118.350 25.350 1.650
vertex 118.650 25.900 1.650
vertex 118.350 25.900 1.650
endloop
endfacet
facet normal 0 0 0
outer loop
vertex 118.350 25.350 1.700
vertex 118.650 25.900 1.700
vertex 118.650 25.350 1.700
endloop
endfacet
facet normal 0 0 0
outer loop
vertex 118.350 25.350 1.700
vertex 118.650 25.350 1.700
vertex 118.350 25.350 1.700
endloop
endfacet
facet normal 0 0 0
outer loop
vertex 118.350 25.350 1.650
vertex 118.350 25.350 1.700
vertex 118.650 25.350 1.700
endloop
endfacet
facet normal 0 0 0
outer loop
vertex 118.350 25.350 1.650
vertex 118.650 25.350 1.700
vertex 118.650 25.350 1.650
endloop
endfacet
facet normal 0 0 0
outer loop
vertex 118.650 25.350 1.650
vertex 118.650 25.350 1.700
vertex 118.650 25.900 1.700
endloop
endfacet
facet normal 0 0 0
outer loop
vertex 118.650 25.350 1.650
vertex 118.650 25.900 1.700
vertex 118.650 25.900 1.650
endloop
endfacet
facet normal 0 0 0
outer loop
vertex 118.650 25.900 1.650
vertex 118.650 25.900 1.700
vertex 118.350 25.900 1.700
endloop
endfacet
facet normal 0 0 0
outer loop
vertex 118.650 25.900 1.650
vertex 118.350 25.900 1.700
vertex 118.350 25.900 1.650
endloop
endfacet
facet normal 0 0 0
outer loop
vertex 118.350 25.900 1.650
vertex 118.350 25.900 1.700
vertex 118.350 25.350 1.700
endloop
endfacet
facet normal 0 0 0
outer loop
vertex 118.350 25.900 1.650
vertex 118.350 25.350 1.700
vertex 118.350 25.350 1.650
endloop
endfacet
facet normal 0 0 0
outer loop
vertex 116.850 25.600 1.650
vertex 118.650 25.600 1.650
vertex 118.650 25.900 1.650
endloop
endfacet
facet normal 0 0 0
outer loop
vertex 116.850 25.600 1.650
vertex 118.650 25.900 1.650
vertex 116.850 25.900 1.650
endloop
endfacet
facet normal 0 0 0
outer loop
vertex 116.850 25.600 1.700
vertex 118.650 25.900 1.700
vertex 118.650 25.600 1.700
endloop
endfacet
facet normal 0 0 0
outer loop
vertex 116.850 25.600 1.700
vertex 118.650 25.600 1.700
vertex 116.850 25.600 1.700
endloop
endfacet
facet normal 0 0 0
outer loop
vertex 116.850 25.600 1.650
vertex 116.850 25.600 1.700
vertex 118.650 25.600 1.700
endloop
endfacet
facet normal 0 0 0
outer loop
vertex 116.850 25.600 1.650
vertex 118.650 25.600 1.700
vertex 118.650 25.600 1.650
endloop
endfacet
facet normal 0 0 0
outer loop
vertex 118.650 25.600 1.650
vertex 118.650 25.600 1.700
vertex 118.650 25.900 1.700
endloop
endfacet
facet normal 0 0 0
outer loop
vertex 118.650 25.600 1.650
vertex 118.650 25.900 1.700
vertex 118.650 25.900 1.650
endloop
endfacet
facet normal 0 0 0
outer loop
vertex 118.650 25.900 1.650
vertex 118.650 25.900 1.700
vertex 116.850 25.900 1.700
endloop
endfacet
facet normal 0 0 0
outer loop
vertex 118.650 25.900 1.650
vertex 116.850 25.900 1.700
vertex 116.850 25.900 1.650
endloop
endfacet
facet normal 0 0 0
outer loop
vertex 116.850 25.900 1.650
vertex 116.850 25.900 1.700
vertex 116.850 25.600 1.700
endloop
endfacet
facet normal 0 0 0
outer loop
vertex 116.850 25.900 1.650
vertex 116.850 25.600 1.700
vertex 116.850 25.600 1.650
endloop
endfacet
facet normal 0 0 0
outer loop
vertex 116.850 25.600 1.650
vertex 117.150 25.600 1.650
vertex 117.150 30.650 1.650
endloop
endfacet
facet normal 0 0 0
outer loop
vertex 116.850 25.600 1.650
vertex 117.150 30.650 1.650
vertex 116.850 30.650 1.650
endloop
endfacet
facet normal 0 0 0
outer loop
vertex 116.850 25.600 1.700
vertex 117.150 30.650 1.700
vertex 117.150 25.600 1.700
endloop
endfacet
facet normal 0 0 0
outer loop
vertex 116.850 25.600 1.700
vertex 117.150 25.600 1.700
vertex 116.850 25.600 1.700
endloop
endfacet
facet normal 0 0 0
outer loop
vertex 116.850 25.600 1.650
vertex 116.850 25.600 1.700
vertex 117.150 25.600 1.700
endloop
endfacet
facet normal 0 0 0
outer loop
vertex 116.850 25.600 1.650
vertex 117.150 25.600 1.700
vertex 117.150 25.600 1.650
endloop
endfacet
facet normal 0 0 0
outer loop
vertex 117.150 25.600 1.650
vertex 117.150 25.600 1.700
vertex 117.150 30.650 1.700
endloop
endfacet
facet normal 0 0 0
outer loop
vertex 117.150 25.600 1.650
vertex 117.150 30.650 1.700
vertex 117.150 30.650 1.650
endloop
endfacet
facet normal 0 0 0
outer loop
vertex 117.150 30.650 1.650
vertex 117.150 30.650 1.700
vertex 116.850 30.650 1.700
endloop
endfacet
facet normal 0 0 0
outer loop
vertex 117.150 30.650 1.650
vertex 116.850 30.650 1.700
vertex 116.850 30.650 1.650
endloop
endfacet
facet normal 0 0 0
outer loop
vertex 116.850 30.650 1.650
vertex 116.850 30.650 1.700
vertex 116.850 25.600 1.700
endloop
endfacet
facet normal 0 0 0
outer loop
vertex 116.850 30.650 1.650
vertex 116.850 25.600 1.700
vertex 116.850 25.600 1.650
endloop
endfacet
facet normal 0 0 0
outer loop
vertex 116.850 30.350 1.650
vertex 126.150 30.350 1.650
vertex 126.150 30.650 1.650
endloop
endfacet
facet normal 0 0 0
outer loop
vertex 116.850 30.350 1.650
vertex 126.150 30.650 1.650
vertex 116.850 30.650 1.650
endloop
endfacet
facet normal 0 0 0
outer loop
vertex 116.850 30.350 1.700
vertex 126.150 30.650 1.700
vertex 126.150 30.350 1.700
endloop
endfacet
facet normal 0 0 0
outer loop
vertex 116.850 30.350 1.700
vertex 126.150 30.350 1.700
vertex 116.850 30.350 1.700
endloop
endfacet
facet normal 0 0 0
outer loop
vertex 116.850 30.350 1.650
vertex 116.850 30.350 1.700
vertex 126.150 30.350 1.700
endloop
endfacet
facet normal 0 0 0
outer loop
vertex 116.850 30.350 1.650
vertex 126.150 30.350 1.700
vertex 126.150 30.350 1.650
endloop
endfacet
facet normal 0 0 0
outer loop
vertex 126.150 30.350 1.650
vertex 126.150 30.350 1.700
vertex 126.150 30.650 1.700
endloop
endfacet
facet normal 0 0 0
outer loop
vertex 126.150 30.350 1.650
vertex 126.150 30.650 1.700
vertex 126.150 30.650 1.650
endloop
endfacet
facet normal 0 0 0
outer loop
vertex 126.150 30.650 1.650
vertex 126.150 30.650 1.700
vertex 116.850 30.650 1.700
endloop
endfacet
facet normal 0 0 0
outer loop
vertex 126.150 30.650 1.650
vertex 116.850 30.650 1.700
vertex 116.850 30.650 1.650
endloop
endfacet
facet normal 0 0 0
outer loop
vertex 116.850 30.650 1.650
vertex 116.850 30.650 1.700
vertex 116.850 30.350 1.700
endloop
endfacet
facet normal 0 0 0
outer loop
vertex 116.850 30.650 1.650
vertex 116.850 30.350 1.700
vertex 116.850 30.350 1.650
endloop
endfacet
facet normal 0 0 0
outer loop
vertex 112.600 24.850 1.950
vertex 118.650 24.850 1.950
vertex 118.650 25.150 1.950
endloop
endfacet
facet normal 0 0 0
outer loop
vertex 112.600 24.850 1.950
vertex 118.650 25.150 1.950
vertex 112.600 25.150 1.950
endloop
endfacet
facet normal 0 0 0
outer loop
vertex 112.600 24.850 2.000
vertex 118.650 25.150 2.000
vertex 118.650 24.850 2.000
endloop
endfacet
facet normal 0 0 0
outer loop
vertex 112.600 24.850 2.000
vertex 118.650 24.850 2.000
vertex 112.600 24.850 2.000
endloop
endfacet
facet normal 0 0 0
outer loop
vertex 112.600 24.850 1.950
vertex 112.600 24.850 2.000
vertex 118.650 24.850 2.000
endloop
endfacet
facet normal 0 0 0
outer loop
vertex 112.600 24.850 1.950
vertex 118.650 24.850 2.000
vertex 118.650 24.850 1.950
endloop
endfacet
facet normal 0 0 0
outer loop
vertex 118.650 24.850 1.950
vertex 118.650 24.850 2.000
vertex 118.650 25.150 2.000
endloop
endfacet
facet normal 0 0 0
outer loop
vertex 118.650 24.850 1.950
vertex 118.650 25.150 2.000
vertex 118.650 25.150 1.950
endloop
endfacet
facet normal 0 0 0
outer loop
vertex 118.650 25.150 1.950
vertex 118.650 25.150 2.000
vertex 112.600 25.150 2.000
endloop
endfacet
facet normal 0 0 0
outer loop
vertex 118.650 25.150 1.950
vertex 112.600 25.150 2.000
vertex 112.600 25.150 1.950
endloop
endfacet
facet normal 0 0 0
outer loop
vertex 112.600 25.150 1.950
vertex 112.600 25.150 2.000
vertex 112.600 24.850 2.000
endloop
endfacet
facet normal 0 0 0
outer loop
vertex 112.600 25.150 1.950
vertex 112.600 24.850 2.000
vertex 112.600 24.850 1.950
endloop
endfacet
facet normal 0 0 0
outer loop
vertex 112.600 24.850 1.950
vertex 112.900 24.850 1.950
vertex 112.900 32.150 1.950
endloop
endfacet
facet normal 0 0 0
outer loop
vertex 112.600 24.850 1.950
vertex 112.900 32.150 1.950
vertex 112.600 32.150 1.950
endloop
endfacet
facet normal 0 0 0
outer loop
vertex 112.600 24.850 2.000
vertex 112.900 32.150 2.000
vertex 112.900 24.850 2.000
endloop
endfacet
facet normal 0 0 0
outer loop
vertex 112.600 24.850 2.000
vertex 112.900 24.850 2.000
vertex 112.600 24.850 2.000
endloop
endfacet
facet normal 0 0 0
outer loop
vertex 112.600 24.850 1.950
vertex 112.600 24.850 2.000
vertex 112.900 24.850 2.000
endloop
endfacet
facet normal 0 0 0
outer loop
vertex 112.600 24.850 1.950
vertex 112.900 24.850 2.000
vertex 112.900 24.850 1.950
endloop
endfacet
facet normal 0 0 0
outer loop
vertex 112.900 24.850 1.950
vertex 112.900 24.850 2.000
vertex 112.900 32.150 2.000
endloop
endfacet
facet normal 0 0 0
outer loop
vertex 112.900 24.850 1.950
vertex 112.900 32.150 2.000
vertex 112.900 32.150 1.950
endloop
endfacet
facet normal 0 0 0
outer loop
vertex 112.900 32.150 1.950
vertex 112.900 32.150 2.000
vertex 112.600 32.150 2.000
endloop
endfacet
facet normal 0 0 0
outer loop
vertex 112.900 32.150 1.950
vertex 112.600 32.150 2.000
vertex 112.600 32.150 1.950
endloop
endfacet
facet normal 0 0 0
outer loop
vertex 112.600 32.150 1.950
vertex 112.600 32.150 2.000
vertex 112.600 24.850 2.000
endloop
endfacet
facet normal 0 0 0
outer loop
vertex 112.600 32.150 1.950
vertex 112.600 24.850 2.000
vertex 112.600 24.850 1.950
endloop
endfacet
facet normal 0 0 0
outer loop
vertex 112.600 31.850 1.950
vertex 129.150 31.850 1.950
vertex 129.150 32.150 1.950
endloop
endfacet
facet normal 0 0 0
outer loop
vertex 112.600 31.850 1.950
vertex 129.150 32.150 1.950
vertex 112.600 32.150 1.950
endloop
endfacet
facet normal 0 0 0
outer loop
vertex 112.600 31.850 2.000
vertex 129.150 32.150 2.000
vertex 129.150 31.850 2.000
endloop
endfacet
facet normal 0 0 0
outer loop
vertex 112.600 31.850 2.000
vertex 129.150 31.850 2.000
vertex 112.600 31.850 2.000
endloop
endfacet
facet normal 0 0 0
outer loop
vertex 112.600 31.850 1.950
vertex 112.600 31.850 2.000
vertex 129.150 31.850 2.000
endloop
endfacet
facet normal 0 0 0
outer loop
vertex 112.600 31.850 1.950
vertex 129.150 31.850 2.000
vertex 129.150 31.850 1.950
endloop
endfacet
facet normal 0 0 0
outer loop
vertex 129.150 31.850 1.950
vertex 129.150 31.850 2.000
vertex 129.150 32.150 2.000
endloop
endfacet
facet normal 0 0 0
outer loop
vertex 129.150 31.850 1.950
vertex 129.150 32.150 2.000
vertex 129.150 32.150 1.950
endloop
endfacet
facet normal 0 0 0
outer loop
vertex 129.150 32.150 1.950
vertex 129.150 32.150 2.000
vertex 112.600 32.150 2.000
endloop
endfacet
facet normal 0 0 0
outer loop
vertex 129.150 32.150 1.950
vertex 112.600 32.150 2.000
vertex 112.600 32.150 1.950
endloop
endfacet
facet normal 0 0 0
outer loop
vertex 112.600 32.150 1.950
vertex 112.600 32.150 2.000
vertex 112.600 31.850 2.000
endloop
endfacet
facet normal 0 0 0
outer loop
vertex 112.600 32.150 1.950
vertex 112.600 31.850 2.000
vertex 112.600 31.850 1.950
endloop
endfacet
facet normal 0 0 0
outer loop
vertex 128.850 30.350 1.950
vertex 129.150 30.350 1.950
vertex 129.150 32.150 1.950
endloop
endfacet
facet normal 0 0 0
outer loop
vertex 128.850 30.350 1.950
vertex 129.150 32.150 1.950
vertex 128.850 32.150 1.950
endloop
endfacet
facet normal 0 0 0
outer loop
vertex 128.850 30.350 2.000
vertex 129.150 32.150 2.000
vertex 129.150 30.350 2.000
endloop
endfacet
facet normal 0 0 0
outer loop
vertex 128.850 30.350 2.000
vertex 129.150 30.350 2.000
vertex 128.850 30.350 2.000
endloop
endfacet
facet normal 0 0 0
outer loop
vertex 128.850 30.350 1.950
vertex 128.850 30.350 2.000
vertex 129.150 30.350 2.000
endloop
endfacet
facet normal 0 0 0
outer loop
vertex 128.850 30.350 1.950
vertex 129.150 30.350 2.000
vertex 129.150 30.350 1.950
endloop
endfacet
facet normal 0 0 0
outer loop
vertex 129.150 30.350 1.950
vertex 129.150 30.350 2.000
vertex 129.150 32.150 2.000
endloop
endfacet
facet normal 0 0 0
outer loop
vertex 129.150 30.350 1.950
vertex 129.150 32.150 2.000
vertex 129.150 32.150 1.950
endloop
endfacet
facet normal 0 0 0
outer loop
vertex 129.150 32.150 1.950
vertex 129.150 32.150 2.000
vertex 128.850 32.150 2.000
endloop
endfacet
facet normal 0 0 0
outer loop
vertex 129.150 32.150 1.950
vertex 128.850 32.150 2.000
vertex 128.850 32.150 1.950
endloop
endfacet
facet normal 0 0 0
outer loop
vertex 128.850 32.150 1.950
vertex 128.850 32.150 2.000
vertex 128.850 30.350 2.000
endloop
endfacet
facet normal 0 0 0
outer loop
vertex 128.850 32.150 1.950
vertex 128.850 30.350 2.000
vertex 128.850 30.350 1.950
endloop
endfacet
facet normal 0 0 0
outer loop
vertex 127.600 30.350 1.950
vertex 129.150 30.350 1.950
vertex 129.150 30.650 1.950
endloop
endfacet
facet normal 0 0 0
outer loop
vertex 127.600 30.350 1.950
vertex 129.150 30.650 1.950
vertex 127.600 30.650 1.950
endloop
endfacet
facet normal 0 0 0
outer loop
vertex 127.600 30.350 2.000
vertex 129.150 30.650 2.000
vertex 129.150 30.350 2.000
endloop
endfacet
facet normal 0 0 0
outer loop
vertex 127.600 30.350 2.000
vertex 129.150 30.350 2.000
vertex 127.600 30.350 2.000
endloop
endfacet
facet normal 0 0 0
outer loop
vertex 127.600 30.350 1.950
vertex 127.600 30.350 2.000
vertex 129.150 30.350 2.000
endloop
endfacet
facet normal 0 0 0
outer loop
vertex 127.600 30.350 1.950
vertex 129.150 30.350 2.000
vertex 129.150 30.350 1.950
endloop
endfacet
facet normal 0 0 0
outer loop
vertex 129.150 30.350 1.950
vertex 129.150 30.350 2.000
vertex 129.150 30.650 2.000
endloop
endfacet
facet normal 0 0 0
outer loop
vertex 129.150 30.350 1.950
vertex 129.150 30.650 2.000
vertex 129.150 30.650 1.950
endloop
endfacet
facet normal 0 0 0
outer loop
vertex 129.150 30.650 1.950
vertex 129.150 30.650 2.000
vertex 127.600 30.650 2.000
endloop
endfacet
facet normal 0 0 0
outer loop
vertex 129.150 30.650 1.950
vertex 127.600 30.650 2.000
vertex 127.600 30.650 1.950
endloop
endfacet
facet normal 0 0 0
outer loop
vertex 127.600 30.650 1.950
vertex 127.600 30.650 2.000
vertex 127.600 30.350 2.000
endloop
endfacet
facet normal 0 0 0
outer loop
vertex 127.600 30.650 1.950
vertex 127.600 30.350 2.000
vertex 127.600 30.350 1.950
endloop
endfacet
facet normal 0 0 0
outer loop
vertex 62.350 25.350 1.650
vertex 62.650 25.350 1.650
vertex 62.650 25.900 1.650
endloop
endfacet
facet normal 0 0 0
outer loop
vertex 62.350 25.350 1.650
vertex 62.650 25.900 1.650
vertex 62.350 25.900 1.650
endloop
endfacet
facet normal 0 0 0
outer loop
vertex 62.350 25.350 1.700
vertex 62.650 25.900 1.700
vertex 62.650 25.350 1.700
endloop
endfacet
facet normal 0 0 0
outer loop
vertex 62.350 25.350 1.700
vertex 62.650 25.350 1.700
vertex 62.350 25.350 1.700
endloop
endfacet
facet normal 0 0 0
outer loop
vertex 62.350 25.350 1.650
vertex 62.350 25.350 1.700
vertex 62.650 25.350 1.700
endloop
endfacet
facet normal 0 0 0
outer loop
vertex 62.350 25.350 1.650
vertex 62.650 25.350 1.700
vertex 62.650 25.350 1.650
endloop
endfacet
facet normal 0 0 0
outer loop
vertex 62.650 25.350 1.650
vertex 62.650 25.350 1.700
vertex 62.650 25.900 1.700
endloop
endfacet
facet normal 0 0 0
outer loop
vertex 62.650 25.350 1.650
vertex 62.650 25.900 1.700
vertex 62.650 25.900 1.650
endloop
endfacet
facet normal 0 0 0
outer loop
vertex 62.650 25.900 1.650
vertex 62.650 25.900 1.700
vertex 62.350 25.900 1.700
endloop
endfacet
facet normal 0 0 0
outer loop
vertex 62.650 25.900 1.650
vertex 62.350 25.900 1.700
vertex 62.350 25.900 1.650
endloop
endfacet
facet normal 0 0 0
outer loop
vertex 62.350 25.900 1.650
vertex 62.350 25.900 1.700
vertex 62.350 25.350 1.700
endloop
endfacet
facet normal 0 0 0
outer loop
vertex 62.350 25.900 1.650
vertex 62.350 25.350 1.700
vertex 62.350 25.350 1.650
endloop
endfacet
facet normal 0 0 0
outer loop
vertex 60.850 25.600 1.650
vertex 62.650 25.600 1.650
vertex 62.650 25.900 1.650
endloop
endfacet
facet normal 0 0 0
outer loop
vertex 60.850 25.600 1.650
vertex 62.650 25.900 1.650
vertex 60.850 25.900 1.650
endloop
endfacet
facet normal 0 0 0
outer loop
vertex 60.850 25.600 1.700
vertex 62.650 25.900 1.700
vertex 62.650 25.600 1.700
endloop
endfacet
facet normal 0 0 0
outer loop
vertex 60.850 25.600 1.700
vertex 62.650 25.600 1.700
vertex 60.850 25.600 1.700
endloop
endfacet
facet normal 0 0 0
outer loop
vertex 60.850 25.600 1.650
vertex 60.850 25.600 1.700
vertex 62.650 25.600 1.700
endloop
endfacet
facet normal 0 0 0
outer loop
vertex 60.850 25.600 1.650
vertex 62.650 25.600 1.700
vertex 62.650 25.600 1.650
endloop
endfacet
facet normal 0 0 0
outer loop
vertex 62.650 25.600 1.650
vertex 62.650 25.600 1.700
vertex 62.650 25.900 1.700
endloop
endfacet
facet normal 0 0 0
outer loop
vertex 62.650 25.600 1.650
vertex 62.650 25.900 1.700
vertex 62.650 25.900 1.650
endloop
endfacet
facet normal 0 0 0
outer loop
vertex 62.650 25.900 1.650
vertex 62.650 25.900 1.700
vertex 60.850 25.900 1.700
endloop
endfacet
facet normal 0 0 0
outer loop
vertex 62.650 25.900 1.650
vertex 60.850 25.900 1.700
vertex 60.850 25.900 1.650
endloop
endfacet
facet normal 0 0 0
outer loop
vertex 60.850 25.900 1.650
vertex 60.850 25.900 1.700
vertex 60.850 25.600 1.700
endloop
endfacet
facet normal 0 0 0
outer loop
vertex 60.850 25.900 1.650
vertex 60.850 25.600 1.700
vertex 60.850 25.600 1.650
endloop
endfacet
facet normal 0 0 0
outer loop
vertex 60.850 25.600 1.650
vertex 61.150 25.600 1.650
vertex 61.150 30.650 1.650
endloop
endfacet
facet normal 0 0 0
outer loop
vertex 60.850 25.600 1.650
vertex 61.150 30.650 1.650
vertex 60.850 30.650 1.650
endloop
endfacet
facet normal 0 0 0
outer loop
vertex 60.850 25.600 1.700
vertex 61.150 30.650 1.700
vertex 61.150 25.600 1.700
endloop
endfacet
facet normal 0 0 0
outer loop
vertex 60.850 25.600 1.700
vertex 61.150 25.600 1.700
vertex 60.850 25.600 1.700
endloop
endfacet
facet normal 0 0 0
outer loop
vertex 60.850 25.600 1.650
vertex 60.850 25.600 1.700
vertex 61.150 25.600 1.700
endloop
endfacet
facet normal 0 0 0
outer loop
vertex 60.850 25.600 1.650
vertex 61.150 25.600 1.700
vertex 61.150 25.600 1.650
endloop
endfacet
facet normal 0 0 0
outer loop
vertex 61.150 25.600 1.650
vertex 61.150 25.600 1.700
vertex 61.150 30.650 1.700
endloop
endfacet
facet normal 0 0 0
outer loop
vertex 61.150 25.600 1.650
vertex 61.150 30.650 1.700
vertex 61.150 30.650 1.650
endloop
endfacet
facet normal 0 0 0
outer loop
vertex 61.150 30.650 1.650
vertex 61.150 30.650 1.700
vertex 60.850 30.650 1.700
endloop
endfacet
facet normal 0 0 0
outer loop
vertex 61.150 30.650 1.650
vertex 60.850 30.650 1.700
vertex 60.850 30.650 1.650
endloop
endfacet
facet normal 0 0 0
outer loop
vertex 60.850 30.650 1.650
vertex 60.850 30.650 1.700
vertex 60.850 25.600 1.700
endloop
endfacet
facet normal 0 0 0
outer loop
vertex 60.850 30.650 1.650
vertex 60.850 25.600 1.700
vertex 60.850 25.600 1.650
endloop
endfacet
facet normal 0 0 0
outer loop
vertex 60.850 30.350 1.650
vertex 70.150 30.350 1.650
vertex 70.150 30.650 1.650
endloop
endfacet
facet normal 0 0 0
outer loop
vertex 60.850 30.350 1.650
vertex 70.150 30.650 1.650
vertex 60.850 30.650 1.650
endloop
endfacet
facet normal 0 0 0
outer loop
vertex 60.850 30.350 1.700
vertex 70.150 30.650 1.700
vertex 70.150 30.350 1.700
endloop
endfacet
facet normal 0 0 0
outer loop
vertex 60.850 30.350 1.700
vertex 70.150 30.350 1.700
vertex 60.850 30.350 1.700
endloop
endfacet
facet normal 0 0 0
outer loop
vertex 60.850 30.350 1.650
vertex 60.850 30.350 1.700
vertex 70.150 30.350 1.700
endloop
endfacet
facet normal 0 0 0
outer loop
vertex 60.850 30.350 1.650
vertex 70.150 30.350 1.700
vertex 70.150 30.350 1.650
endloop
endfacet
facet normal 0 0 0
outer loop
vertex 70.150 30.350 1.650
vertex 70.150 30.350 1.700
vertex 70.150 30.650 1.700
endloop
endfacet
facet normal 0 0 0
outer loop
vertex 70.150 30.350 1.650
vertex 70.150 30.650 1.700
vertex 70.150 30.650 1.650
endloop
endfacet
facet normal 0 0 0
outer loop
vertex 70.150 30.650 1.650
vertex 70.150 30.650 1.700
vertex 60.850 30.650 1.700
endloop
endfacet
facet normal 0 0 0
outer loop
vertex 70.150 30.650 1.650
vertex 60.850 30.650 1.700
vertex 60.850 30.650 1.650
endloop
endfacet
facet normal 0 0 0
outer loop
vertex 60.850 30.650 1.650
vertex 60.850 30.650 1.700
vertex 60.850 30.350 1.700
endloop
endfacet
facet normal 0 0 0
outer loop
vertex 60.850 30.650 1.650
vertex 60.850 30.350 1.700
vertex 60.850 30.350 1.650
endloop
endfacet
facet normal 0 0 0
outer loop
vertex 56.600 24.850 1.950
vertex 62.650 24.850 1.950
vertex 62.650 25.150 1.950
endloop
endfacet
facet normal 0 0 0
outer loop
vertex 56.600 24.850 1.950
vertex 62.650 25.150 1.950
vertex 56.600 25.150 1.950
endloop
endfacet
facet normal 0 0 0
outer loop
vertex 56.600 24.850 2.000
vertex 62.650 25.150 2.000
vertex 62.650 24.850 2.000
endloop
endfacet
facet normal 0 0 0
outer loop
vertex 56.600 24.850 2.000
vertex 62.650 24.850 2.000
vertex 56.600 24.850 2.000
endloop
endfacet
facet normal 0 0 0
outer loop
vertex 56.600 24.850 1.950
vertex 56.600 24.850 2.000
vertex 62.650 24.850 2.000
endloop
endfacet
facet normal 0 0 0
outer loop
vertex 56.600 24.850 1.950
vertex 62.650 24.850 2.000
vertex 62.650 24.850 1.950
endloop
endfacet
facet normal 0 0 0
outer loop
vertex 62.650 24.850 1.950
vertex 62.650 24.850 2.000
vertex 62.650 25.150 2.000
endloop
endfacet
facet normal 0 0 0
outer loop
vertex 62.650 24.850 1.950
vertex 62.650 25.150 2.000
vertex 62.650 25.150 1.950
endloop
endfacet
facet normal 0 0 0
outer loop
vertex 62.650 25.150 1.950
vertex 62.650 25.150 2.000
vertex 56.600 25.150 2.000
endloop
endfacet
facet normal 0 0 0
outer loop
vertex 62.650 25.150 1.950
vertex 56.600 25.150 2.000
vertex 56.600 25.150 1.950
endloop
endfacet
facet normal 0 0 0
outer loop
vertex 56.600 25.150 1.950
vertex 56.600 25.150 2.000
vertex 56.600 24.850 2.000
endloop
endfacet
facet normal 0 0 0
outer loop
vertex 56.600 25.150 1.950
vertex 56.600 24.850 2.000
vertex 56.600 24.850 1.950
endloop
endfacet
facet normal 0 0 0
outer loop
vertex 56.600 24.850 1.950
vertex 56.900 24.850 1.950
vertex 56.900 32.150 1.950
endloop
endfacet
facet normal 0 0 0
outer loop
vertex 56.600 24.850 1.950
vertex 56.900 32.150 1.950
vertex 56.600 32.150 1.950
endloop
endfacet
facet normal 0 0 0
outer loop
vertex 56.600 24.850 2.000
vertex 56.900 32.150 2.000
vertex 56.900 24.850 2.000
endloop
endfacet
facet normal 0 0 0
outer loop
vertex 56.600 24.850 2.000
vertex 56.900 24.850 2.000
vertex 56.600 24.850 2.000
endloop
endfacet
facet normal 0 0 0
outer loop
vertex 56.600 24.850 1.950
vertex 56.600 24.850 2.000
vertex 56.900 24.850 2.000
endloop
endfacet
facet normal 0 0 0
outer loop
vertex 56.600 24.850 1.950
vertex 56.900 24.850 2.000
vertex 56.900 24.850 1.950
endloop
endfacet
facet normal 0 0 0
outer loop
vertex 56.900 24.850 1.950
vertex 56.900 24.850 2.000
vertex 56.900 32.150 2.000
endloop
endfacet
facet normal 0 0 0
outer loop
vertex 56.900 24.850 1.950
vertex 56.900 32.150 2.000
vertex 56.900 32.150 1.950
endloop
endfacet
facet normal 0 0 0
outer loop
vertex 56.900 32.150 1.950
vertex 56.900 32.150 2.000
vertex 56.600 32.150 2.000
endloop
endfacet
facet normal 0 0 0
outer loop
vertex 56.900 32.150 1.950
vertex 56.600 32.150 2.000
vertex 56.600 32.150 1.950
endloop
endfacet
facet normal 0 0 0
outer loop
vertex 56.600 32.150 1.950
vertex 56.600 32.150 2.000
vertex 56.600 24.850 2.000
endloop
endfacet
facet normal 0 0 0
outer loop
vertex 56.600 32.150 1.950
vertex 56.600 24.850 2.000
vertex 56.600 24.850 1.950
endloop
endfacet
facet normal 0 0 0
outer loop
vertex 56.600 31.850 1.950
vertex 73.150 31.850 1.950
vertex 73.150 32.150 1.950
endloop
endfacet
facet normal 0 0 0
outer loop
vertex 56.600 31.850 1.950
vertex 73.150 32.150 1.950
vertex 56.600 32.150 1.950
endloop
endfacet
facet normal 0 0 0
outer loop
vertex 56.600 31.850 2.000
vertex 73.150 32.150 2.000
vertex 73.150 31.850 2.000
endloop
endfacet
facet normal 0 0 0
outer loop
vertex 56.600 31.850 2.000
vertex 73.150 31.850 2.000
vertex 56.600 31.850 2.000
endloop
endfacet
facet normal 0 0 0
outer loop
vertex 56.600 31.850 1.950
vertex 56.600 31.850 2.000
vertex 73.150 31.850 2.000
endloop
endfacet
facet normal 0 0 0
outer loop
vertex 56.600 31.850 1.950
vertex 73.150 31.850 2.000
vertex 73.150 31.850 1.950
endloop
endfacet
facet normal 0 0 0
outer loop
vertex 73.150 31.850 1.950
vertex 73.150 31.850 2.000
vertex 73.150 32.150 2.000
endloop
endfacet
facet normal 0 0 0
outer loop
vertex 73.150 31.850 1.950
vertex 73.150 32.150 2.000
vertex 73.150 32.150 1.950
endloop
endfacet
facet normal 0 0 0
outer loop
vertex 73.150 32.150 1.950
vertex 73.150 32.150 2.000
vertex 56.600 32.150 2.000
endloop
endfacet
facet normal 0 0 0
outer loop
vertex 73.150 32.150 1.950
vertex 56.600 32.150 2.000
vertex 56.600 32.150 1.950
endloop
endfacet
facet normal 0 0 0
outer loop
vertex 56.600 32.150 1.950
vertex 56.600 32.150 2.000
vertex 56.600 31.850 2.000
endloop
endfacet
facet normal 0 0 0
outer loop
vertex 56.600 32.150 1.950
vertex 56.600 31.850 2.000
vertex 56.600 31.850 1.950
endloop
endfacet
facet normal 0 0 0
outer loop
vertex 72.850 30.350 1.950
vertex 73.150 30.350 1.950
vertex 73.150 32.150 1.950
endloop
endfacet
facet normal 0 0 0
outer loop
vertex 72.850 30.350 1.950
vertex 73.150 32.150 1.950
vertex 72.850 32.150 1.950
endloop
endfacet
facet normal 0 0 0
outer loop
vertex 72.850 30.350 2.000
vertex 73.150 32.150 2.000
vertex 73.150 30.350 2.000
endloop
endfacet
facet normal 0 0 0
outer loop
vertex 72.850 30.350 2.000
vertex 73.150 30.350 2.000
vertex 72.850 30.350 2.000
endloop
endfacet
facet normal 0 0 0
outer loop
vertex 72.850 30.350 1.950
vertex 72.850 30.350 2.000
vertex 73.150 30.350 2.000
endloop
endfacet
facet normal 0 0 0
outer loop
vertex 72.850 30.350 1.950
vertex 73.150 30.350 2.000
vertex 73.150 30.350 1.950
endloop
endfacet
facet normal 0 0 0
outer loop
vertex 73.150 30.350 1.950
vertex 73.150 30.350 2.000
vertex 73.150 32.150 2.000
endloop
endfacet
facet normal 0 0 0
outer loop
vertex 73.150 30.350 1.950
vertex 73.150 32.150 2.000
vertex 73.150 32.150 1.950
endloop
endfacet
facet normal 0 0 0
outer loop
vertex 73.150 32.150 1.950
vertex 73.150 32.150 2.000
vertex 72.850 32.150 2.000
endloop
endfacet
facet normal 0 0 0
outer loop
vertex 73.150 32.150 1.950
vertex 72.850 32.150 2.000
vertex 72.850 32.150 1.950
endloop
endfacet
facet normal 0 0 0
outer loop
vertex 72.850 32.150 1.950
vertex 72.850 32.150 2.000
vertex 72.850 30.350 2.000
endloop
endfacet
facet normal 0 0 0
outer loop
vertex 72.850 32.150 1.950
vertex 72.850 30.350 2.000
vertex 72.850 30.350 1.950
endloop
endfacet
facet normal 0 0 0
outer loop
vertex 71.600 30.350 1.950
vertex 73.150 30.350 1.950
vertex 73.150 30.650 1.950
endloop
endfacet
facet normal 0 0 0
outer loop
vertex 71.600 30.350 1.950
vertex 73.150 30.650 1.950
vertex 71.600 30.650 1.950
endloop
endfacet
facet normal 0 0 0
outer loop
vertex 71.600 30.350 2.000
vertex 73.150 30.650 2.000
vertex 73.150 30.350 2.000
endloop
endfacet
facet normal 0 0 0
outer loop
vertex 71.600 30.350 2.000
vertex 73.150 30.350 2.000
vertex 71.600 30.350 2.000
endloop
endfacet
facet normal 0 0 0
outer loop
vertex 71.600 30.350 1.950
vertex 71.600 30.350 2.000
vertex 73.150 30.350 2.000
endloop
endfacet
facet normal 0 0 0
outer loop
vertex 71.600 30.350 1.950
vertex 73.150 30.350 2.000
vertex 73.150 30.350 1.950
endloop
endfacet
facet normal 0 0 0
outer loop
vertex 73.150 30.350 1.950
vertex 73.150 30.350 2.000
vertex 73.150 30.650 2.000
endloop
endfacet
facet normal 0 0 0
outer loop
vertex 73.150 30.350 1.950
vertex 73.150 30.650 2.000
vertex 73.150 30.650 1.950
endloop
endfacet
facet normal 0 0 0
outer loop
vertex 73.150 30.650 1.950
vertex 73.150 30.650 2.000
vertex 71.600 30.650 2.000
endloop
endfacet
facet normal 0 0 0
outer loop
vertex 73.150 30.650 1.950
vertex 71.600 30.650 2.000
vertex 71.600 30.650 1.950
endloop
endfacet
facet normal 0 0 0
outer loop
vertex 71.600 30.650 1.950
vertex 71.600 30.650 2.000
vertex 71.600 30.350 2.000
endloop
endfacet
facet normal 0 0 0
outer loop
vertex 71.600 30.650 1.950
vertex 71.600 30.350 2.000
vertex 71.600 30.350 1.950
endloop
endfacet
facet normal 0 0 0
outer loop
vertex 65.250 43.250 1.650
vertex 70.250 43.250 1.650
vertex 70.250 43.750 1.650
endloop
endfacet
facet normal 0 0 0
outer loop
vertex 65.250 43.250 1.650
vertex 70.250 43.750 1.650
vertex 65.250 43.750 1.650
endloop
endfacet
facet normal 0 0 0
outer loop
vertex 65.250 43.250 1.700
vertex 70.250 43.750 1.700
vertex 70.250 43.250 1.700
endloop
endfacet
facet normal 0 0 0
outer loop
vertex 65.250 43.250 1.700
vertex 70.250 43.250 1.700
vertex 65.250 43.250 1.700
endloop
endfacet
facet normal 0 0 0
outer loop
vertex 65.250 43.250 1.650
vertex 65.250 43.250 1.700
vertex 70.250 43.250 1.700
endloop
endfacet
facet normal 0 0 0
outer loop
vertex 65.250 43.250 1.650
vertex 70.250 43.250 1.700
vertex 70.250 43.250 1.650
endloop
endfacet
facet normal 0 0 0
outer loop
vertex 70.250 43.250 1.650
vertex 70.250 43.250 1.700
vertex 70.250 43.750 1.700
endloop
endfacet
facet normal 0 0 0
outer loop
vertex 70.250 43.250 1.650
vertex 70.250 43.750 1.700
vertex 70.250 43.750 1.650
endloop
endfacet
facet normal 0 0 0
outer loop
vertex 70.250 43.750 1.650
vertex 70.250 43.750 1.700
vertex 65.250 43.750 1.700
endloop
endfacet
facet normal 0 0 0
outer loop
vertex 70.250 43.750 1.650
vertex 65.250 43.750 1.700
vertex 65.250 43.750 1.650
endloop
endfacet
facet normal 0 0 0
outer loop
vertex 65.250 43.750 1.650
vertex 65.250 43.750 1.700
vertex 65.250 43.250 1.700
endloop
endfacet
facet normal 0 0 0
outer loop
vertex 65.250 43.750 1.650
vertex 65.250 43.250 1.700
vertex 65.250 43.250 1.650
endloop
endfacet
facet normal 0 0 0
outer loop
vertex 65.250 32.250 1.650
vertex 65.750 32.250 1.650
vertex 65.750 43.750 1.650
endloop
endfacet
facet normal 0 0 0
outer loop
vertex 65.250 32.250 1.650
vertex 65.750 43.750 1.650
vertex 65.250 43.750 1.650
endloop
endfacet
facet normal 0 0 0
outer loop
vertex 65.250 32.250 1.700
vertex 65.750 43.750 1.700
vertex 65.750 32.250 1.700
endloop
endfacet
facet normal 0 0 0
outer loop
vertex 65.250 32.250 1.700
vertex 65.750 32.250 1.700
vertex 65.250 32.250 1.700
endloop
endfacet
facet normal 0 0 0
outer loop
vertex 65.250 32.250 1.650
vertex 65.250 32.250 1.700
vertex 65.750 32.250 1.700
endloop
endfacet
facet normal 0 0 0
outer loop
vertex 65.250 32.250 1.650
vertex 65.750 32.250 1.700
vertex 65.750 32.250 1.650
endloop
endfacet
facet normal 0 0 0
outer loop
vertex 65.750 32.250 1.650
vertex 65.750 32.250 1.700
vertex 65.750 43.750 1.700
endloop
endfacet
facet normal 0 0 0
outer loop
vertex 65.750 32.250 1.650
vertex 65.750 43.750 1.700
vertex 65.750 43.750 1.650
endloop
endfacet
facet normal 0 0 0
outer loop
vertex 65.750 43.750 1.650
vertex 65.750 43.750 1.700
vertex 65.250 43.750 1.700
endloop
endfacet
facet normal 0 0 0
outer loop
vertex 65.750 43.750 1.650
vertex 65.250 43.750 1.700
vertex 65.250 43.750 1.650
endloop
endfacet
facet normal 0 0 0
outer loop
vertex 65.250 43.750 1.650
vertex 65.250 43.750 1.700
vertex 65.250 32.250 1.700
endloop
endfacet
facet normal 0 0 0
outer loop
vertex 65.250 43.750 1.650
vertex 65.250 32.250 1.700
vertex 65.250 32.250 1.650
endloop
endfacet
facet normal 0 0 0
outer loop
vertex 29.500 32.250 1.650
vertex 65.750 32.250 1.650
vertex 65.750 32.750 1.650
endloop
endfacet
facet normal 0 0 0
outer loop
vertex 29.500 32.250 1.650
vertex 65.750 32.750 1.650
vertex 29.500 32.750 1.650
endloop
endfacet
facet normal 0 0 0
outer loop
vertex 29.500 32.250 1.700
vertex 65.750 32.750 1.700
vertex 65.750 32.250 1.700
endloop
endfacet
facet normal 0 0 0
outer loop
vertex 29.500 32.250 1.700
vertex 65.750 32.250 1.700
vertex 29.500 32.250 1.700
endloop
endfacet
facet normal 0 0 0
outer loop
vertex 29.500 32.250 1.650
vertex 29.500 32.250 1.700
vertex 65.750 32.250 1.700
endloop
endfacet
facet normal 0 0 0
outer loop
vertex 29.500 32.250 1.650
vertex 65.750 32.250 1.700
vertex 65.750 32.250 1.650
endloop
endfacet
facet normal 0 0 0
outer loop
vertex 65.750 32.250 1.650
vertex 65.750 32.250 1.700
vertex 65.750 32.750 1.700
endloop
endfacet
facet normal 0 0 0
outer loop
vertex 65.750 32.250 1.650
vertex 65.750 32.750 1.700
vertex 65.750 32.750 1.650
endloop
endfacet
facet normal 0 0 0
outer loop
vertex 65.750 32.750 1.650
vertex 65.750 32.750 1.700
vertex 29.500 32.750 1.700
endloop
endfacet
facet normal 0 0 0
outer loop
vertex 65.750 32.750 1.650
vertex 29.500 32.750 1.700
vertex 29.500 32.750 1.650
endloop
endfacet
facet normal 0 0 0
outer loop
vertex 29.500 32.750 1.650
vertex 29.500 32.750 1.700
vertex 29.500 32.250 1.700
endloop
endfacet
facet normal 0 0 0
outer loop
vertex 29.500 32.750 1.650
vertex 29.500 32.250 1.700
vertex 29.500 32.250 1.650
endloop
endfacet
facet normal 0 0 0
outer loop
vertex 29.500 12.750 1.650
vertex 30.000 12.750 1.650
vertex 30.000 32.750 1.650
endloop
endfacet
facet normal 0 0 0
outer loop
vertex 29.500 12.750 1.650
vertex 30.000 32.750 1.650
vertex 29.500 32.750 1.650
endloop
endfacet
facet normal 0 0 0
outer loop
vertex 29.500 12.750 1.700
vertex 30.000 32.750 1.700
vertex 30.000 12.750 1.700
endloop
endfacet
facet normal 0 0 0
outer loop
vertex 29.500 12.750 1.700
vertex 30.000 12.750 1.700
vertex 29.500 12.750 1.700
endloop
endfacet
facet normal 0 0 0
outer loop
vertex 29.500 12.750 1.650
vertex 29.500 12.750 1.700
vertex 30.000 12.750 1.700
endloop
endfacet
facet normal 0 0 0
outer loop
vertex 29.500 12.750 1.650
vertex 30.000 12.750 1.700
vertex 30.000 12.750 1.650
endloop
endfacet
facet normal 0 0 0
outer loop
vertex 30.000 12.750 1.650
vertex 30.000 12.750 1.700
vertex 30.000 32.750 1.700
endloop
endfacet
facet normal 0 0 0
outer loop
vertex 30.000 12.750 1.650
vertex 30.000 32.750 1.700
vertex 30.000 32.750 1.650
endloop
endfacet
facet normal 0 0 0
outer loop
vertex 30.000 32.750 1.650
vertex 30.000 32.750 1.700
vertex 29.500 32.750 1.700
endloop
endfacet
facet normal 0 0 0
outer loop
vertex 30.000 32.750 1.650
vertex 29.500 32.750 1.700
vertex 29.500 32.750 1.650
endloop
endfacet
facet normal 0 0 0
outer loop
vertex 29.500 32.750 1.650
vertex 29.500 32.750 1.700
vertex 29.500 12.750 1.700
endloop
endfacet
facet normal 0 0 0
outer loop
vertex 29.500 32.750 1.650
vertex 29.500 12.750 1.700
vertex 29.500 12.750 1.650
endloop
endfacet
facet normal 0 0 0
outer loop
vertex 27.750 12.750 1.650
vertex 30.000 12.750 1.650
vertex 30.000 13.250 1.650
endloop
endfacet
facet normal 0 0 0
outer loop
vertex 27.750 12.750 1.650
vertex 30.000 13.250 1.650
vertex 27.750 13.250 1.650
endloop
endfacet
facet normal 0 0 0
outer loop
vertex 27.750 12.750 1.700
vertex 30.000 13.250 1.700
vertex 30.000 12.750 1.700
endloop
endfacet
facet normal 0 0 0
outer loop
vertex 27.750 12.750 1.700
vertex 30.000 12.750 1.700
vertex 27.750 12.750 1.700
endloop
endfacet
facet normal 0 0 0
outer loop
vertex 27.750 12.750 1.650
vertex 27.750 12.750 1.700
vertex 30.000 12.750 1.700
endloop
endfacet
facet normal 0 0 0
outer loop
vertex 27.750 12.750 1.650
vertex 30.000 12.750 1.700
vertex 30.000 12.750 1.650
endloop
endfacet
facet normal 0 0 0
outer loop
vertex 30.000 12.750 1.650
vertex 30.000 12.750 1.700
vertex 30.000 13.250 1.700
endloop
endfacet
facet normal 0 0 0
outer loop
vertex 30.000 12.750 1.650
vertex 30.000 13.250 1.700
vertex 30.000 13.250 1.650
endloop
endfacet
facet normal 0 0 0
outer loop
vertex 30.000 13.250 1.650
vertex 30.000 13.250 1.700
vertex 27.750 13.250 1.700
endloop
endfacet
facet normal 0 0 0
outer loop
vertex 30.000 13.250 1.650
vertex 27.750 13.250 1.700
vertex 27.750 13.250 1.650
endloop
endfacet
facet normal 0 0 0
outer loop
vertex 27.750 13.250 1.650
vertex 27.750 13.250 1.700
vertex 27.750 12.750 1.700
endloop
endfacet
facet normal 0 0 0
outer loop
vertex 27.750 13.250 1.650
vertex 27.750 12.750 1.700
vertex 27.750 12.750 1.650
endloop
endfacet
facet normal 0 0 0
outer loop
vertex 27.750 12.750 1.650
vertex 59.750 12.750 1.650
vertex 59.750 13.250 1.650
endloop
endfacet
facet normal 0 0 0
outer loop
vertex 27.750 12.750 1.650
vertex 59.750 13.250 1.650
vertex 27.750 13.250 1.650
endloop
endfacet
facet normal 0 0 0
outer loop
vertex 27.750 12.750 1.700
vertex 59.750 13.250 1.700
vertex 59.750 12.750 1.700
endloop
endfacet
facet normal 0 0 0
outer loop
vertex 27.750 12.750 1.700
vertex 59.750 12.750 1.700
vertex 27.750 12.750 1.700
endloop
endfacet
facet normal 0 0 0
outer loop
vertex 27.750 12.750 1.650
vertex 27.750 12.750 1.700
vertex 59.750 12.750 1.700
endloop
endfacet
facet normal 0 0 0
outer loop
vertex 27.750 12.750 1.650
vertex 59.750 12.750 1.700
vertex 59.750 12.750 1.650
endloop
endfacet
facet normal 0 0 0
outer loop
vertex 59.750 12.750 1.650
vertex 59.750 12.750 1.700
vertex 59.750 13.250 1.700
endloop
endfacet
facet normal 0 0 0
outer loop
vertex 59.750 12.750 1.650
vertex 59.750 13.250 1.700
vertex 59.750 13.250 1.650
endloop
endfacet
facet normal 0 0 0
outer loop
vertex 59.750 13.250 1.650
vertex 59.750 13.250 1.700
vertex 27.750 13.250 1.700
endloop
endfacet
facet normal 0 0 0
outer loop
vertex 59.750 13.250 1.650
vertex 27.750 13.250 1.700
vertex 27.750 13.250 1.650
endloop
endfacet
facet normal 0 0 0
outer loop
vertex 27.750 13.250 1.650
vertex 27.750 13.250 1.700
vertex 27.750 12.750 1.700
endloop
endfacet
facet normal 0 0 0
outer loop
vertex 27.750 13.250 1.650
vertex 27.750 12.750 1.700
vertex 27.750 12.750 1.650
endloop
endfacet
facet normal 0 0 0
outer loop
vertex 59.250 12.750 1.650
vertex 59.750 12.750 1.650
vertex 59.750 19.000 1.650
endloop
endfacet
facet normal 0 0 0
outer loop
vertex 59.250 12.750 1.650
vertex 59.750 19.000 1.650
vertex 59.250 19.000 1.650
endloop
endfacet
facet normal 0 0 0
outer loop
vertex 59.250 12.750 1.700
vertex 59.750 19.000 1.700
vertex 59.750 12.750 1.700
endloop
endfacet
facet normal 0 0 0
outer loop
vertex 59.250 12.750 1.700
vertex 59.750 12.750 1.700
vertex 59.250 12.750 1.700
endloop
endfacet
facet normal 0 0 0
outer loop
vertex 59.250 12.750 1.650
vertex 59.250 12.750 1.700
vertex 59.750 12.750 1.700
endloop
endfacet
facet normal 0 0 0
outer loop
vertex 59.250 12.750 1.650
vertex 59.750 12.750 1.700
vertex 59.750 12.750 1.650
endloop
endfacet
facet normal 0 0 0
outer loop
vertex 59.750 12.750 1.650
vertex 59.750 12.750 1.700
vertex 59.750 19.000 1.700
endloop
endfacet
facet normal 0 0 0
outer loop
vertex 59.750 12.750 1.650
vertex 59.750 19.000 1.700
vertex 59.750 19.000 1.650
endloop
endfacet
facet normal 0 0 0
outer loop
vertex 59.750 19.000 1.650
vertex 59.750 19.000 1.700
vertex 59.250 19.000 1.700
endloop
endfacet
facet normal 0 0 0
outer loop
vertex 59.750 19.000 1.650
vertex 59.250 19.000 1.700
vertex 59.250 19.000 1.650
endloop
endfacet
facet normal 0 0 0
outer loop
vertex 59.250 19.000 1.650
vertex 59.250 19.000 1.700
vertex 59.250 12.750 1.700
endloop
endfacet
facet normal 0 0 0
outer loop
vertex 59.250 19.000 1.650
vertex 59.250 12.750 1.700
vertex 59.250 12.750 1.650
endloop
endfacet
facet normal 0 0 0
outer loop
vertex 59.250 18.500 1.650
vertex 84.250 18.500 1.650
vertex 84.250 19.000 1.650
endloop
endfacet
facet normal 0 0 0
outer loop
vertex 59.250 18.500 1.650
vertex 84.250 19.000 1.650
vertex 59.250 19.000 1.650
endloop
endfacet
facet normal 0 0 0
outer loop
vertex 59.250 18.500 1.700
vertex 84.250 19.000 1.700
vertex 84.250 18.500 1.700
endloop
endfacet
facet normal 0 0 0
outer loop
vertex 59.250 18.500 1.700
vertex 84.250 18.500 1.700
vertex 59.250 18.500 1.700
endloop
endfacet
facet normal 0 0 0
outer loop
vertex 59.250 18.500 1.650
vertex 59.250 18.500 1.700
vertex 84.250 18.500 1.700
endloop
endfacet
facet normal 0 0 0
outer loop
vertex 59.250 18.500 1.650
vertex 84.250 18.500 1.700
vertex 84.250 18.500 1.650
endloop
endfacet
facet normal 0 0 0
outer loop
vertex 84.250 18.500 1.650
vertex 84.250 18.500 1.700
vertex 84.250 19.000 1.700
endloop
endfacet
facet normal 0 0 0
outer loop
vertex 84.250 18.500 1.650
vertex 84.250 19.000 1.700
vertex 84.250 19.000 1.650
endloop
endfacet
facet normal 0 0 0
outer loop
vertex 84.250 19.000 1.650
vertex 84.250 19.000 1.700
vertex 59.250 19.000 1.700
endloop
endfacet
facet normal 0 0 0
outer loop
vertex 84.250 19.000 1.650
vertex 59.250 19.000 1.700
vertex 59.250 19.000 1.650
endloop
endfacet
facet normal 0 0 0
outer loop
vertex 59.250 19.000 1.650
vertex 59.250 19.000 1.700
vertex 59.250 18.500 1.700
endloop
endfacet
facet normal 0 0 0
outer loop
vertex 59.250 19.000 1.650
vertex 59.250 18.500 1.700
vertex 59.250 18.500 1.650
endloop
endfacet
facet normal 0 0 0
outer loop
vertex 83.750 18.500 1.650
vertex 84.250 18.500 1.650
vertex 84.250 24.750 1.650
endloop
endfacet
facet normal 0 0 0
outer loop
vertex 83.750 18.500 1.650
vertex 84.250 24.750 1.650
vertex 83.750 24.750 1.650
endloop
endfacet
facet normal 0 0 0
outer loop
vertex 83.750 18.500 1.700
vertex 84.250 24.750 1.700
vertex 84.250 18.500 1.700
endloop
endfacet
facet normal 0 0 0
outer loop
vertex 83.750 18.500 1.700
vertex 84.250 18.500 1.700
vertex 83.750 18.500 1.700
endloop
endfacet
facet normal 0 0 0
outer loop
vertex 83.750 18.500 1.650
vertex 83.750 18.500 1.700
vertex 84.250 18.500 1.700
endloop
endfacet
facet normal 0 0 0
outer loop
vertex 83.750 18.500 1.650
vertex 84.250 18.500 1.700
vertex 84.250 18.500 1.650
endloop
endfacet
facet normal 0 0 0
outer loop
vertex 84.250 18.500 1.650
vertex 84.250 18.500 1.700
vertex 84.250 24.750 1.700
endloop
endfacet
facet normal 0 0 0
outer loop
vertex 84.250 18.500 1.650
vertex 84.250 24.750 1.700
vertex 84.250 24.750 1.650
endloop
endfacet
facet normal 0 0 0
outer loop
vertex 84.250 24.750 1.650
vertex 84.250 24.750 1.700
vertex 83.750 24.750 1.700
endloop
endfacet
facet normal 0 0 0
outer loop
vertex 84.250 24.750 1.650
vertex 83.750 24.750 1.700
vertex 83.750 24.750 1.650
endloop
endfacet
facet normal 0 0 0
outer loop
vertex 83.750 24.750 1.650
vertex 83.750 24.750 1.700
vertex 83.750 18.500 1.700
endloop
endfacet
facet normal 0 0 0
outer loop
vertex 83.750 24.750 1.650
vertex 83.750 18.500 1.700
vertex 83.750 18.500 1.650
endloop
endfacet
facet normal 0 0 0
outer loop
vertex 83.750 24.250 1.650
vertex 91.250 24.250 1.650
vertex 91.250 24.750 1.650
endloop
endfacet
facet normal 0 0 0
outer loop
vertex 83.750 24.250 1.650
vertex 91.250 24.750 1.650
vertex 83.750 24.750 1.650
endloop
endfacet
facet normal 0 0 0
outer loop
vertex 83.750 24.250 1.700
vertex 91.250 24.750 1.700
vertex 91.250 24.250 1.700
endloop
endfacet
facet normal 0 0 0
outer loop
vertex 83.750 24.250 1.700
vertex 91.250 24.250 1.700
vertex 83.750 24.250 1.700
endloop
endfacet
facet normal 0 0 0
outer loop
vertex 83.750 24.250 1.650
vertex 83.750 24.250 1.700
vertex 91.250 24.250 1.700
endloop
endfacet
facet normal 0 0 0
outer loop
vertex 83.750 24.250 1.650
vertex 91.250 24.250 1.700
vertex 91.250 24.250 1.650
endloop
endfacet
facet normal 0 0 0
outer loop
vertex 91.250 24.250 1.650
vertex 91.250 24.250 1.700
vertex 91.250 24.750 1.700
endloop
endfacet
facet normal 0 0 0
outer loop
vertex 91.250 24.250 1.650
vertex 91.250 24.750 1.700
vertex 91.250 24.750 1.650
endloop
endfacet
facet normal 0 0 0
outer loop
vertex 91.250 24.750 1.650
vertex 91.250 24.750 1.700
vertex 83.750 24.750 1.700
endloop
endfacet
facet normal 0 0 0
outer loop
vertex 91.250 24.750 1.650
vertex 83.750 24.750 1.700
vertex 83.750 24.750 1.650
endloop
endfacet
facet normal 0 0 0
outer loop
vertex 83.750 24.750 1.650
vertex 83.750 24.750 1.700
vertex 83.750 24.250 1.700
endloop
endfacet
facet normal 0 0 0
outer loop
vertex 83.750 24.750 1.650
vertex 83.750 24.250 1.700
vertex 83.750 24.250 1.650
endloop
endfacet
facet normal 0 0 0
outer loop
vertex 90.750 24.250 1.650
vertex 91.250 24.250 1.650
vertex 91.250 26.500 1.650
endloop
endfacet
facet normal 0 0 0
outer loop
vertex 90.750 24.250 1.650
vertex 91.250 26.500 1.650
vertex 90.750 26.500 1.650
endloop
endfacet
facet normal 0 0 0
outer loop
vertex 90.750 24.250 1.700
vertex 91.250 26.500 1.700
vertex 91.250 24.250 1.700
endloop
endfacet
facet normal 0 0 0
outer loop
vertex 90.750 24.250 1.700
vertex 91.250 24.250 1.700
vertex 90.750 24.250 1.700
endloop
endfacet
facet normal 0 0 0
outer loop
vertex 90.750 24.250 1.650
vertex 90.750 24.250 1.700
vertex 91.250 24.250 1.700
endloop
endfacet
facet normal 0 0 0
outer loop
vertex 90.750 24.250 1.650
vertex 91.250 24.250 1.700
vertex 91.250 24.250 1.650
endloop
endfacet
facet normal 0 0 0
outer loop
vertex 91.250 24.250 1.650
vertex 91.250 24.250 1.700
vertex 91.250 26.500 1.700
endloop
endfacet
facet normal 0 0 0
outer loop
vertex 91.250 24.250 1.650
vertex 91.250 26.500 1.700
vertex 91.250 26.500 1.650
endloop
endfacet
facet normal 0 0 0
outer loop
vertex 91.250 26.500 1.650
vertex 91.250 26.500 1.700
vertex 90.750 26.500 1.700
endloop
endfacet
facet normal 0 0 0
outer loop
vertex 91.250 26.500 1.650
vertex 90.750 26.500 1.700
vertex 90.750 26.500 1.650
endloop
endfacet
facet normal 0 0 0
outer loop
vertex 90.750 26.500 1.650
vertex 90.750 26.500 1.700
vertex 90.750 24.250 1.700
endloop
endfacet
facet normal 0 0 0
outer loop
vertex 90.750 26.500 1.650
vertex 90.750 24.250 1.700
vertex 90.750 24.250 1.650
endloop
endfacet
facet normal 0 0 0
outer loop
vertex 90.250 26.000 1.650
vertex 91.250 26.000 1.650
vertex 91.250 26.500 1.650
endloop
endfacet
facet normal 0 0 0
outer loop
vertex 90.250 26.000 1.650
vertex 91.250 26.500 1.650
vertex 90.250 26.500 1.650
endloop
endfacet
facet normal 0 0 0
outer loop
vertex 90.250 26.000 1.700
vertex 91.250 26.500 1.700
vertex 91.250 26.000 1.700
endloop
endfacet
facet normal 0 0 0
outer loop
vertex 90.250 26.000 1.700
vertex 91.250 26.000 1.700
vertex 90.250 26.000 1.700
endloop
endfacet
facet normal 0 0 0
outer loop
vertex 90.250 26.000 1.650
vertex 90.250 26.000 1.700
vertex 91.250 26.000 1.700
endloop
endfacet
facet normal 0 0 0
outer loop
vertex 90.250 26.000 1.650
vertex 91.250 26.000 1.700
vertex 91.250 26.000 1.650
endloop
endfacet
facet normal 0 0 0
outer loop
vertex 91.250 26.000 1.650
vertex 91.250 26.000 1.700
vertex 91.250 26.500 1.700
endloop
endfacet
facet normal 0 0 0
outer loop
vertex 91.250 26.000 1.650
vertex 91.250 26.500 1.700
vertex 91.250 26.500 1.650
endloop
endfacet
facet normal 0 0 0
outer loop
vertex 91.250 26.500 1.650
vertex 91.250 26.500 1.700
vertex 90.250 26.500 1.700
endloop
endfacet
facet normal 0 0 0
outer loop
vertex 91.250 26.500 1.650
vertex 90.250 26.500 1.700
vertex 90.250 26.500 1.650
endloop
endfacet
facet normal 0 0 0
outer loop
vertex 90.250 26.500 1.650
vertex 90.250 26.500 1.700
vertex 90.250 26.000 1.700
endloop
endfacet
facet normal 0 0 0
outer loop
vertex 90.250 26.500 1.650
vertex 90.250 26.000 1.700
vertex 90.250 26.000 1.650
endloop
endfacet
facet normal 0 0 0
outer loop
vertex 90.250 25.750 1.650
vertex 90.750 25.750 1.650
vertex 90.750 26.500 1.650
endloop
endfacet
facet normal 0 0 0
outer loop
vertex 90.250 25.750 1.650
vertex 90.750 26.500 1.650
vertex 90.250 26.500 1.650
endloop
endfacet
facet normal 0 0 0
outer loop
vertex 90.250 25.750 1.700
vertex 90.750 26.500 1.700
vertex 90.750 25.750 1.700
endloop
endfacet
facet normal 0 0 0
outer loop
vertex 90.250 25.750 1.700
vertex 90.750 25.750 1.700
vertex 90.250 25.750 1.700
endloop
endfacet
facet normal 0 0 0
outer loop
vertex 90.250 25.750 1.650
vertex 90.250 25.750 1.700
vertex 90.750 25.750 1.700
endloop
endfacet
facet normal 0 0 0
outer loop
vertex 90.250 25.750 1.650
vertex 90.750 25.750 1.700
vertex 90.750 25.750 1.650
endloop
endfacet
facet normal 0 0 0
outer loop
vertex 90.750 25.750 1.650
vertex 90.750 25.750 1.700
vertex 90.750 26.500 1.700
endloop
endfacet
facet normal 0 0 0
outer loop
vertex 90.750 25.750 1.650
vertex 90.750 26.500 1.700
vertex 90.750 26.500 1.650
endloop
endfacet
facet normal 0 0 0
outer loop
vertex 90.750 26.500 1.650
vertex 90.750 26.500 1.700
vertex 90.250 26.500 1.700
endloop
endfacet
facet normal 0 0 0
outer loop
vertex 90.750 26.500 1.650
vertex 90.250 26.500 1.700
vertex 90.250 26.500 1.650
endloop
endfacet
facet normal 0 0 0
outer loop
vertex 90.250 26.500 1.650
vertex 90.250 26.500 1.700
vertex 90.250 25.750 1.700
endloop
endfacet
facet normal 0 0 0
outer loop
vertex 90.250 26.500 1.650
vertex 90.250 25.750 1.700
vertex 90.250 25.750 1.650
endloop
endfacet
facet normal 0 0 0
outer loop
vertex 90.250 25.750 1.650
vertex 90.750 25.750 1.650
vertex 90.750 26.500 1.650
endloop
endfacet
facet normal 0 0 0
outer loop
vertex 90.250 25.750 1.650
vertex 90.750 26.500 1.650
vertex 90.250 26.500 1.650
endloop
endfacet
facet normal 0 0 0
outer loop
vertex 90.250 25.750 1.700
vertex 90.750 26.500 1.700
vertex 90.750 25.750 1.700
endloop
endfacet
facet normal 0 0 0
outer loop
vertex 90.250 25.750 1.700
vertex 90.750 25.750 1.700
vertex 90.250 25.750 1.700
endloop
endfacet
facet normal 0 0 0
outer loop
vertex 90.250 25.750 1.650
vertex 90.250 25.750 1.700
vertex 90.750 25.750 1.700
endloop
endfacet
facet normal 0 0 0
outer loop
vertex 90.250 25.750 1.650
vertex 90.750 25.750 1.700
vertex 90.750 25.750 1.650
endloop
endfacet
facet normal 0 0 0
outer loop
vertex 90.750 25.750 1.650
vertex 90.750 25.750 1.700
vertex 90.750 26.500 1.700
endloop
endfacet
facet normal 0 0 0
outer loop
vertex 90.750 25.750 1.650
vertex 90.750 26.500 1.700
vertex 90.750 26.500 1.650
endloop
endfacet
facet normal 0 0 0
outer loop
vertex 90.750 26.500 1.650
vertex 90.750 26.500 1.700
vertex 90.250 26.500 1.700
endloop
endfacet
facet normal 0 0 0
outer loop
vertex 90.750 26.500 1.650
vertex 90.250 26.500 1.700
vertex 90.250 26.500 1.650
endloop
endfacet
facet normal 0 0 0
outer loop
vertex 90.250 26.500 1.650
vertex 90.250 26.500 1.700
vertex 90.250 25.750 1.700
endloop
endfacet
facet normal 0 0 0
outer loop
vertex 90.250 26.500 1.650
vertex 90.250 25.750 1.700
vertex 90.250 25.750 1.650
endloop
endfacet
facet normal 0 0 0
outer loop
vertex 90.250 26.000 1.650
vertex 91.250 26.000 1.650
vertex 91.250 26.500 1.650
endloop
endfacet
facet normal 0 0 0
outer loop
vertex 90.250 26.000 1.650
vertex 91.250 26.500 1.650
vertex 90.250 26.500 1.650
endloop
endfacet
facet normal 0 0 0
outer loop
vertex 90.250 26.000 1.700
vertex 91.250 26.500 1.700
vertex 91.250 26.000 1.700
endloop
endfacet
facet normal 0 0 0
outer loop
vertex 90.250 26.000 1.700
vertex 91.250 26.000 1.700
vertex 90.250 26.000 1.700
endloop
endfacet
facet normal 0 0 0
outer loop
vertex 90.250 26.000 1.650
vertex 90.250 26.000 1.700
vertex 91.250 26.000 1.700
endloop
endfacet
facet normal 0 0 0
outer loop
vertex 90.250 26.000 1.650
vertex 91.250 26.000 1.700
vertex 91.250 26.000 1.650
endloop
endfacet
facet normal 0 0 0
outer loop
vertex 91.250 26.000 1.650
vertex 91.250 26.000 1.700
vertex 91.250 26.500 1.700
endloop
endfacet
facet normal 0 0 0
outer loop
vertex 91.250 26.000 1.650
vertex 91.250 26.500 1.700
vertex 91.250 26.500 1.650
endloop
endfacet
facet normal 0 0 0
outer loop
vertex 91.250 26.500 1.650
vertex 91.250 26.500 1.700
vertex 90.250 26.500 1.700
endloop
endfacet
facet normal 0 0 0
outer loop
vertex 91.250 26.500 1.650
vertex 90.250 26.500 1.700
vertex 90.250 26.500 1.650
endloop
endfacet
facet normal 0 0 0
outer loop
vertex 90.250 26.500 1.650
vertex 90.250 26.500 1.700
vertex 90.250 26.000 1.700
endloop
endfacet
facet normal 0 0 0
outer loop
vertex 90.250 26.500 1.650
vertex 90.250 26.000 1.700
vertex 90.250 26.000 1.650
endloop
endfacet
facet normal 0 0 0
outer loop
vertex 90.750 24.250 1.650
vertex 91.250 24.250 1.650
vertex 91.250 26.500 1.650
endloop
endfacet
facet normal 0 0 0
outer loop
vertex 90.750 24.250 1.650
vertex 91.250 26.500 1.650
vertex 90.750 26.500 1.650
endloop
endfacet
facet normal 0 0 0
outer loop
vertex 90.750 24.250 1.700
vertex 91.250 26.500 1.700
vertex 91.250 24.250 1.700
endloop
endfacet
facet normal 0 0 0
outer loop
vertex 90.750 24.250 1.700
vertex 91.250 24.250 1.700
vertex 90.750 24.250 1.700
endloop
endfacet
facet normal 0 0 0
outer loop
vertex 90.750 24.250 1.650
vertex 90.750 24.250 1.700
vertex 91.250 24.250 1.700
endloop
endfacet
facet normal 0 0 0
outer loop
vertex 90.750 24.250 1.650
vertex 91.250 24.250 1.700
vertex 91.250 24.250 1.650
endloop
endfacet
facet normal 0 0 0
outer loop
vertex 91.250 24.250 1.650
vertex 91.250 24.250 1.700
vertex 91.250 26.500 1.700
endloop
endfacet
facet normal 0 0 0
outer loop
vertex 91.250 24.250 1.650
vertex 91.250 26.500 1.700
vertex 91.250 26.500 1.650
endloop
endfacet
facet normal 0 0 0
outer loop
vertex 91.250 26.500 1.650
vertex 91.250 26.500 1.700
vertex 90.750 26.500 1.700
endloop
endfacet
facet normal 0 0 0
outer loop
vertex 91.250 26.500 1.650
vertex 90.750 26.500 1.700
vertex 90.750 26.500 1.650
endloop
endfacet
facet normal 0 0 0
outer loop
vertex 90.750 26.500 1.650
vertex 90.750 26.500 1.700
vertex 90.750 24.250 1.700
endloop
endfacet
facet normal 0 0 0
outer loop
vertex 90.750 26.500 1.650
vertex 90.750 24.250 1.700
vertex 90.750 24.250 1.650
endloop
endfacet
facet normal 0 0 0
outer loop
vertex 84.000 24.250 1.650
vertex 91.250 24.250 1.650
vertex 91.250 24.750 1.650
endloop
endfacet
facet normal 0 0 0
outer loop
vertex 84.000 24.250 1.650
vertex 91.250 24.750 1.650
vertex 84.000 24.750 1.650
endloop
endfacet
facet normal 0 0 0
outer loop
vertex 84.000 24.250 1.700
vertex 91.250 24.750 1.700
vertex 91.250 24.250 1.700
endloop
endfacet
facet normal 0 0 0
outer loop
vertex 84.000 24.250 1.700
vertex 91.250 24.250 1.700
vertex 84.000 24.250 1.700
endloop
endfacet
facet normal 0 0 0
outer loop
vertex 84.000 24.250 1.650
vertex 84.000 24.250 1.700
vertex 91.250 24.250 1.700
endloop
endfacet
facet normal 0 0 0
outer loop
vertex 84.000 24.250 1.650
vertex 91.250 24.250 1.700
vertex 91.250 24.250 1.650
endloop
endfacet
facet normal 0 0 0
outer loop
vertex 91.250 24.250 1.650
vertex 91.250 24.250 1.700
vertex 91.250 24.750 1.700
endloop
endfacet
facet normal 0 0 0
outer loop
vertex 91.250 24.250 1.650
vertex 91.250 24.750 1.700
vertex 91.250 24.750 1.650
endloop
endfacet
facet normal 0 0 0
outer loop
vertex 91.250 24.750 1.650
vertex 91.250 24.750 1.700
vertex 84.000 24.750 1.700
endloop
endfacet
facet normal 0 0 0
outer loop
vertex 91.250 24.750 1.650
vertex 84.000 24.750 1.700
vertex 84.000 24.750 1.650
endloop
endfacet
facet normal 0 0 0
outer loop
vertex 84.000 24.750 1.650
vertex 84.000 24.750 1.700
vertex 84.000 24.250 1.700
endloop
endfacet
facet normal 0 0 0
outer loop
vertex 84.000 24.750 1.650
vertex 84.000 24.250 1.700
vertex 84.000 24.250 1.650
endloop
endfacet
facet normal 0 0 0
outer loop
vertex 84.000 24.250 1.650
vertex 84.500 24.250 1.650
vertex 84.500 32.750 1.650
endloop
endfacet
facet normal 0 0 0
outer loop
vertex 84.000 24.250 1.650
vertex 84.500 32.750 1.650
vertex 84.000 32.750 1.650
endloop
endfacet
facet normal 0 0 0
outer loop
vertex 84.000 24.250 1.700
vertex 84.500 32.750 1.700
vertex 84.500 24.250 1.700
endloop
endfacet
facet normal 0 0 0
outer loop
vertex 84.000 24.250 1.700
vertex 84.500 24.250 1.700
vertex 84.000 24.250 1.700
endloop
endfacet
facet normal 0 0 0
outer loop
vertex 84.000 24.250 1.650
vertex 84.000 24.250 1.700
vertex 84.500 24.250 1.700
endloop
endfacet
facet normal 0 0 0
outer loop
vertex 84.000 24.250 1.650
vertex 84.500 24.250 1.700
vertex 84.500 24.250 1.650
endloop
endfacet
facet normal 0 0 0
outer loop
vertex 84.500 24.250 1.650
vertex 84.500 24.250 1.700
vertex 84.500 32.750 1.700
endloop
endfacet
facet normal 0 0 0
outer loop
vertex 84.500 24.250 1.650
vertex 84.500 32.750 1.700
vertex 84.500 32.750 1.650
endloop
endfacet
facet normal 0 0 0
outer loop
vertex 84.500 32.750 1.650
vertex 84.500 32.750 1.700
vertex 84.000 32.750 1.700
endloop
endfacet
facet normal 0 0 0
outer loop
vertex 84.500 32.750 1.650
vertex 84.000 32.750 1.700
vertex 84.000 32.750 1.650
endloop
endfacet
facet normal 0 0 0
outer loop
vertex 84.000 32.750 1.650
vertex 84.000 32.750 1.700
vertex 84.000 24.250 1.700
endloop
endfacet
facet normal 0 0 0
outer loop
vertex 84.000 32.750 1.650
vertex 84.000 24.250 1.700
vertex 84.000 24.250 1.650
endloop
endfacet
facet normal 0 0 0
outer loop
vertex 84.000 32.250 1.650
vertex 101.750 32.250 1.650
vertex 101.750 32.750 1.650
endloop
endfacet
facet normal 0 0 0
outer loop
vertex 84.000 32.250 1.650
vertex 101.750 32.750 1.650
vertex 84.000 32.750 1.650
endloop
endfacet
facet normal 0 0 0
outer loop
vertex 84.000 32.250 1.700
vertex 101.750 32.750 1.700
vertex 101.750 32.250 1.700
endloop
endfacet
facet normal 0 0 0
outer loop
vertex 84.000 32.250 1.700
vertex 101.750 32.250 1.700
vertex 84.000 32.250 1.700
endloop
endfacet
facet normal 0 0 0
outer loop
vertex 84.000 32.250 1.650
vertex 84.000 32.250 1.700
vertex 101.750 32.250 1.700
endloop
endfacet
facet normal 0 0 0
outer loop
vertex 84.000 32.250 1.650
vertex 101.750 32.250 1.700
vertex 101.750 32.250 1.650
endloop
endfacet
facet normal 0 0 0
outer loop
vertex 101.750 32.250 1.650
vertex 101.750 32.250 1.700
vertex 101.750 32.750 1.700
endloop
endfacet
facet normal 0 0 0
outer loop
vertex 101.750 32.250 1.650
vertex 101.750 32.750 1.700
vertex 101.750 32.750 1.650
endloop
endfacet
facet normal 0 0 0
outer loop
vertex 101.750 32.750 1.650
vertex 101.750 32.750 1.700
vertex 84.000 32.750 1.700
endloop
endfacet
facet normal 0 0 0
outer loop
vertex 101.750 32.750 1.650
vertex 84.000 32.750 1.700
vertex 84.000 32.750 1.650
endloop
endfacet
facet normal 0 0 0
outer loop
vertex 84.000 32.750 1.650
vertex 84.000 32.750 1.700
vertex 84.000 32.250 1.700
endloop
endfacet
facet normal 0 0 0
outer loop
vertex 84.000 32.750 1.650
vertex 84.000 32.250 1.700
vertex 84.000 32.250 1.650
endloop
endfacet
facet normal 0 0 0
outer loop
vertex 101.250 28.750 1.650
vertex 101.750 28.750 1.650
vertex 101.750 32.750 1.650
endloop
endfacet
facet normal 0 0 0
outer loop
vertex 101.250 28.750 1.650
vertex 101.750 32.750 1.650
vertex 101.250 32.750 1.650
endloop
endfacet
facet normal 0 0 0
outer loop
vertex 101.250 28.750 1.700
vertex 101.750 32.750 1.700
vertex 101.750 28.750 1.700
endloop
endfacet
facet normal 0 0 0
outer loop
vertex 101.250 28.750 1.700
vertex 101.750 28.750 1.700
vertex 101.250 28.750 1.700
endloop
endfacet
facet normal 0 0 0
outer loop
vertex 101.250 28.750 1.650
vertex 101.250 28.750 1.700
vertex 101.750 28.750 1.700
endloop
endfacet
facet normal 0 0 0
outer loop
vertex 101.250 28.750 1.650
vertex 101.750 28.750 1.700
vertex 101.750 28.750 1.650
endloop
endfacet
facet normal 0 0 0
outer loop
vertex 101.750 28.750 1.650
vertex 101.750 28.750 1.700
vertex 101.750 32.750 1.700
endloop
endfacet
facet normal 0 0 0
outer loop
vertex 101.750 28.750 1.650
vertex 101.750 32.750 1.700
vertex 101.750 32.750 1.650
endloop
endfacet
facet normal 0 0 0
outer loop
vertex 101.750 32.750 1.650
vertex 101.750 32.750 1.700
vertex 101.250 32.750 1.700
endloop
endfacet
facet normal 0 0 0
outer loop
vertex 101.750 32.750 1.650
vertex 101.250 32.750 1.700
vertex 101.250 32.750 1.650
endloop
endfacet
facet normal 0 0 0
outer loop
vertex 101.250 32.750 1.650
vertex 101.250 32.750 1.700
vertex 101.250 28.750 1.700
endloop
endfacet
facet normal 0 0 0
outer loop
vertex 101.250 32.750 1.650
vertex 101.250 28.750 1.700
vertex 101.250 28.750 1.650
endloop
endfacet
facet normal 0 0 0
outer loop
vertex 98.250 28.750 1.650
vertex 101.750 28.750 1.650
vertex 101.750 29.250 1.650
endloop
endfacet
facet normal 0 0 0
outer loop
vertex 98.250 28.750 1.650
vertex 101.750 29.250 1.650
vertex 98.250 29.250 1.650
endloop
endfacet
facet normal 0 0 0
outer loop
vertex 98.250 28.750 1.700
vertex 101.750 29.250 1.700
vertex 101.750 28.750 1.700
endloop
endfacet
facet normal 0 0 0
outer loop
vertex 98.250 28.750 1.700
vertex 101.750 28.750 1.700
vertex 98.250 28.750 1.700
endloop
endfacet
facet normal 0 0 0
outer loop
vertex 98.250 28.750 1.650
vertex 98.250 28.750 1.700
vertex 101.750 28.750 1.700
endloop
endfacet
facet normal 0 0 0
outer loop
vertex 98.250 28.750 1.650
vertex 101.750 28.750 1.700
vertex 101.750 28.750 1.650
endloop
endfacet
facet normal 0 0 0
outer loop
vertex 101.750 28.750 1.650
vertex 101.750 28.750 1.700
vertex 101.750 29.250 1.700
endloop
endfacet
facet normal 0 0 0
outer loop
vertex 101.750 28.750 1.650
vertex 101.750 29.250 1.700
vertex 101.750 29.250 1.650
endloop
endfacet
facet normal 0 0 0
outer loop
vertex 101.750 29.250 1.650
vertex 101.750 29.250 1.700
vertex 98.250 29.250 1.700
endloop
endfacet
facet normal 0 0 0
outer loop
vertex 101.750 29.250 1.650
vertex 98.250 29.250 1.700
vertex 98.250 29.250 1.650
endloop
endfacet
facet normal 0 0 0
outer loop
vertex 98.250 29.250 1.650
vertex 98.250 29.250 1.700
vertex 98.250 28.750 1.700
endloop
endfacet
facet normal 0 0 0
outer loop
vertex 98.250 29.250 1.650
vertex 98.250 28.750 1.700
vertex 98.250 28.750 1.650
endloop
endfacet
facet normal 0 0 0
outer loop
vertex 98.250 28.750 1.650
vertex 98.750 28.750 1.650
vertex 98.750 31.250 1.650
endloop
endfacet
facet normal 0 0 0
outer loop
vertex 98.250 28.750 1.650
vertex 98.750 31.250 1.650
vertex 98.250 31.250 1.650
endloop
endfacet
facet normal 0 0 0
outer loop
vertex 98.250 28.750 1.700
vertex 98.750 31.250 1.700
vertex 98.750 28.750 1.700
endloop
endfacet
facet normal 0 0 0
outer loop
vertex 98.250 28.750 1.700
vertex 98.750 28.750 1.700
vertex 98.250 28.750 1.700
endloop
endfacet
facet normal 0 0 0
outer loop
vertex 98.250 28.750 1.650
vertex 98.250 28.750 1.700
vertex 98.750 28.750 1.700
endloop
endfacet
facet normal 0 0 0
outer loop
vertex 98.250 28.750 1.650
vertex 98.750 28.750 1.700
vertex 98.750 28.750 1.650
endloop
endfacet
facet normal 0 0 0
outer loop
vertex 98.750 28.750 1.650
vertex 98.750 28.750 1.700
vertex 98.750 31.250 1.700
endloop
endfacet
facet normal 0 0 0
outer loop
vertex 98.750 28.750 1.650
vertex 98.750 31.250 1.700
vertex 98.750 31.250 1.650
endloop
endfacet
facet normal 0 0 0
outer loop
vertex 98.750 31.250 1.650
vertex 98.750 31.250 1.700
vertex 98.250 31.250 1.700
endloop
endfacet
facet normal 0 0 0
outer loop
vertex 98.750 31.250 1.650
vertex 98.250 31.250 1.700
vertex 98.250 31.250 1.650
endloop
endfacet
facet normal 0 0 0
outer loop
vertex 98.250 31.250 1.650
vertex 98.250 31.250 1.700
vertex 98.250 28.750 1.700
endloop
endfacet
facet normal 0 0 0
outer loop
vertex 98.250 31.250 1.650
vertex 98.250 28.750 1.700
vertex 98.250 28.750 1.650
endloop
endfacet
facet normal 0 0 0
outer loop
vertex 87.500 30.750 1.650
vertex 98.750 30.750 1.650
vertex 98.750 31.250 1.650
endloop
endfacet
facet normal 0 0 0
outer loop
vertex 87.500 30.750 1.650
vertex 98.750 31.250 1.650
vertex 87.500 31.250 1.650
endloop
endfacet
facet normal 0 0 0
outer loop
vertex 87.500 30.750 1.700
vertex 98.750 31.250 1.700
vertex 98.750 30.750 1.700
endloop
endfacet
facet normal 0 0 0
outer loop
vertex 87.500 30.750 1.700
vertex 98.750 30.750 1.700
vertex 87.500 30.750 1.700
endloop
endfacet
facet normal 0 0 0
outer loop
vertex 87.500 30.750 1.650
vertex 87.500 30.750 1.700
vertex 98.750 30.750 1.700
endloop
endfacet
facet normal 0 0 0
outer loop
vertex 87.500 30.750 1.650
vertex 98.750 30.750 1.700
vertex 98.750 30.750 1.650
endloop
endfacet
facet normal 0 0 0
outer loop
vertex 98.750 30.750 1.650
vertex 98.750 30.750 1.700
vertex 98.750 31.250 1.700
endloop
endfacet
facet normal 0 0 0
outer loop
vertex 98.750 30.750 1.650
vertex 98.750 31.250 1.700
vertex 98.750 31.250 1.650
endloop
endfacet
facet normal 0 0 0
outer loop
vertex 98.750 31.250 1.650
vertex 98.750 31.250 1.700
vertex 87.500 31.250 1.700
endloop
endfacet
facet normal 0 0 0
outer loop
vertex 98.750 31.250 1.650
vertex 87.500 31.250 1.700
vertex 87.500 31.250 1.650
endloop
endfacet
facet normal 0 0 0
outer loop
vertex 87.500 31.250 1.650
vertex 87.500 31.250 1.700
vertex 87.500 30.750 1.700
endloop
endfacet
facet normal 0 0 0
outer loop
vertex 87.500 31.250 1.650
vertex 87.500 30.750 1.700
vertex 87.500 30.750 1.650
endloop
endfacet
facet normal 0 0 0
outer loop
vertex 87.500 30.250 1.650
vertex 88.000 30.250 1.650
vertex 88.000 31.250 1.650
endloop
endfacet
facet normal 0 0 0
outer loop
vertex 87.500 30.250 1.650
vertex 88.000 31.250 1.650
vertex 87.500 31.250 1.650
endloop
endfacet
facet normal 0 0 0
outer loop
vertex 87.500 30.250 1.700
vertex 88.000 31.250 1.700
vertex 88.000 30.250 1.700
endloop
endfacet
facet normal 0 0 0
outer loop
vertex 87.500 30.250 1.700
vertex 88.000 30.250 1.700
vertex 87.500 30.250 1.700
endloop
endfacet
facet normal 0 0 0
outer loop
vertex 87.500 30.250 1.650
vertex 87.500 30.250 1.700
vertex 88.000 30.250 1.700
endloop
endfacet
facet normal 0 0 0
outer loop
vertex 87.500 30.250 1.650
vertex 88.000 30.250 1.700
vertex 88.000 30.250 1.650
endloop
endfacet
facet normal 0 0 0
outer loop
vertex 88.000 30.250 1.650
vertex 88.000 30.250 1.700
vertex 88.000 31.250 1.700
endloop
endfacet
facet normal 0 0 0
outer loop
vertex 88.000 30.250 1.650
vertex 88.000 31.250 1.700
vertex 88.000 31.250 1.650
endloop
endfacet
facet normal 0 0 0
outer loop
vertex 88.000 31.250 1.650
vertex 88.000 31.250 1.700
vertex 87.500 31.250 1.700
endloop
endfacet
facet normal 0 0 0
outer loop
vertex 88.000 31.250 1.650
vertex 87.500 31.250 1.700
vertex 87.500 31.250 1.650
endloop
endfacet
facet normal 0 0 0
outer loop
vertex 87.500 31.250 1.650
vertex 87.500 31.250 1.700
vertex 87.500 30.250 1.700
endloop
endfacet
facet normal 0 0 0
outer loop
vertex 87.500 31.250 1.650
vertex 87.500 30.250 1.700
vertex 87.500 30.250 1.650
endloop
endfacet
facet normal 0 0 0
outer loop
vertex 87.500 30.250 1.650
vertex 88.750 30.250 1.650
vertex 88.750 30.750 1.650
endloop
endfacet
facet normal 0 0 0
outer loop
vertex 87.500 30.250 1.650
vertex 88.750 30.750 1.650
vertex 87.500 30.750 1.650
endloop
endfacet
facet normal 0 0 0
outer loop
vertex 87.500 30.250 1.700
vertex 88.750 30.750 1.700
vertex 88.750 30.250 1.700
endloop
endfacet
facet normal 0 0 0
outer loop
vertex 87.500 30.250 1.700
vertex 88.750 30.250 1.700
vertex 87.500 30.250 1.700
endloop
endfacet
facet normal 0 0 0
outer loop
vertex 87.500 30.250 1.650
vertex 87.500 30.250 1.700
vertex 88.750 30.250 1.700
endloop
endfacet
facet normal 0 0 0
outer loop
vertex 87.500 30.250 1.650
vertex 88.750 30.250 1.700
vertex 88.750 30.250 1.650
endloop
endfacet
facet normal 0 0 0
outer loop
vertex 88.750 30.250 1.650
vertex 88.750 30.250 1.700
vertex 88.750 30.750 1.700
endloop
endfacet
facet normal 0 0 0
outer loop
vertex 88.750 30.250 1.650
vertex 88.750 30.750 1.700
vertex 88.750 30.750 1.650
endloop
endfacet
facet normal 0 0 0
outer loop
vertex 88.750 30.750 1.650
vertex 88.750 30.750 1.700
vertex 87.500 30.750 1.700
endloop
endfacet
facet normal 0 0 0
outer loop
vertex 88.750 30.750 1.650
vertex 87.500 30.750 1.700
vertex 87.500 30.750 1.650
endloop
endfacet
facet normal 0 0 0
outer loop
vertex 87.500 30.750 1.650
vertex 87.500 30.750 1.700
vertex 87.500 30.250 1.700
endloop
endfacet
facet normal 0 0 0
outer loop
vertex 87.500 30.750 1.650
vertex 87.500 30.250 1.700
vertex 87.500 30.250 1.650
endloop
endfacet
facet normal 0 0 0
outer loop
vertex 88.250 30.250 1.650
vertex 88.750 30.250 1.650
vertex 88.750 31.250 1.650
endloop
endfacet
facet normal 0 0 0
outer loop
vertex 88.250 30.250 1.650
vertex 88.750 31.250 1.650
vertex 88.250 31.250 1.650
endloop
endfacet
facet normal 0 0 0
outer loop
vertex 88.250 30.250 1.700
vertex 88.750 31.250 1.700
vertex 88.750 30.250 1.700
endloop
endfacet
facet normal 0 0 0
outer loop
vertex 88.250 30.250 1.700
vertex 88.750 30.250 1.700
vertex 88.250 30.250 1.700
endloop
endfacet
facet normal 0 0 0
outer loop
vertex 88.250 30.250 1.650
vertex 88.250 30.250 1.700
vertex 88.750 30.250 1.700
endloop
endfacet
facet normal 0 0 0
outer loop
vertex 88.250 30.250 1.650
vertex 88.750 30.250 1.700
vertex 88.750 30.250 1.650
endloop
endfacet
facet normal 0 0 0
outer loop
vertex 88.750 30.250 1.650
vertex 88.750 30.250 1.700
vertex 88.750 31.250 1.700
endloop
endfacet
facet normal 0 0 0
outer loop
vertex 88.750 30.250 1.650
vertex 88.750 31.250 1.700
vertex 88.750 31.250 1.650
endloop
endfacet
facet normal 0 0 0
outer loop
vertex 88.750 31.250 1.650
vertex 88.750 31.250 1.700
vertex 88.250 31.250 1.700
endloop
endfacet
facet normal 0 0 0
outer loop
vertex 88.750 31.250 1.650
vertex 88.250 31.250 1.700
vertex 88.250 31.250 1.650
endloop
endfacet
facet normal 0 0 0
outer loop
vertex 88.250 31.250 1.650
vertex 88.250 31.250 1.700
vertex 88.250 30.250 1.700
endloop
endfacet
facet normal 0 0 0
outer loop
vertex 88.250 31.250 1.650
vertex 88.250 30.250 1.700
vertex 88.250 30.250 1.650
endloop
endfacet
facet normal 0 0 0
outer loop
vertex 88.250 30.750 1.650
vertex 98.750 30.750 1.650
vertex 98.750 31.250 1.650
endloop
endfacet
facet normal 0 0 0
outer loop
vertex 88.250 30.750 1.650
vertex 98.750 31.250 1.650
vertex 88.250 31.250 1.650
endloop
endfacet
facet normal 0 0 0
outer loop
vertex 88.250 30.750 1.700
vertex 98.750 31.250 1.700
vertex 98.750 30.750 1.700
endloop
endfacet
facet normal 0 0 0
outer loop
vertex 88.250 30.750 1.700
vertex 98.750 30.750 1.700
vertex 88.250 30.750 1.700
endloop
endfacet
facet normal 0 0 0
outer loop
vertex 88.250 30.750 1.650
vertex 88.250 30.750 1.700
vertex 98.750 30.750 1.700
endloop
endfacet
facet normal 0 0 0
outer loop
vertex 88.250 30.750 1.650
vertex 98.750 30.750 1.700
vertex 98.750 30.750 1.650
endloop
endfacet
facet normal 0 0 0
outer loop
vertex 98.750 30.750 1.650
vertex 98.750 30.750 1.700
vertex 98.750 31.250 1.700
endloop
endfacet
facet normal 0 0 0
outer loop
vertex 98.750 30.750 1.650
vertex 98.750 31.250 1.700
vertex 98.750 31.250 1.650
endloop
endfacet
facet normal 0 0 0
outer loop
vertex 98.750 31.250 1.650
vertex 98.750 31.250 1.700
vertex 88.250 31.250 1.700
endloop
endfacet
facet normal 0 0 0
outer loop
vertex 98.750 31.250 1.650
vertex 88.250 31.250 1.700
vertex 88.250 31.250 1.650
endloop
endfacet
facet normal 0 0 0
outer loop
vertex 88.250 31.250 1.650
vertex 88.250 31.250 1.700
vertex 88.250 30.750 1.700
endloop
endfacet
facet normal 0 0 0
outer loop
vertex 88.250 31.250 1.650
vertex 88.250 30.750 1.700
vertex 88.250 30.750 1.650
endloop
endfacet
facet normal 0 0 0
outer loop
vertex 98.250 22.000 1.650
vertex 98.750 22.000 1.650
vertex 98.750 31.250 1.650
endloop
endfacet
facet normal 0 0 0
outer loop
vertex 98.250 22.000 1.650
vertex 98.750 31.250 1.650
vertex 98.250 31.250 1.650
endloop
endfacet
facet normal 0 0 0
outer loop
vertex 98.250 22.000 1.700
vertex 98.750 31.250 1.700
vertex 98.750 22.000 1.700
endloop
endfacet
facet normal 0 0 0
outer loop
vertex 98.250 22.000 1.700
vertex 98.750 22.000 1.700
vertex 98.250 22.000 1.700
endloop
endfacet
facet normal 0 0 0
outer loop
vertex 98.250 22.000 1.650
vertex 98.250 22.000 1.700
vertex 98.750 22.000 1.700
endloop
endfacet
facet normal 0 0 0
outer loop
vertex 98.250 22.000 1.650
vertex 98.750 22.000 1.700
vertex 98.750 22.000 1.650
endloop
endfacet
facet normal 0 0 0
outer loop
vertex 98.750 22.000 1.650
vertex 98.750 22.000 1.700
vertex 98.750 31.250 1.700
endloop
endfacet
facet normal 0 0 0
outer loop
vertex 98.750 22.000 1.650
vertex 98.750 31.250 1.700
vertex 98.750 31.250 1.650
endloop
endfacet
facet normal 0 0 0
outer loop
vertex 98.750 31.250 1.650
vertex 98.750 31.250 1.700
vertex 98.250 31.250 1.700
endloop
endfacet
facet normal 0 0 0
outer loop
vertex 98.750 31.250 1.650
vertex 98.250 31.250 1.700
vertex 98.250 31.250 1.650
endloop
endfacet
facet normal 0 0 0
outer loop
vertex 98.250 31.250 1.650
vertex 98.250 31.250 1.700
vertex 98.250 22.000 1.700
endloop
endfacet
facet normal 0 0 0
outer loop
vertex 98.250 31.250 1.650
vertex 98.250 22.000 1.700
vertex 98.250 22.000 1.650
endloop
endfacet
facet normal 0 0 0
outer loop
vertex 98.250 22.000 1.650
vertex 102.000 22.000 1.650
vertex 102.000 22.500 1.650
endloop
endfacet
facet normal 0 0 0
outer loop
vertex 98.250 22.000 1.650
vertex 102.000 22.500 1.650
vertex 98.250 22.500 1.650
endloop
endfacet
facet normal 0 0 0
outer loop
vertex 98.250 22.000 1.700
vertex 102.000 22.500 1.700
vertex 102.000 22.000 1.700
endloop
endfacet
facet normal 0 0 0
outer loop
vertex 98.250 22.000 1.700
vertex 102.000 22.000 1.700
vertex 98.250 22.000 1.700
endloop
endfacet
facet normal 0 0 0
outer loop
vertex 98.250 22.000 1.650
vertex 98.250 22.000 1.700
vertex 102.000 22.000 1.700
endloop
endfacet
facet normal 0 0 0
outer loop
vertex 98.250 22.000 1.650
vertex 102.000 22.000 1.700
vertex 102.000 22.000 1.650
endloop
endfacet
facet normal 0 0 0
outer loop
vertex 102.000 22.000 1.650
vertex 102.000 22.000 1.700
vertex 102.000 22.500 1.700
endloop
endfacet
facet normal 0 0 0
outer loop
vertex 102.000 22.000 1.650
vertex 102.000 22.500 1.700
vertex 102.000 22.500 1.650
endloop
endfacet
facet normal 0 0 0
outer loop
vertex 102.000 22.500 1.650
vertex 102.000 22.500 1.700
vertex 98.250 22.500 1.700
endloop
endfacet
facet normal 0 0 0
outer loop
vertex 102.000 22.500 1.650
vertex 98.250 22.500 1.700
vertex 98.250 22.500 1.650
endloop
endfacet
facet normal 0 0 0
outer loop
vertex 98.250 22.500 1.650
vertex 98.250 22.500 1.700
vertex 98.250 22.000 1.700
endloop
endfacet
facet normal 0 0 0
outer loop
vertex 98.250 22.500 1.650
vertex 98.250 22.000 1.700
vertex 98.250 22.000 1.650
endloop
endfacet
facet normal 0 0 0
outer loop
vertex 101.500 18.500 1.650
vertex 102.000 18.500 1.650
vertex 102.000 22.500 1.650
endloop
endfacet
facet normal 0 0 0
outer loop
vertex 101.500 18.500 1.650
vertex 102.000 22.500 1.650
vertex 101.500 22.500 1.650
endloop
endfacet
facet normal 0 0 0
outer loop
vertex 101.500 18.500 1.700
vertex 102.000 22.500 1.700
vertex 102.000 18.500 1.700
endloop
endfacet
facet normal 0 0 0
outer loop
vertex 101.500 18.500 1.700
vertex 102.000 18.500 1.700
vertex 101.500 18.500 1.700
endloop
endfacet
facet normal 0 0 0
outer loop
vertex 101.500 18.500 1.650
vertex 101.500 18.500 1.700
vertex 102.000 18.500 1.700
endloop
endfacet
facet normal 0 0 0
outer loop
vertex 101.500 18.500 1.650
vertex 102.000 18.500 1.700
vertex 102.000 18.500 1.650
endloop
endfacet
facet normal 0 0 0
outer loop
vertex 102.000 18.500 1.650
vertex 102.000 18.500 1.700
vertex 102.000 22.500 1.700
endloop
endfacet
facet normal 0 0 0
outer loop
vertex 102.000 18.500 1.650
vertex 102.000 22.500 1.700
vertex 102.000 22.500 1.650
endloop
endfacet
facet normal 0 0 0
outer loop
vertex 102.000 22.500 1.650
vertex 102.000 22.500 1.700
vertex 101.500 22.500 1.700
endloop
endfacet
facet normal 0 0 0
outer loop
vertex 102.000 22.500 1.650
vertex 101.500 22.500 1.700
vertex 101.500 22.500 1.650
endloop
endfacet
facet normal 0 0 0
outer loop
vertex 101.500 22.500 1.650
vertex 101.500 22.500 1.700
vertex 101.500 18.500 1.700
endloop
endfacet
facet normal 0 0 0
outer loop
vertex 101.500 22.500 1.650
vertex 101.500 18.500 1.700
vertex 101.500 18.500 1.650
endloop
endfacet
facet normal 0 0 0
outer loop
vertex 87.750 18.500 1.650
vertex 102.000 18.500 1.650
vertex 102.000 19.000 1.650
endloop
endfacet
facet normal 0 0 0
outer loop
vertex 87.750 18.500 1.650
vertex 102.000 19.000 1.650
vertex 87.750 19.000 1.650
endloop
endfacet
facet normal 0 0 0
outer loop
vertex 87.750 18.500 1.700
vertex 102.000 19.000 1.700
vertex 102.000 18.500 1.700
endloop
endfacet
facet normal 0 0 0
outer loop
vertex 87.750 18.500 1.700
vertex 102.000 18.500 1.700
vertex 87.750 18.500 1.700
endloop
endfacet
facet normal 0 0 0
outer loop
vertex 87.750 18.500 1.650
vertex 87.750 18.500 1.700
vertex 102.000 18.500 1.700
endloop
endfacet
facet normal 0 0 0
outer loop
vertex 87.750 18.500 1.650
vertex 102.000 18.500 1.700
vertex 102.000 18.500 1.650
endloop
endfacet
facet normal 0 0 0
outer loop
vertex 102.000 18.500 1.650
vertex 102.000 18.500 1.700
vertex 102.000 19.000 1.700
endloop
endfacet
facet normal 0 0 0
outer loop
vertex 102.000 18.500 1.650
vertex 102.000 19.000 1.700
vertex 102.000 19.000 1.650
endloop
endfacet
facet normal 0 0 0
outer loop
vertex 102.000 19.000 1.650
vertex 102.000 19.000 1.700
vertex 87.750 19.000 1.700
endloop
endfacet
facet normal 0 0 0
outer loop
vertex 102.000 19.000 1.650
vertex 87.750 19.000 1.700
vertex 87.750 19.000 1.650
endloop
endfacet
facet normal 0 0 0
outer loop
vertex 87.750 19.000 1.650
vertex 87.750 19.000 1.700
vertex 87.750 18.500 1.700
endloop
endfacet
facet normal 0 0 0
outer loop
vertex 87.750 19.000 1.650
vertex 87.750 18.500 1.700
vertex 87.750 18.500 1.650
endloop
endfacet
facet normal 0 0 0
outer loop
vertex 87.750 18.500 1.650
vertex 88.250 18.500 1.650
vertex 88.250 20.750 1.650
endloop
endfacet
facet normal 0 0 0
outer loop
vertex 87.750 18.500 1.650
vertex 88.250 20.750 1.650
vertex 87.750 20.750 1.650
endloop
endfacet
facet normal 0 0 0
outer loop
vertex 87.750 18.500 1.700
vertex 88.250 20.750 1.700
vertex 88.250 18.500 1.700
endloop
endfacet
facet normal 0 0 0
outer loop
vertex 87.750 18.500 1.700
vertex 88.250 18.500 1.700
vertex 87.750 18.500 1.700
endloop
endfacet
facet normal 0 0 0
outer loop
vertex 87.750 18.500 1.650
vertex 87.750 18.500 1.700
vertex 88.250 18.500 1.700
endloop
endfacet
facet normal 0 0 0
outer loop
vertex 87.750 18.500 1.650
vertex 88.250 18.500 1.700
vertex 88.250 18.500 1.650
endloop
endfacet
facet normal 0 0 0
outer loop
vertex 88.250 18.500 1.650
vertex 88.250 18.500 1.700
vertex 88.250 20.750 1.700
endloop
endfacet
facet normal 0 0 0
outer loop
vertex 88.250 18.500 1.650
vertex 88.250 20.750 1.700
vertex 88.250 20.750 1.650
endloop
endfacet
facet normal 0 0 0
outer loop
vertex 88.250 20.750 1.650
vertex 88.250 20.750 1.700
vertex 87.750 20.750 1.700
endloop
endfacet
facet normal 0 0 0
outer loop
vertex 88.250 20.750 1.650
vertex 87.750 20.750 1.700
vertex 87.750 20.750 1.650
endloop
endfacet
facet normal 0 0 0
outer loop
vertex 87.750 20.750 1.650
vertex 87.750 20.750 1.700
vertex 87.750 18.500 1.700
endloop
endfacet
facet normal 0 0 0
outer loop
vertex 87.750 20.750 1.650
vertex 87.750 18.500 1.700
vertex 87.750 18.500 1.650
endloop
endfacet
facet normal 0 0 0
outer loop
vertex 87.750 18.500 1.650
vertex 88.250 18.500 1.650
vertex 88.250 20.750 1.650
endloop
endfacet
facet normal 0 0 0
outer loop
vertex 87.750 18.500 1.650
vertex 88.250 20.750 1.650
vertex 87.750 20.750 1.650
endloop
endfacet
facet normal 0 0 0
outer loop
vertex 87.750 18.500 1.700
vertex 88.250 20.750 1.700
vertex 88.250 18.500 1.700
endloop
endfacet
facet normal 0 0 0
outer loop
vertex 87.750 18.500 1.700
vertex 88.250 18.500 1.700
vertex 87.750 18.500 1.700
endloop
endfacet
facet normal 0 0 0
outer loop
vertex 87.750 18.500 1.650
vertex 87.750 18.500 1.700
vertex 88.250 18.500 1.700
endloop
endfacet
facet normal 0 0 0
outer loop
vertex 87.750 18.500 1.650
vertex 88.250 18.500 1.700
vertex 88.250 18.500 1.650
endloop
endfacet
facet normal 0 0 0
outer loop
vertex 88.250 18.500 1.650
vertex 88.250 18.500 1.700
vertex 88.250 20.750 1.700
endloop
endfacet
facet normal 0 0 0
outer loop
vertex 88.250 18.500 1.650
vertex 88.250 20.750 1.700
vertex 88.250 20.750 1.650
endloop
endfacet
facet normal 0 0 0
outer loop
vertex 88.250 20.750 1.650
vertex 88.250 20.750 1.700
vertex 87.750 20.750 1.700
endloop
endfacet
facet normal 0 0 0
outer loop
vertex 88.250 20.750 1.650
vertex 87.750 20.750 1.700
vertex 87.750 20.750 1.650
endloop
endfacet
facet normal 0 0 0
outer loop
vertex 87.750 20.750 1.650
vertex 87.750 20.750 1.700
vertex 87.750 18.500 1.700
endloop
endfacet
facet normal 0 0 0
outer loop
vertex 87.750 20.750 1.650
vertex 87.750 18.500 1.700
vertex 87.750 18.500 1.650
endloop
endfacet
facet normal 0 0 0
outer loop
vertex 87.750 18.500 1.650
vertex 100.250 18.500 1.650
vertex 100.250 19.000 1.650
endloop
endfacet
facet normal 0 0 0
outer loop
vertex 87.750 18.500 1.650
vertex 100.250 19.000 1.650
vertex 87.750 19.000 1.650
endloop
endfacet
facet normal 0 0 0
outer loop
vertex 87.750 18.500 1.700
vertex 100.250 19.000 1.700
vertex 100.250 18.500 1.700
endloop
endfacet
facet normal 0 0 0
outer loop
vertex 87.750 18.500 1.700
vertex 100.250 18.500 1.700
vertex 87.750 18.500 1.700
endloop
endfacet
facet normal 0 0 0
outer loop
vertex 87.750 18.500 1.650
vertex 87.750 18.500 1.700
vertex 100.250 18.500 1.700
endloop
endfacet
facet normal 0 0 0
outer loop
vertex 87.750 18.500 1.650
vertex 100.250 18.500 1.700
vertex 100.250 18.500 1.650
endloop
endfacet
facet normal 0 0 0
outer loop
vertex 100.250 18.500 1.650
vertex 100.250 18.500 1.700
vertex 100.250 19.000 1.700
endloop
endfacet
facet normal 0 0 0
outer loop
vertex 100.250 18.500 1.650
vertex 100.250 19.000 1.700
vertex 100.250 19.000 1.650
endloop
endfacet
facet normal 0 0 0
outer loop
vertex 100.250 19.000 1.650
vertex 100.250 19.000 1.700
vertex 87.750 19.000 1.700
endloop
endfacet
facet normal 0 0 0
outer loop
vertex 100.250 19.000 1.650
vertex 87.750 19.000 1.700
vertex 87.750 19.000 1.650
endloop
endfacet
facet normal 0 0 0
outer loop
vertex 87.750 19.000 1.650
vertex 87.750 19.000 1.700
vertex 87.750 18.500 1.700
endloop
endfacet
facet normal 0 0 0
outer loop
vertex 87.750 19.000 1.650
vertex 87.750 18.500 1.700
vertex 87.750 18.500 1.650
endloop
endfacet
facet normal 0 0 0
outer loop
vertex 99.750 18.500 1.650
vertex 100.250 18.500 1.650
vertex 100.250 20.750 1.650
endloop
endfacet
facet normal 0 0 0
outer loop
vertex 99.750 18.500 1.650
vertex 100.250 20.750 1.650
vertex 99.750 20.750 1.650
endloop
endfacet
facet normal 0 0 0
outer loop
vertex 99.750 18.500 1.700
vertex 100.250 20.750 1.700
vertex 100.250 18.500 1.700
endloop
endfacet
facet normal 0 0 0
outer loop
vertex 99.750 18.500 1.700
vertex 100.250 18.500 1.700
vertex 99.750 18.500 1.700
endloop
endfacet
facet normal 0 0 0
outer loop
vertex 99.750 18.500 1.650
vertex 99.750 18.500 1.700
vertex 100.250 18.500 1.700
endloop
endfacet
facet normal 0 0 0
outer loop
vertex 99.750 18.500 1.650
vertex 100.250 18.500 1.700
vertex 100.250 18.500 1.650
endloop
endfacet
facet normal 0 0 0
outer loop
vertex 100.250 18.500 1.650
vertex 100.250 18.500 1.700
vertex 100.250 20.750 1.700
endloop
endfacet
facet normal 0 0 0
outer loop
vertex 100.250 18.500 1.650
vertex 100.250 20.750 1.700
vertex 100.250 20.750 1.650
endloop
endfacet
facet normal 0 0 0
outer loop
vertex 100.250 20.750 1.650
vertex 100.250 20.750 1.700
vertex 99.750 20.750 1.700
endloop
endfacet
facet normal 0 0 0
outer loop
vertex 100.250 20.750 1.650
vertex 99.750 20.750 1.700
vertex 99.750 20.750 1.650
endloop
endfacet
facet normal 0 0 0
outer loop
vertex 99.750 20.750 1.650
vertex 99.750 20.750 1.700
vertex 99.750 18.500 1.700
endloop
endfacet
facet normal 0 0 0
outer loop
vertex 99.750 20.750 1.650
vertex 99.750 18.500 1.700
vertex 99.750 18.500 1.650
endloop
endfacet
facet normal 0 0 0
outer loop
vertex 99.750 18.500 1.650
vertex 100.250 18.500 1.650
vertex 100.250 20.750 1.650
endloop
endfacet
facet normal 0 0 0
outer loop
vertex 99.750 18.500 1.650
vertex 100.250 20.750 1.650
vertex 99.750 20.750 1.650
endloop
endfacet
facet normal 0 0 0
outer loop
vertex 99.750 18.500 1.700
vertex 100.250 20.750 1.700
vertex 100.250 18.500 1.700
endloop
endfacet
facet normal 0 0 0
outer loop
vertex 99.750 18.500 1.700
vertex 100.250 18.500 1.700
vertex 99.750 18.500 1.700
endloop
endfacet
facet normal 0 0 0
outer loop
vertex 99.750 18.500 1.650
vertex 99.750 18.500 1.700
vertex 100.250 18.500 1.700
endloop
endfacet
facet normal 0 0 0
outer loop
vertex 99.750 18.500 1.650
vertex 100.250 18.500 1.700
vertex 100.250 18.500 1.650
endloop
endfacet
facet normal 0 0 0
outer loop
vertex 100.250 18.500 1.650
vertex 100.250 18.500 1.700
vertex 100.250 20.750 1.700
endloop
endfacet
facet normal 0 0 0
outer loop
vertex 100.250 18.500 1.650
vertex 100.250 20.750 1.700
vertex 100.250 20.750 1.650
endloop
endfacet
facet normal 0 0 0
outer loop
vertex 100.250 20.750 1.650
vertex 100.250 20.750 1.700
vertex 99.750 20.750 1.700
endloop
endfacet
facet normal 0 0 0
outer loop
vertex 100.250 20.750 1.650
vertex 99.750 20.750 1.700
vertex 99.750 20.750 1.650
endloop
endfacet
facet normal 0 0 0
outer loop
vertex 99.750 20.750 1.650
vertex 99.750 20.750 1.700
vertex 99.750 18.500 1.700
endloop
endfacet
facet normal 0 0 0
outer loop
vertex 99.750 20.750 1.650
vertex 99.750 18.500 1.700
vertex 99.750 18.500 1.650
endloop
endfacet
facet normal 0 0 0
outer loop
vertex 99.750 18.500 1.650
vertex 112.250 18.500 1.650
vertex 112.250 19.000 1.650
endloop
endfacet
facet normal 0 0 0
outer loop
vertex 99.750 18.500 1.650
vertex 112.250 19.000 1.650
vertex 99.750 19.000 1.650
endloop
endfacet
facet normal 0 0 0
outer loop
vertex 99.750 18.500 1.700
vertex 112.250 19.000 1.700
vertex 112.250 18.500 1.700
endloop
endfacet
facet normal 0 0 0
outer loop
vertex 99.750 18.500 1.700
vertex 112.250 18.500 1.700
vertex 99.750 18.500 1.700
endloop
endfacet
facet normal 0 0 0
outer loop
vertex 99.750 18.500 1.650
vertex 99.750 18.500 1.700
vertex 112.250 18.500 1.700
endloop
endfacet
facet normal 0 0 0
outer loop
vertex 99.750 18.500 1.650
vertex 112.250 18.500 1.700
vertex 112.250 18.500 1.650
endloop
endfacet
facet normal 0 0 0
outer loop
vertex 112.250 18.500 1.650
vertex 112.250 18.500 1.700
vertex 112.250 19.000 1.700
endloop
endfacet
facet normal 0 0 0
outer loop
vertex 112.250 18.500 1.650
vertex 112.250 19.000 1.700
vertex 112.250 19.000 1.650
endloop
endfacet
facet normal 0 0 0
outer loop
vertex 112.250 19.000 1.650
vertex 112.250 19.000 1.700
vertex 99.750 19.000 1.700
endloop
endfacet
facet normal 0 0 0
outer loop
vertex 112.250 19.000 1.650
vertex 99.750 19.000 1.700
vertex 99.750 19.000 1.650
endloop
endfacet
facet normal 0 0 0
outer loop
vertex 99.750 19.000 1.650
vertex 99.750 19.000 1.700
vertex 99.750 18.500 1.700
endloop
endfacet
facet normal 0 0 0
outer loop
vertex 99.750 19.000 1.650
vertex 99.750 18.500 1.700
vertex 99.750 18.500 1.650
endloop
endfacet
facet normal 0 0 0
outer loop
vertex 111.750 18.500 1.650
vertex 112.250 18.500 1.650
vertex 112.250 24.750 1.650
endloop
endfacet
facet normal 0 0 0
outer loop
vertex 111.750 18.500 1.650
vertex 112.250 24.750 1.650
vertex 111.750 24.750 1.650
endloop
endfacet
facet normal 0 0 0
outer loop
vertex 111.750 18.500 1.700
vertex 112.250 24.750 1.700
vertex 112.250 18.500 1.700
endloop
endfacet
facet normal 0 0 0
outer loop
vertex 111.750 18.500 1.700
vertex 112.250 18.500 1.700
vertex 111.750 18.500 1.700
endloop
endfacet
facet normal 0 0 0
outer loop
vertex 111.750 18.500 1.650
vertex 111.750 18.500 1.700
vertex 112.250 18.500 1.700
endloop
endfacet
facet normal 0 0 0
outer loop
vertex 111.750 18.500 1.650
vertex 112.250 18.500 1.700
vertex 112.250 18.500 1.650
endloop
endfacet
facet normal 0 0 0
outer loop
vertex 112.250 18.500 1.650
vertex 112.250 18.500 1.700
vertex 112.250 24.750 1.700
endloop
endfacet
facet normal 0 0 0
outer loop
vertex 112.250 18.500 1.650
vertex 112.250 24.750 1.700
vertex 112.250 24.750 1.650
endloop
endfacet
facet normal 0 0 0
outer loop
vertex 112.250 24.750 1.650
vertex 112.250 24.750 1.700
vertex 111.750 24.750 1.700
endloop
endfacet
facet normal 0 0 0
outer loop
vertex 112.250 24.750 1.650
vertex 111.750 24.750 1.700
vertex 111.750 24.750 1.650
endloop
endfacet
facet normal 0 0 0
outer loop
vertex 111.750 24.750 1.650
vertex 111.750 24.750 1.700
vertex 111.750 18.500 1.700
endloop
endfacet
facet normal 0 0 0
outer loop
vertex 111.750 24.750 1.650
vertex 111.750 18.500 1.700
vertex 111.750 18.500 1.650
endloop
endfacet
facet normal 0 0 0
outer loop
vertex 111.750 24.250 1.650
vertex 119.250 24.250 1.650
vertex 119.250 24.750 1.650
endloop
endfacet
facet normal 0 0 0
outer loop
vertex 111.750 24.250 1.650
vertex 119.250 24.750 1.650
vertex 111.750 24.750 1.650
endloop
endfacet
facet normal 0 0 0
outer loop
vertex 111.750 24.250 1.700
vertex 119.250 24.750 1.700
vertex 119.250 24.250 1.700
endloop
endfacet
facet normal 0 0 0
outer loop
vertex 111.750 24.250 1.700
vertex 119.250 24.250 1.700
vertex 111.750 24.250 1.700
endloop
endfacet
facet normal 0 0 0
outer loop
vertex 111.750 24.250 1.650
vertex 111.750 24.250 1.700
vertex 119.250 24.250 1.700
endloop
endfacet
facet normal 0 0 0
outer loop
vertex 111.750 24.250 1.650
vertex 119.250 24.250 1.700
vertex 119.250 24.250 1.650
endloop
endfacet
facet normal 0 0 0
outer loop
vertex 119.250 24.250 1.650
vertex 119.250 24.250 1.700
vertex 119.250 24.750 1.700
endloop
endfacet
facet normal 0 0 0
outer loop
vertex 119.250 24.250 1.650
vertex 119.250 24.750 1.700
vertex 119.250 24.750 1.650
endloop
endfacet
facet normal 0 0 0
outer loop
vertex 119.250 24.750 1.650
vertex 119.250 24.750 1.700
vertex 111.750 24.750 1.700
endloop
endfacet
facet normal 0 0 0
outer loop
vertex 119.250 24.750 1.650
vertex 111.750 24.750 1.700
vertex 111.750 24.750 1.650
endloop
endfacet
facet normal 0 0 0
outer loop
vertex 111.750 24.750 1.650
vertex 111.750 24.750 1.700
vertex 111.750 24.250 1.700
endloop
endfacet
facet normal 0 0 0
outer loop
vertex 111.750 24.750 1.650
vertex 111.750 24.250 1.700
vertex 111.750 24.250 1.650
endloop
endfacet
facet normal 0 0 0
outer loop
vertex 118.750 24.250 1.650
vertex 119.250 24.250 1.650
vertex 119.250 26.500 1.650
endloop
endfacet
facet normal 0 0 0
outer loop
vertex 118.750 24.250 1.650
vertex 119.250 26.500 1.650
vertex 118.750 26.500 1.650
endloop
endfacet
facet normal 0 0 0
outer loop
vertex 118.750 24.250 1.700
vertex 119.250 26.500 1.700
vertex 119.250 24.250 1.700
endloop
endfacet
facet normal 0 0 0
outer loop
vertex 118.750 24.250 1.700
vertex 119.250 24.250 1.700
vertex 118.750 24.250 1.700
endloop
endfacet
facet normal 0 0 0
outer loop
vertex 118.750 24.250 1.650
vertex 118.750 24.250 1.700
vertex 119.250 24.250 1.700
endloop
endfacet
facet normal 0 0 0
outer loop
vertex 118.750 24.250 1.650
vertex 119.250 24.250 1.700
vertex 119.250 24.250 1.650
endloop
endfacet
facet normal 0 0 0
outer loop
vertex 119.250 24.250 1.650
vertex 119.250 24.250 1.700
vertex 119.250 26.500 1.700
endloop
endfacet
facet normal 0 0 0
outer loop
vertex 119.250 24.250 1.650
vertex 119.250 26.500 1.700
vertex 119.250 26.500 1.650
endloop
endfacet
facet normal 0 0 0
outer loop
vertex 119.250 26.500 1.650
vertex 119.250 26.500 1.700
vertex 118.750 26.500 1.700
endloop
endfacet
facet normal 0 0 0
outer loop
vertex 119.250 26.500 1.650
vertex 118.750 26.500 1.700
vertex 118.750 26.500 1.650
endloop
endfacet
facet normal 0 0 0
outer loop
vertex 118.750 26.500 1.650
vertex 118.750 26.500 1.700
vertex 118.750 24.250 1.700
endloop
endfacet
facet normal 0 0 0
outer loop
vertex 118.750 26.500 1.650
vertex 118.750 24.250 1.700
vertex 118.750 24.250 1.650
endloop
endfacet
facet normal 0 0 0
outer loop
vertex 118.250 26.000 1.650
vertex 119.250 26.000 1.650
vertex 119.250 26.500 1.650
endloop
endfacet
facet normal 0 0 0
outer loop
vertex 118.250 26.000 1.650
vertex 119.250 26.500 1.650
vertex 118.250 26.500 1.650
endloop
endfacet
facet normal 0 0 0
outer loop
vertex 118.250 26.000 1.700
vertex 119.250 26.500 1.700
vertex 119.250 26.000 1.700
endloop
endfacet
facet normal 0 0 0
outer loop
vertex 118.250 26.000 1.700
vertex 119.250 26.000 1.700
vertex 118.250 26.000 1.700
endloop
endfacet
facet normal 0 0 0
outer loop
vertex 118.250 26.000 1.650
vertex 118.250 26.000 1.700
vertex 119.250 26.000 1.700
endloop
endfacet
facet normal 0 0 0
outer loop
vertex 118.250 26.000 1.650
vertex 119.250 26.000 1.700
vertex 119.250 26.000 1.650
endloop
endfacet
facet normal 0 0 0
outer loop
vertex 119.250 26.000 1.650
vertex 119.250 26.000 1.700
vertex 119.250 26.500 1.700
endloop
endfacet
facet normal 0 0 0
outer loop
vertex 119.250 26.000 1.650
vertex 119.250 26.500 1.700
vertex 119.250 26.500 1.650
endloop
endfacet
facet normal 0 0 0
outer loop
vertex 119.250 26.500 1.650
vertex 119.250 26.500 1.700
vertex 118.250 26.500 1.700
endloop
endfacet
facet normal 0 0 0
outer loop
vertex 119.250 26.500 1.650
vertex 118.250 26.500 1.700
vertex 118.250 26.500 1.650
endloop
endfacet
facet normal 0 0 0
outer loop
vertex 118.250 26.500 1.650
vertex 118.250 26.500 1.700
vertex 118.250 26.000 1.700
endloop
endfacet
facet normal 0 0 0
outer loop
vertex 118.250 26.500 1.650
vertex 118.250 26.000 1.700
vertex 118.250 26.000 1.650
endloop
endfacet
facet normal 0 0 0
outer loop
vertex 118.250 25.750 1.650
vertex 118.750 25.750 1.650
vertex 118.750 26.500 1.650
endloop
endfacet
facet normal 0 0 0
outer loop
vertex 118.250 25.750 1.650
vertex 118.750 26.500 1.650
vertex 118.250 26.500 1.650
endloop
endfacet
facet normal 0 0 0
outer loop
vertex 118.250 25.750 1.700
vertex 118.750 26.500 1.700
vertex 118.750 25.750 1.700
endloop
endfacet
facet normal 0 0 0
outer loop
vertex 118.250 25.750 1.700
vertex 118.750 25.750 1.700
vertex 118.250 25.750 1.700
endloop
endfacet
facet normal 0 0 0
outer loop
vertex 118.250 25.750 1.650
vertex 118.250 25.750 1.700
vertex 118.750 25.750 1.700
endloop
endfacet
facet normal 0 0 0
outer loop
vertex 118.250 25.750 1.650
vertex 118.750 25.750 1.700
vertex 118.750 25.750 1.650
endloop
endfacet
facet normal 0 0 0
outer loop
vertex 118.750 25.750 1.650
vertex 118.750 25.750 1.700
vertex 118.750 26.500 1.700
endloop
endfacet
facet normal 0 0 0
outer loop
vertex 118.750 25.750 1.650
vertex 118.750 26.500 1.700
vertex 118.750 26.500 1.650
endloop
endfacet
facet normal 0 0 0
outer loop
vertex 118.750 26.500 1.650
vertex 118.750 26.500 1.700
vertex 118.250 26.500 1.700
endloop
endfacet
facet normal 0 0 0
outer loop
vertex 118.750 26.500 1.650
vertex 118.250 26.500 1.700
vertex 118.250 26.500 1.650
endloop
endfacet
facet normal 0 0 0
outer loop
vertex 118.250 26.500 1.650
vertex 118.250 26.500 1.700
vertex 118.250 25.750 1.700
endloop
endfacet
facet normal 0 0 0
outer loop
vertex 118.250 26.500 1.650
vertex 118.250 25.750 1.700
vertex 118.250 25.750 1.650
endloop
endfacet
facet normal 0 0 0
outer loop
vertex 118.250 25.750 1.650
vertex 118.750 25.750 1.650
vertex 118.750 26.500 1.650
endloop
endfacet
facet normal 0 0 0
outer loop
vertex 118.250 25.750 1.650
vertex 118.750 26.500 1.650
vertex 118.250 26.500 1.650
endloop
endfacet
facet normal 0 0 0
outer loop
vertex 118.250 25.750 1.700
vertex 118.750 26.500 1.700
vertex 118.750 25.750 1.700
endloop
endfacet
facet normal 0 0 0
outer loop
vertex 118.250 25.750 1.700
vertex 118.750 25.750 1.700
vertex 118.250 25.750 1.700
endloop
endfacet
facet normal 0 0 0
outer loop
vertex 118.250 25.750 1.650
vertex 118.250 25.750 1.700
vertex 118.750 25.750 1.700
endloop
endfacet
facet normal 0 0 0
outer loop
vertex 118.250 25.750 1.650
vertex 118.750 25.750 1.700
vertex 118.750 25.750 1.650
endloop
endfacet
facet normal 0 0 0
outer loop
vertex 118.750 25.750 1.650
vertex 118.750 25.750 1.700
vertex 118.750 26.500 1.700
endloop
endfacet
facet normal 0 0 0
outer loop
vertex 118.750 25.750 1.650
vertex 118.750 26.500 1.700
vertex 118.750 26.500 1.650
endloop
endfacet
facet normal 0 0 0
outer loop
vertex 118.750 26.500 1.650
vertex 118.750 26.500 1.700
vertex 118.250 26.500 1.700
endloop
endfacet
facet normal 0 0 0
outer loop
vertex 118.750 26.500 1.650
vertex 118.250 26.500 1.700
vertex 118.250 26.500 1.650
endloop
endfacet
facet normal 0 0 0
outer loop
vertex 118.250 26.500 1.650
vertex 118.250 26.500 1.700
vertex 118.250 25.750 1.700
endloop
endfacet
facet normal 0 0 0
outer loop
vertex 118.250 26.500 1.650
vertex 118.250 25.750 1.700
vertex 118.250 25.750 1.650
endloop
endfacet
facet normal 0 0 0
outer loop
vertex 118.250 26.000 1.650
vertex 119.250 26.000 1.650
vertex 119.250 26.500 1.650
endloop
endfacet
facet normal 0 0 0
outer loop
vertex 118.250 26.000 1.650
vertex 119.250 26.500 1.650
vertex 118.250 26.500 1.650
endloop
endfacet
facet normal 0 0 0
outer loop
vertex 118.250 26.000 1.700
vertex 119.250 26.500 1.700
vertex 119.250 26.000 1.700
endloop
endfacet
facet normal 0 0 0
outer loop
vertex 118.250 26.000 1.700
vertex 119.250 26.000 1.700
vertex 118.250 26.000 1.700
endloop
endfacet
facet normal 0 0 0
outer loop
vertex 118.250 26.000 1.650
vertex 118.250 26.000 1.700
vertex 119.250 26.000 1.700
endloop
endfacet
facet normal 0 0 0
outer loop
vertex 118.250 26.000 1.650
vertex 119.250 26.000 1.700
vertex 119.250 26.000 1.650
endloop
endfacet
facet normal 0 0 0
outer loop
vertex 119.250 26.000 1.650
vertex 119.250 26.000 1.700
vertex 119.250 26.500 1.700
endloop
endfacet
facet normal 0 0 0
outer loop
vertex 119.250 26.000 1.650
vertex 119.250 26.500 1.700
vertex 119.250 26.500 1.650
endloop
endfacet
facet normal 0 0 0
outer loop
vertex 119.250 26.500 1.650
vertex 119.250 26.500 1.700
vertex 118.250 26.500 1.700
endloop
endfacet
facet normal 0 0 0
outer loop
vertex 119.250 26.500 1.650
vertex 118.250 26.500 1.700
vertex 118.250 26.500 1.650
endloop
endfacet
facet normal 0 0 0
outer loop
vertex 118.250 26.500 1.650
vertex 118.250 26.500 1.700
vertex 118.250 26.000 1.700
endloop
endfacet
facet normal 0 0 0
outer loop
vertex 118.250 26.500 1.650
vertex 118.250 26.000 1.700
vertex 118.250 26.000 1.650
endloop
endfacet
facet normal 0 0 0
outer loop
vertex 118.750 24.250 1.650
vertex 119.250 24.250 1.650
vertex 119.250 26.500 1.650
endloop
endfacet
facet normal 0 0 0
outer loop
vertex 118.750 24.250 1.650
vertex 119.250 26.500 1.650
vertex 118.750 26.500 1.650
endloop
endfacet
facet normal 0 0 0
outer loop
vertex 118.750 24.250 1.700
vertex 119.250 26.500 1.700
vertex 119.250 24.250 1.700
endloop
endfacet
facet normal 0 0 0
outer loop
vertex 118.750 24.250 1.700
vertex 119.250 24.250 1.700
vertex 118.750 24.250 1.700
endloop
endfacet
facet normal 0 0 0
outer loop
vertex 118.750 24.250 1.650
vertex 118.750 24.250 1.700
vertex 119.250 24.250 1.700
endloop
endfacet
facet normal 0 0 0
outer loop
vertex 118.750 24.250 1.650
vertex 119.250 24.250 1.700
vertex 119.250 24.250 1.650
endloop
endfacet
facet normal 0 0 0
outer loop
vertex 119.250 24.250 1.650
vertex 119.250 24.250 1.700
vertex 119.250 26.500 1.700
endloop
endfacet
facet normal 0 0 0
outer loop
vertex 119.250 24.250 1.650
vertex 119.250 26.500 1.700
vertex 119.250 26.500 1.650
endloop
endfacet
facet normal 0 0 0
outer loop
vertex 119.250 26.500 1.650
vertex 119.250 26.500 1.700
vertex 118.750 26.500 1.700
endloop
endfacet
facet normal 0 0 0
outer loop
vertex 119.250 26.500 1.650
vertex 118.750 26.500 1.700
vertex 118.750 26.500 1.650
endloop
endfacet
facet normal 0 0 0
outer loop
vertex 118.750 26.500 1.650
vertex 118.750 26.500 1.700
vertex 118.750 24.250 1.700
endloop
endfacet
facet normal 0 0 0
outer loop
vertex 118.750 26.500 1.650
vertex 118.750 24.250 1.700
vertex 118.750 24.250 1.650
endloop
endfacet
facet normal 0 0 0
outer loop
vertex 112.000 24.250 1.650
vertex 119.250 24.250 1.650
vertex 119.250 24.750 1.650
endloop
endfacet
facet normal 0 0 0
outer loop
vertex 112.000 24.250 1.650
vertex 119.250 24.750 1.650
vertex 112.000 24.750 1.650
endloop
endfacet
facet normal 0 0 0
outer loop
vertex 112.000 24.250 1.700
vertex 119.250 24.750 1.700
vertex 119.250 24.250 1.700
endloop
endfacet
facet normal 0 0 0
outer loop
vertex 112.000 24.250 1.700
vertex 119.250 24.250 1.700
vertex 112.000 24.250 1.700
endloop
endfacet
facet normal 0 0 0
outer loop
vertex 112.000 24.250 1.650
vertex 112.000 24.250 1.700
vertex 119.250 24.250 1.700
endloop
endfacet
facet normal 0 0 0
outer loop
vertex 112.000 24.250 1.650
vertex 119.250 24.250 1.700
vertex 119.250 24.250 1.650
endloop
endfacet
facet normal 0 0 0
outer loop
vertex 119.250 24.250 1.650
vertex 119.250 24.250 1.700
vertex 119.250 24.750 1.700
endloop
endfacet
facet normal 0 0 0
outer loop
vertex 119.250 24.250 1.650
vertex 119.250 24.750 1.700
vertex 119.250 24.750 1.650
endloop
endfacet
facet normal 0 0 0
outer loop
vertex 119.250 24.750 1.650
vertex 119.250 24.750 1.700
vertex 112.000 24.750 1.700
endloop
endfacet
facet normal 0 0 0
outer loop
vertex 119.250 24.750 1.650
vertex 112.000 24.750 1.700
vertex 112.000 24.750 1.650
endloop
endfacet
facet normal 0 0 0
outer loop
vertex 112.000 24.750 1.650
vertex 112.000 24.750 1.700
vertex 112.000 24.250 1.700
endloop
endfacet
facet normal 0 0 0
outer loop
vertex 112.000 24.750 1.650
vertex 112.000 24.250 1.700
vertex 112.000 24.250 1.650
endloop
endfacet
facet normal 0 0 0
outer loop
vertex 112.000 24.250 1.650
vertex 112.500 24.250 1.650
vertex 112.500 32.750 1.650
endloop
endfacet
facet normal 0 0 0
outer loop
vertex 112.000 24.250 1.650
vertex 112.500 32.750 1.650
vertex 112.000 32.750 1.650
endloop
endfacet
facet normal 0 0 0
outer loop
vertex 112.000 24.250 1.700
vertex 112.500 32.750 1.700
vertex 112.500 24.250 1.700
endloop
endfacet
facet normal 0 0 0
outer loop
vertex 112.000 24.250 1.700
vertex 112.500 24.250 1.700
vertex 112.000 24.250 1.700
endloop
endfacet
facet normal 0 0 0
outer loop
vertex 112.000 24.250 1.650
vertex 112.000 24.250 1.700
vertex 112.500 24.250 1.700
endloop
endfacet
facet normal 0 0 0
outer loop
vertex 112.000 24.250 1.650
vertex 112.500 24.250 1.700
vertex 112.500 24.250 1.650
endloop
endfacet
facet normal 0 0 0
outer loop
vertex 112.500 24.250 1.650
vertex 112.500 24.250 1.700
vertex 112.500 32.750 1.700
endloop
endfacet
facet normal 0 0 0
outer loop
vertex 112.500 24.250 1.650
vertex 112.500 32.750 1.700
vertex 112.500 32.750 1.650
endloop
endfacet
facet normal 0 0 0
outer loop
vertex 112.500 32.750 1.650
vertex 112.500 32.750 1.700
vertex 112.000 32.750 1.700
endloop
endfacet
facet normal 0 0 0
outer loop
vertex 112.500 32.750 1.650
vertex 112.000 32.750 1.700
vertex 112.000 32.750 1.650
endloop
endfacet
facet normal 0 0 0
outer loop
vertex 112.000 32.750 1.650
vertex 112.000 32.750 1.700
vertex 112.000 24.250 1.700
endloop
endfacet
facet normal 0 0 0
outer loop
vertex 112.000 32.750 1.650
vertex 112.000 24.250 1.700
vertex 112.000 24.250 1.650
endloop
endfacet
facet normal 0 0 0
outer loop
vertex 112.000 32.250 1.650
vertex 129.750 32.250 1.650
vertex 129.750 32.750 1.650
endloop
endfacet
facet normal 0 0 0
outer loop
vertex 112.000 32.250 1.650
vertex 129.750 32.750 1.650
vertex 112.000 32.750 1.650
endloop
endfacet
facet normal 0 0 0
outer loop
vertex 112.000 32.250 1.700
vertex 129.750 32.750 1.700
vertex 129.750 32.250 1.700
endloop
endfacet
facet normal 0 0 0
outer loop
vertex 112.000 32.250 1.700
vertex 129.750 32.250 1.700
vertex 112.000 32.250 1.700
endloop
endfacet
facet normal 0 0 0
outer loop
vertex 112.000 32.250 1.650
vertex 112.000 32.250 1.700
vertex 129.750 32.250 1.700
endloop
endfacet
facet normal 0 0 0
outer loop
vertex 112.000 32.250 1.650
vertex 129.750 32.250 1.700
vertex 129.750 32.250 1.650
endloop
endfacet
facet normal 0 0 0
outer loop
vertex 129.750 32.250 1.650
vertex 129.750 32.250 1.700
vertex 129.750 32.750 1.700
endloop
endfacet
facet normal 0 0 0
outer loop
vertex 129.750 32.250 1.650
vertex 129.750 32.750 1.700
vertex 129.750 32.750 1.650
endloop
endfacet
facet normal 0 0 0
outer loop
vertex 129.750 32.750 1.650
vertex 129.750 32.750 1.700
vertex 112.000 32.750 1.700
endloop
endfacet
facet normal 0 0 0
outer loop
vertex 129.750 32.750 1.650
vertex 112.000 32.750 1.700
vertex 112.000 32.750 1.650
endloop
endfacet
facet normal 0 0 0
outer loop
vertex 112.000 32.750 1.650
vertex 112.000 32.750 1.700
vertex 112.000 32.250 1.700
endloop
endfacet
facet normal 0 0 0
outer loop
vertex 112.000 32.750 1.650
vertex 112.000 32.250 1.700
vertex 112.000 32.250 1.650
endloop
endfacet
facet normal 0 0 0
outer loop
vertex 129.250 28.750 1.650
vertex 129.750 28.750 1.650
vertex 129.750 32.750 1.650
endloop
endfacet
facet normal 0 0 0
outer loop
vertex 129.250 28.750 1.650
vertex 129.750 32.750 1.650
vertex 129.250 32.750 1.650
endloop
endfacet
facet normal 0 0 0
outer loop
vertex 129.250 28.750 1.700
vertex 129.750 32.750 1.700
vertex 129.750 28.750 1.700
endloop
endfacet
facet normal 0 0 0
outer loop
vertex 129.250 28.750 1.700
vertex 129.750 28.750 1.700
vertex 129.250 28.750 1.700
endloop
endfacet
facet normal 0 0 0
outer loop
vertex 129.250 28.750 1.650
vertex 129.250 28.750 1.700
vertex 129.750 28.750 1.700
endloop
endfacet
facet normal 0 0 0
outer loop
vertex 129.250 28.750 1.650
vertex 129.750 28.750 1.700
vertex 129.750 28.750 1.650
endloop
endfacet
facet normal 0 0 0
outer loop
vertex 129.750 28.750 1.650
vertex 129.750 28.750 1.700
vertex 129.750 32.750 1.700
endloop
endfacet
facet normal 0 0 0
outer loop
vertex 129.750 28.750 1.650
vertex 129.750 32.750 1.700
vertex 129.750 32.750 1.650
endloop
endfacet
facet normal 0 0 0
outer loop
vertex 129.750 32.750 1.650
vertex 129.750 32.750 1.700
vertex 129.250 32.750 1.700
endloop
endfacet
facet normal 0 0 0
outer loop
vertex 129.750 32.750 1.650
vertex 129.250 32.750 1.700
vertex 129.250 32.750 1.650
endloop
endfacet
facet normal 0 0 0
outer loop
vertex 129.250 32.750 1.650
vertex 129.250 32.750 1.700
vertex 129.250 28.750 1.700
endloop
endfacet
facet normal 0 0 0
outer loop
vertex 129.250 32.750 1.650
vertex 129.250 28.750 1.700
vertex 129.250 28.750 1.650
endloop
endfacet
facet normal 0 0 0
outer loop
vertex 126.250 28.750 1.650
vertex 129.750 28.750 1.650
vertex 129.750 29.250 1.650
endloop
endfacet
facet normal 0 0 0
outer loop
vertex 126.250 28.750 1.650
vertex 129.750 29.250 1.650
vertex 126.250 29.250 1.650
endloop
endfacet
facet normal 0 0 0
outer loop
vertex 126.250 28.750 1.700
vertex 129.750 29.250 1.700
vertex 129.750 28.750 1.700
endloop
endfacet
facet normal 0 0 0
outer loop
vertex 126.250 28.750 1.700
vertex 129.750 28.750 1.700
vertex 126.250 28.750 1.700
endloop
endfacet
facet normal 0 0 0
outer loop
vertex 126.250 28.750 1.650
vertex 126.250 28.750 1.700
vertex 129.750 28.750 1.700
endloop
endfacet
facet normal 0 0 0
outer loop
vertex 126.250 28.750 1.650
vertex 129.750 28.750 1.700
vertex 129.750 28.750 1.650
endloop
endfacet
facet normal 0 0 0
outer loop
vertex 129.750 28.750 1.650
vertex 129.750 28.750 1.700
vertex 129.750 29.250 1.700
endloop
endfacet
facet normal 0 0 0
outer loop
vertex 129.750 28.750 1.650
vertex 129.750 29.250 1.700
vertex 129.750 29.250 1.650
endloop
endfacet
facet normal 0 0 0
outer loop
vertex 129.750 29.250 1.650
vertex 129.750 29.250 1.700
vertex 126.250 29.250 1.700
endloop
endfacet
facet normal 0 0 0
outer loop
vertex 129.750 29.250 1.650
vertex 126.250 29.250 1.700
vertex 126.250 29.250 1.650
endloop
endfacet
facet normal 0 0 0
outer loop
vertex 126.250 29.250 1.650
vertex 126.250 29.250 1.700
vertex 126.250 28.750 1.700
endloop
endfacet
facet normal 0 0 0
outer loop
vertex 126.250 29.250 1.650
vertex 126.250 28.750 1.700
vertex 126.250 28.750 1.650
endloop
endfacet
facet normal 0 0 0
outer loop
vertex 126.250 28.750 1.650
vertex 126.750 28.750 1.650
vertex 126.750 31.250 1.650
endloop
endfacet
facet normal 0 0 0
outer loop
vertex 126.250 28.750 1.650
vertex 126.750 31.250 1.650
vertex 126.250 31.250 1.650
endloop
endfacet
facet normal 0 0 0
outer loop
vertex 126.250 28.750 1.700
vertex 126.750 31.250 1.700
vertex 126.750 28.750 1.700
endloop
endfacet
facet normal 0 0 0
outer loop
vertex 126.250 28.750 1.700
vertex 126.750 28.750 1.700
vertex 126.250 28.750 1.700
endloop
endfacet
facet normal 0 0 0
outer loop
vertex 126.250 28.750 1.650
vertex 126.250 28.750 1.700
vertex 126.750 28.750 1.700
endloop
endfacet
facet normal 0 0 0
outer loop
vertex 126.250 28.750 1.650
vertex 126.750 28.750 1.700
vertex 126.750 28.750 1.650
endloop
endfacet
facet normal 0 0 0
outer loop
vertex 126.750 28.750 1.650
vertex 126.750 28.750 1.700
vertex 126.750 31.250 1.700
endloop
endfacet
facet normal 0 0 0
outer loop
vertex 126.750 28.750 1.650
vertex 126.750 31.250 1.700
vertex 126.750 31.250 1.650
endloop
endfacet
facet normal 0 0 0
outer loop
vertex 126.750 31.250 1.650
vertex 126.750 31.250 1.700
vertex 126.250 31.250 1.700
endloop
endfacet
facet normal 0 0 0
outer loop
vertex 126.750 31.250 1.650
vertex 126.250 31.250 1.700
vertex 126.250 31.250 1.650
endloop
endfacet
facet normal 0 0 0
outer loop
vertex 126.250 31.250 1.650
vertex 126.250 31.250 1.700
vertex 126.250 28.750 1.700
endloop
endfacet
facet normal 0 0 0
outer loop
vertex 126.250 31.250 1.650
vertex 126.250 28.750 1.700
vertex 126.250 28.750 1.650
endloop
endfacet
facet normal 0 0 0
outer loop
vertex 115.500 30.750 1.650
vertex 126.750 30.750 1.650
vertex 126.750 31.250 1.650
endloop
endfacet
facet normal 0 0 0
outer loop
vertex 115.500 30.750 1.650
vertex 126.750 31.250 1.650
vertex 115.500 31.250 1.650
endloop
endfacet
facet normal 0 0 0
outer loop
vertex 115.500 30.750 1.700
vertex 126.750 31.250 1.700
vertex 126.750 30.750 1.700
endloop
endfacet
facet normal 0 0 0
outer loop
vertex 115.500 30.750 1.700
vertex 126.750 30.750 1.700
vertex 115.500 30.750 1.700
endloop
endfacet
facet normal 0 0 0
outer loop
vertex 115.500 30.750 1.650
vertex 115.500 30.750 1.700
vertex 126.750 30.750 1.700
endloop
endfacet
facet normal 0 0 0
outer loop
vertex 115.500 30.750 1.650
vertex 126.750 30.750 1.700
vertex 126.750 30.750 1.650
endloop
endfacet
facet normal 0 0 0
outer loop
vertex 126.750 30.750 1.650
vertex 126.750 30.750 1.700
vertex 126.750 31.250 1.700
endloop
endfacet
facet normal 0 0 0
outer loop
vertex 126.750 30.750 1.650
vertex 126.750 31.250 1.700
vertex 126.750 31.250 1.650
endloop
endfacet
facet normal 0 0 0
outer loop
vertex 126.750 31.250 1.650
vertex 126.750 31.250 1.700
vertex 115.500 31.250 1.700
endloop
endfacet
facet normal 0 0 0
outer loop
vertex 126.750 31.250 1.650
vertex 115.500 31.250 1.700
vertex 115.500 31.250 1.650
endloop
endfacet
facet normal 0 0 0
outer loop
vertex 115.500 31.250 1.650
vertex 115.500 31.250 1.700
vertex 115.500 30.750 1.700
endloop
endfacet
facet normal 0 0 0
outer loop
vertex 115.500 31.250 1.650
vertex 115.500 30.750 1.700
vertex 115.500 30.750 1.650
endloop
endfacet
facet normal 0 0 0
outer loop
vertex 115.500 30.250 1.650
vertex 116.000 30.250 1.650
vertex 116.000 31.250 1.650
endloop
endfacet
facet normal 0 0 0
outer loop
vertex 115.500 30.250 1.650
vertex 116.000 31.250 1.650
vertex 115.500 31.250 1.650
endloop
endfacet
facet normal 0 0 0
outer loop
vertex 115.500 30.250 1.700
vertex 116.000 31.250 1.700
vertex 116.000 30.250 1.700
endloop
endfacet
facet normal 0 0 0
outer loop
vertex 115.500 30.250 1.700
vertex 116.000 30.250 1.700
vertex 115.500 30.250 1.700
endloop
endfacet
facet normal 0 0 0
outer loop
vertex 115.500 30.250 1.650
vertex 115.500 30.250 1.700
vertex 116.000 30.250 1.700
endloop
endfacet
facet normal 0 0 0
outer loop
vertex 115.500 30.250 1.650
vertex 116.000 30.250 1.700
vertex 116.000 30.250 1.650
endloop
endfacet
facet normal 0 0 0
outer loop
vertex 116.000 30.250 1.650
vertex 116.000 30.250 1.700
vertex 116.000 31.250 1.700
endloop
endfacet
facet normal 0 0 0
outer loop
vertex 116.000 30.250 1.650
vertex 116.000 31.250 1.700
vertex 116.000 31.250 1.650
endloop
endfacet
facet normal 0 0 0
outer loop
vertex 116.000 31.250 1.650
vertex 116.000 31.250 1.700
vertex 115.500 31.250 1.700
endloop
endfacet
facet normal 0 0 0
outer loop
vertex 116.000 31.250 1.650
vertex 115.500 31.250 1.700
vertex 115.500 31.250 1.650
endloop
endfacet
facet normal 0 0 0
outer loop
vertex 115.500 31.250 1.650
vertex 115.500 31.250 1.700
vertex 115.500 30.250 1.700
endloop
endfacet
facet normal 0 0 0
outer loop
vertex 115.500 31.250 1.650
vertex 115.500 30.250 1.700
vertex 115.500 30.250 1.650
endloop
endfacet
facet normal 0 0 0
outer loop
vertex 115.500 30.250 1.650
vertex 116.750 30.250 1.650
vertex 116.750 30.750 1.650
endloop
endfacet
facet normal 0 0 0
outer loop
vertex 115.500 30.250 1.650
vertex 116.750 30.750 1.650
vertex 115.500 30.750 1.650
endloop
endfacet
facet normal 0 0 0
outer loop
vertex 115.500 30.250 1.700
vertex 116.750 30.750 1.700
vertex 116.750 30.250 1.700
endloop
endfacet
facet normal 0 0 0
outer loop
vertex 115.500 30.250 1.700
vertex 116.750 30.250 1.700
vertex 115.500 30.250 1.700
endloop
endfacet
facet normal 0 0 0
outer loop
vertex 115.500 30.250 1.650
vertex 115.500 30.250 1.700
vertex 116.750 30.250 1.700
endloop
endfacet
facet normal 0 0 0
outer loop
vertex 115.500 30.250 1.650
vertex 116.750 30.250 1.700
vertex 116.750 30.250 1.650
endloop
endfacet
facet normal 0 0 0
outer loop
vertex 116.750 30.250 1.650
vertex 116.750 30.250 1.700
vertex 116.750 30.750 1.700
endloop
endfacet
facet normal 0 0 0
outer loop
vertex 116.750 30.250 1.650
vertex 116.750 30.750 1.700
vertex 116.750 30.750 1.650
endloop
endfacet
facet normal 0 0 0
outer loop
vertex 116.750 30.750 1.650
vertex 116.750 30.750 1.700
vertex 115.500 30.750 1.700
endloop
endfacet
facet normal 0 0 0
outer loop
vertex 116.750 30.750 1.650
vertex 115.500 30.750 1.700
vertex 115.500 30.750 1.650
endloop
endfacet
facet normal 0 0 0
outer loop
vertex 115.500 30.750 1.650
vertex 115.500 30.750 1.700
vertex 115.500 30.250 1.700
endloop
endfacet
facet normal 0 0 0
outer loop
vertex 115.500 30.750 1.650
vertex 115.500 30.250 1.700
vertex 115.500 30.250 1.650
endloop
endfacet
facet normal 0 0 0
outer loop
vertex 116.250 30.250 1.650
vertex 116.750 30.250 1.650
vertex 116.750 31.250 1.650
endloop
endfacet
facet normal 0 0 0
outer loop
vertex 116.250 30.250 1.650
vertex 116.750 31.250 1.650
vertex 116.250 31.250 1.650
endloop
endfacet
facet normal 0 0 0
outer loop
vertex 116.250 30.250 1.700
vertex 116.750 31.250 1.700
vertex 116.750 30.250 1.700
endloop
endfacet
facet normal 0 0 0
outer loop
vertex 116.250 30.250 1.700
vertex 116.750 30.250 1.700
vertex 116.250 30.250 1.700
endloop
endfacet
facet normal 0 0 0
outer loop
vertex 116.250 30.250 1.650
vertex 116.250 30.250 1.700
vertex 116.750 30.250 1.700
endloop
endfacet
facet normal 0 0 0
outer loop
vertex 116.250 30.250 1.650
vertex 116.750 30.250 1.700
vertex 116.750 30.250 1.650
endloop
endfacet
facet normal 0 0 0
outer loop
vertex 116.750 30.250 1.650
vertex 116.750 30.250 1.700
vertex 116.750 31.250 1.700
endloop
endfacet
facet normal 0 0 0
outer loop
vertex 116.750 30.250 1.650
vertex 116.750 31.250 1.700
vertex 116.750 31.250 1.650
endloop
endfacet
facet normal 0 0 0
outer loop
vertex 116.750 31.250 1.650
vertex 116.750 31.250 1.700
vertex 116.250 31.250 1.700
endloop
endfacet
facet normal 0 0 0
outer loop
vertex 116.750 31.250 1.650
vertex 116.250 31.250 1.700
vertex 116.250 31.250 1.650
endloop
endfacet
facet normal 0 0 0
outer loop
vertex 116.250 31.250 1.650
vertex 116.250 31.250 1.700
vertex 116.250 30.250 1.700
endloop
endfacet
facet normal 0 0 0
outer loop
vertex 116.250 31.250 1.650
vertex 116.250 30.250 1.700
vertex 116.250 30.250 1.650
endloop
endfacet
facet normal 0 0 0
outer loop
vertex 116.250 30.750 1.650
vertex 126.750 30.750 1.650
vertex 126.750 31.250 1.650
endloop
endfacet
facet normal 0 0 0
outer loop
vertex 116.250 30.750 1.650
vertex 126.750 31.250 1.650
vertex 116.250 31.250 1.650
endloop
endfacet
facet normal 0 0 0
outer loop
vertex 116.250 30.750 1.700
vertex 126.750 31.250 1.700
vertex 126.750 30.750 1.700
endloop
endfacet
facet normal 0 0 0
outer loop
vertex 116.250 30.750 1.700
vertex 126.750 30.750 1.700
vertex 116.250 30.750 1.700
endloop
endfacet
facet normal 0 0 0
outer loop
vertex 116.250 30.750 1.650
vertex 116.250 30.750 1.700
vertex 126.750 30.750 1.700
endloop
endfacet
facet normal 0 0 0
outer loop
vertex 116.250 30.750 1.650
vertex 126.750 30.750 1.700
vertex 126.750 30.750 1.650
endloop
endfacet
facet normal 0 0 0
outer loop
vertex 126.750 30.750 1.650
vertex 126.750 30.750 1.700
vertex 126.750 31.250 1.700
endloop
endfacet
facet normal 0 0 0
outer loop
vertex 126.750 30.750 1.650
vertex 126.750 31.250 1.700
vertex 126.750 31.250 1.650
endloop
endfacet
facet normal 0 0 0
outer loop
vertex 126.750 31.250 1.650
vertex 126.750 31.250 1.700
vertex 116.250 31.250 1.700
endloop
endfacet
facet normal 0 0 0
outer loop
vertex 126.750 31.250 1.650
vertex 116.250 31.250 1.700
vertex 116.250 31.250 1.650
endloop
endfacet
facet normal 0 0 0
outer loop
vertex 116.250 31.250 1.650
vertex 116.250 31.250 1.700
vertex 116.250 30.750 1.700
endloop
endfacet
facet normal 0 0 0
outer loop
vertex 116.250 31.250 1.650
vertex 116.250 30.750 1.700
vertex 116.250 30.750 1.650
endloop
endfacet
facet normal 0 0 0
outer loop
vertex 126.250 22.000 1.650
vertex 126.750 22.000 1.650
vertex 126.750 31.250 1.650
endloop
endfacet
facet normal 0 0 0
outer loop
vertex 126.250 22.000 1.650
vertex 126.750 31.250 1.650
vertex 126.250 31.250 1.650
endloop
endfacet
facet normal 0 0 0
outer loop
vertex 126.250 22.000 1.700
vertex 126.750 31.250 1.700
vertex 126.750 22.000 1.700
endloop
endfacet
facet normal 0 0 0
outer loop
vertex 126.250 22.000 1.700
vertex 126.750 22.000 1.700
vertex 126.250 22.000 1.700
endloop
endfacet
facet normal 0 0 0
outer loop
vertex 126.250 22.000 1.650
vertex 126.250 22.000 1.700
vertex 126.750 22.000 1.700
endloop
endfacet
facet normal 0 0 0
outer loop
vertex 126.250 22.000 1.650
vertex 126.750 22.000 1.700
vertex 126.750 22.000 1.650
endloop
endfacet
facet normal 0 0 0
outer loop
vertex 126.750 22.000 1.650
vertex 126.750 22.000 1.700
vertex 126.750 31.250 1.700
endloop
endfacet
facet normal 0 0 0
outer loop
vertex 126.750 22.000 1.650
vertex 126.750 31.250 1.700
vertex 126.750 31.250 1.650
endloop
endfacet
facet normal 0 0 0
outer loop
vertex 126.750 31.250 1.650
vertex 126.750 31.250 1.700
vertex 126.250 31.250 1.700
endloop
endfacet
facet normal 0 0 0
outer loop
vertex 126.750 31.250 1.650
vertex 126.250 31.250 1.700
vertex 126.250 31.250 1.650
endloop
endfacet
facet normal 0 0 0
outer loop
vertex 126.250 31.250 1.650
vertex 126.250 31.250 1.700
vertex 126.250 22.000 1.700
endloop
endfacet
facet normal 0 0 0
outer loop
vertex 126.250 31.250 1.650
vertex 126.250 22.000 1.700
vertex 126.250 22.000 1.650
endloop
endfacet
facet normal 0 0 0
outer loop
vertex 126.250 22.000 1.650
vertex 130.000 22.000 1.650
vertex 130.000 22.500 1.650
endloop
endfacet
facet normal 0 0 0
outer loop
vertex 126.250 22.000 1.650
vertex 130.000 22.500 1.650
vertex 126.250 22.500 1.650
endloop
endfacet
facet normal 0 0 0
outer loop
vertex 126.250 22.000 1.700
vertex 130.000 22.500 1.700
vertex 130.000 22.000 1.700
endloop
endfacet
facet normal 0 0 0
outer loop
vertex 126.250 22.000 1.700
vertex 130.000 22.000 1.700
vertex 126.250 22.000 1.700
endloop
endfacet
facet normal 0 0 0
outer loop
vertex 126.250 22.000 1.650
vertex 126.250 22.000 1.700
vertex 130.000 22.000 1.700
endloop
endfacet
facet normal 0 0 0
outer loop
vertex 126.250 22.000 1.650
vertex 130.000 22.000 1.700
vertex 130.000 22.000 1.650
endloop
endfacet
facet normal 0 0 0
outer loop
vertex 130.000 22.000 1.650
vertex 130.000 22.000 1.700
vertex 130.000 22.500 1.700
endloop
endfacet
facet normal 0 0 0
outer loop
vertex 130.000 22.000 1.650
vertex 130.000 22.500 1.700
vertex 130.000 22.500 1.650
endloop
endfacet
facet normal 0 0 0
outer loop
vertex 130.000 22.500 1.650
vertex 130.000 22.500 1.700
vertex 126.250 22.500 1.700
endloop
endfacet
facet normal 0 0 0
outer loop
vertex 130.000 22.500 1.650
vertex 126.250 22.500 1.700
vertex 126.250 22.500 1.650
endloop
endfacet
facet normal 0 0 0
outer loop
vertex 126.250 22.500 1.650
vertex 126.250 22.500 1.700
vertex 126.250 22.000 1.700
endloop
endfacet
facet normal 0 0 0
outer loop
vertex 126.250 22.500 1.650
vertex 126.250 22.000 1.700
vertex 126.250 22.000 1.650
endloop
endfacet
facet normal 0 0 0
outer loop
vertex 129.500 18.500 1.650
vertex 130.000 18.500 1.650
vertex 130.000 22.500 1.650
endloop
endfacet
facet normal 0 0 0
outer loop
vertex 129.500 18.500 1.650
vertex 130.000 22.500 1.650
vertex 129.500 22.500 1.650
endloop
endfacet
facet normal 0 0 0
outer loop
vertex 129.500 18.500 1.700
vertex 130.000 22.500 1.700
vertex 130.000 18.500 1.700
endloop
endfacet
facet normal 0 0 0
outer loop
vertex 129.500 18.500 1.700
vertex 130.000 18.500 1.700
vertex 129.500 18.500 1.700
endloop
endfacet
facet normal 0 0 0
outer loop
vertex 129.500 18.500 1.650
vertex 129.500 18.500 1.700
vertex 130.000 18.500 1.700
endloop
endfacet
facet normal 0 0 0
outer loop
vertex 129.500 18.500 1.650
vertex 130.000 18.500 1.700
vertex 130.000 18.500 1.650
endloop
endfacet
facet normal 0 0 0
outer loop
vertex 130.000 18.500 1.650
vertex 130.000 18.500 1.700
vertex 130.000 22.500 1.700
endloop
endfacet
facet normal 0 0 0
outer loop
vertex 130.000 18.500 1.650
vertex 130.000 22.500 1.700
vertex 130.000 22.500 1.650
endloop
endfacet
facet normal 0 0 0
outer loop
vertex 130.000 22.500 1.650
vertex 130.000 22.500 1.700
vertex 129.500 22.500 1.700
endloop
endfacet
facet normal 0 0 0
outer loop
vertex 130.000 22.500 1.650
vertex 129.500 22.500 1.700
vertex 129.500 22.500 1.650
endloop
endfacet
facet normal 0 0 0
outer loop
vertex 129.500 22.500 1.650
vertex 129.500 22.500 1.700
vertex 129.500 18.500 1.700
endloop
endfacet
facet normal 0 0 0
outer loop
vertex 129.500 22.500 1.650
vertex 129.500 18.500 1.700
vertex 129.500 18.500 1.650
endloop
endfacet
facet normal 0 0 0
outer loop
vertex 115.750 18.500 1.650
vertex 130.000 18.500 1.650
vertex 130.000 19.000 1.650
endloop
endfacet
facet normal 0 0 0
outer loop
vertex 115.750 18.500 1.650
vertex 130.000 19.000 1.650
vertex 115.750 19.000 1.650
endloop
endfacet
facet normal 0 0 0
outer loop
vertex 115.750 18.500 1.700
vertex 130.000 19.000 1.700
vertex 130.000 18.500 1.700
endloop
endfacet
facet normal 0 0 0
outer loop
vertex 115.750 18.500 1.700
vertex 130.000 18.500 1.700
vertex 115.750 18.500 1.700
endloop
endfacet
facet normal 0 0 0
outer loop
vertex 115.750 18.500 1.650
vertex 115.750 18.500 1.700
vertex 130.000 18.500 1.700
endloop
endfacet
facet normal 0 0 0
outer loop
vertex 115.750 18.500 1.650
vertex 130.000 18.500 1.700
vertex 130.000 18.500 1.650
endloop
endfacet
facet normal 0 0 0
outer loop
vertex 130.000 18.500 1.650
vertex 130.000 18.500 1.700
vertex 130.000 19.000 1.700
endloop
endfacet
facet normal 0 0 0
outer loop
vertex 130.000 18.500 1.650
vertex 130.000 19.000 1.700
vertex 130.000 19.000 1.650
endloop
endfacet
facet normal 0 0 0
outer loop
vertex 130.000 19.000 1.650
vertex 130.000 19.000 1.700
vertex 115.750 19.000 1.700
endloop
endfacet
facet normal 0 0 0
outer loop
vertex 130.000 19.000 1.650
vertex 115.750 19.000 1.700
vertex 115.750 19.000 1.650
endloop
endfacet
facet normal 0 0 0
outer loop
vertex 115.750 19.000 1.650
vertex 115.750 19.000 1.700
vertex 115.750 18.500 1.700
endloop
endfacet
facet normal 0 0 0
outer loop
vertex 115.750 19.000 1.650
vertex 115.750 18.500 1.700
vertex 115.750 18.500 1.650
endloop
endfacet
facet normal 0 0 0
outer loop
vertex 115.750 18.500 1.650
vertex 116.250 18.500 1.650
vertex 116.250 20.750 1.650
endloop
endfacet
facet normal 0 0 0
outer loop
vertex 115.750 18.500 1.650
vertex 116.250 20.750 1.650
vertex 115.750 20.750 1.650
endloop
endfacet
facet normal 0 0 0
outer loop
vertex 115.750 18.500 1.700
vertex 116.250 20.750 1.700
vertex 116.250 18.500 1.700
endloop
endfacet
facet normal 0 0 0
outer loop
vertex 115.750 18.500 1.700
vertex 116.250 18.500 1.700
vertex 115.750 18.500 1.700
endloop
endfacet
facet normal 0 0 0
outer loop
vertex 115.750 18.500 1.650
vertex 115.750 18.500 1.700
vertex 116.250 18.500 1.700
endloop
endfacet
facet normal 0 0 0
outer loop
vertex 115.750 18.500 1.650
vertex 116.250 18.500 1.700
vertex 116.250 18.500 1.650
endloop
endfacet
facet normal 0 0 0
outer loop
vertex 116.250 18.500 1.650
vertex 116.250 18.500 1.700
vertex 116.250 20.750 1.700
endloop
endfacet
facet normal 0 0 0
outer loop
vertex 116.250 18.500 1.650
vertex 116.250 20.750 1.700
vertex 116.250 20.750 1.650
endloop
endfacet
facet normal 0 0 0
outer loop
vertex 116.250 20.750 1.650
vertex 116.250 20.750 1.700
vertex 115.750 20.750 1.700
endloop
endfacet
facet normal 0 0 0
outer loop
vertex 116.250 20.750 1.650
vertex 115.750 20.750 1.700
vertex 115.750 20.750 1.650
endloop
endfacet
facet normal 0 0 0
outer loop
vertex 115.750 20.750 1.650
vertex 115.750 20.750 1.700
vertex 115.750 18.500 1.700
endloop
endfacet
facet normal 0 0 0
outer loop
vertex 115.750 20.750 1.650
vertex 115.750 18.500 1.700
vertex 115.750 18.500 1.650
endloop
endfacet
facet normal 0 0 0
outer loop
vertex 115.750 18.500 1.650
vertex 116.250 18.500 1.650
vertex 116.250 20.750 1.650
endloop
endfacet
facet normal 0 0 0
outer loop
vertex 115.750 18.500 1.650
vertex 116.250 20.750 1.650
vertex 115.750 20.750 1.650
endloop
endfacet
facet normal 0 0 0
outer loop
vertex 115.750 18.500 1.700
vertex 116.250 20.750 1.700
vertex 116.250 18.500 1.700
endloop
endfacet
facet normal 0 0 0
outer loop
vertex 115.750 18.500 1.700
vertex 116.250 18.500 1.700
vertex 115.750 18.500 1.700
endloop
endfacet
facet normal 0 0 0
outer loop
vertex 115.750 18.500 1.650
vertex 115.750 18.500 1.700
vertex 116.250 18.500 1.700
endloop
endfacet
facet normal 0 0 0
outer loop
vertex 115.750 18.500 1.650
vertex 116.250 18.500 1.700
vertex 116.250 18.500 1.650
endloop
endfacet
facet normal 0 0 0
outer loop
vertex 116.250 18.500 1.650
vertex 116.250 18.500 1.700
vertex 116.250 20.750 1.700
endloop
endfacet
facet normal 0 0 0
outer loop
vertex 116.250 18.500 1.650
vertex 116.250 20.750 1.700
vertex 116.250 20.750 1.650
endloop
endfacet
facet normal 0 0 0
outer loop
vertex 116.250 20.750 1.650
vertex 116.250 20.750 1.700
vertex 115.750 20.750 1.700
endloop
endfacet
facet normal 0 0 0
outer loop
vertex 116.250 20.750 1.650
vertex 115.750 20.750 1.700
vertex 115.750 20.750 1.650
endloop
endfacet
facet normal 0 0 0
outer loop
vertex 115.750 20.750 1.650
vertex 115.750 20.750 1.700
vertex 115.750 18.500 1.700
endloop
endfacet
facet normal 0 0 0
outer loop
vertex 115.750 20.750 1.650
vertex 115.750 18.500 1.700
vertex 115.750 18.500 1.650
endloop
endfacet
facet normal 0 0 0
outer loop
vertex 115.750 18.500 1.650
vertex 128.250 18.500 1.650
vertex 128.250 19.000 1.650
endloop
endfacet
facet normal 0 0 0
outer loop
vertex 115.750 18.500 1.650
vertex 128.250 19.000 1.650
vertex 115.750 19.000 1.650
endloop
endfacet
facet normal 0 0 0
outer loop
vertex 115.750 18.500 1.700
vertex 128.250 19.000 1.700
vertex 128.250 18.500 1.700
endloop
endfacet
facet normal 0 0 0
outer loop
vertex 115.750 18.500 1.700
vertex 128.250 18.500 1.700
vertex 115.750 18.500 1.700
endloop
endfacet
facet normal 0 0 0
outer loop
vertex 115.750 18.500 1.650
vertex 115.750 18.500 1.700
vertex 128.250 18.500 1.700
endloop
endfacet
facet normal 0 0 0
outer loop
vertex 115.750 18.500 1.650
vertex 128.250 18.500 1.700
vertex 128.250 18.500 1.650
endloop
endfacet
facet normal 0 0 0
outer loop
vertex 128.250 18.500 1.650
vertex 128.250 18.500 1.700
vertex 128.250 19.000 1.700
endloop
endfacet
facet normal 0 0 0
outer loop
vertex 128.250 18.500 1.650
vertex 128.250 19.000 1.700
vertex 128.250 19.000 1.650
endloop
endfacet
facet normal 0 0 0
outer loop
vertex 128.250 19.000 1.650
vertex 128.250 19.000 1.700
vertex 115.750 19.000 1.700
endloop
endfacet
facet normal 0 0 0
outer loop
vertex 128.250 19.000 1.650
vertex 115.750 19.000 1.700
vertex 115.750 19.000 1.650
endloop
endfacet
facet normal 0 0 0
outer loop
vertex 115.750 19.000 1.650
vertex 115.750 19.000 1.700
vertex 115.750 18.500 1.700
endloop
endfacet
facet normal 0 0 0
outer loop
vertex 115.750 19.000 1.650
vertex 115.750 18.500 1.700
vertex 115.750 18.500 1.650
endloop
endfacet
facet normal 0 0 0
outer loop
vertex 127.750 18.500 1.650
vertex 128.250 18.500 1.650
vertex 128.250 20.750 1.650
endloop
endfacet
facet normal 0 0 0
outer loop
vertex 127.750 18.500 1.650
vertex 128.250 20.750 1.650
vertex 127.750 20.750 1.650
endloop
endfacet
facet normal 0 0 0
outer loop
vertex 127.750 18.500 1.700
vertex 128.250 20.750 1.700
vertex 128.250 18.500 1.700
endloop
endfacet
facet normal 0 0 0
outer loop
vertex 127.750 18.500 1.700
vertex 128.250 18.500 1.700
vertex 127.750 18.500 1.700
endloop
endfacet
facet normal 0 0 0
outer loop
vertex 127.750 18.500 1.650
vertex 127.750 18.500 1.700
vertex 128.250 18.500 1.700
endloop
endfacet
facet normal 0 0 0
outer loop
vertex 127.750 18.500 1.650
vertex 128.250 18.500 1.700
vertex 128.250 18.500 1.650
endloop
endfacet
facet normal 0 0 0
outer loop
vertex 128.250 18.500 1.650
vertex 128.250 18.500 1.700
vertex 128.250 20.750 1.700
endloop
endfacet
facet normal 0 0 0
outer loop
vertex 128.250 18.500 1.650
vertex 128.250 20.750 1.700
vertex 128.250 20.750 1.650
endloop
endfacet
facet normal 0 0 0
outer loop
vertex 128.250 20.750 1.650
vertex 128.250 20.750 1.700
vertex 127.750 20.750 1.700
endloop
endfacet
facet normal 0 0 0
outer loop
vertex 128.250 20.750 1.650
vertex 127.750 20.750 1.700
vertex 127.750 20.750 1.650
endloop
endfacet
facet normal 0 0 0
outer loop
vertex 127.750 20.750 1.650
vertex 127.750 20.750 1.700
vertex 127.750 18.500 1.700
endloop
endfacet
facet normal 0 0 0
outer loop
vertex 127.750 20.750 1.650
vertex 127.750 18.500 1.700
vertex 127.750 18.500 1.650
endloop
endfacet
facet normal 0 0 0
outer loop
vertex 127.750 18.500 1.650
vertex 128.250 18.500 1.650
vertex 128.250 20.750 1.650
endloop
endfacet
facet normal 0 0 0
outer loop
vertex 127.750 18.500 1.650
vertex 128.250 20.750 1.650
vertex 127.750 20.750 1.650
endloop
endfacet
facet normal 0 0 0
outer loop
vertex 127.750 18.500 1.700
vertex 128.250 20.750 1.700
vertex 128.250 18.500 1.700
endloop
endfacet
facet normal 0 0 0
outer loop
vertex 127.750 18.500 1.700
vertex 128.250 18.500 1.700
vertex 127.750 18.500 1.700
endloop
endfacet
facet normal 0 0 0
outer loop
vertex 127.750 18.500 1.650
vertex 127.750 18.500 1.700
vertex 128.250 18.500 1.700
endloop
endfacet
facet normal 0 0 0
outer loop
vertex 127.750 18.500 1.650
vertex 128.250 18.500 1.700
vertex 128.250 18.500 1.650
endloop
endfacet
facet normal 0 0 0
outer loop
vertex 128.250 18.500 1.650
vertex 128.250 18.500 1.700
vertex 128.250 20.750 1.700
endloop
endfacet
facet normal 0 0 0
outer loop
vertex 128.250 18.500 1.650
vertex 128.250 20.750 1.700
vertex 128.250 20.750 1.650
endloop
endfacet
facet normal 0 0 0
outer loop
vertex 128.250 20.750 1.650
vertex 128.250 20.750 1.700
vertex 127.750 20.750 1.700
endloop
endfacet
facet normal 0 0 0
outer loop
vertex 128.250 20.750 1.650
vertex 127.750 20.750 1.700
vertex 127.750 20.750 1.650
endloop
endfacet
facet normal 0 0 0
outer loop
vertex 127.750 20.750 1.650
vertex 127.750 20.750 1.700
vertex 127.750 18.500 1.700
endloop
endfacet
facet normal 0 0 0
outer loop
vertex 127.750 20.750 1.650
vertex 127.750 18.500 1.700
vertex 127.750 18.500 1.650
endloop
endfacet
facet normal 0 0 0
outer loop
vertex 55.750 18.500 1.650
vertex 128.250 18.500 1.650
vertex 128.250 19.000 1.650
endloop
endfacet
facet normal 0 0 0
outer loop
vertex 55.750 18.500 1.650
vertex 128.250 19.000 1.650
vertex 55.750 19.000 1.650
endloop
endfacet
facet normal 0 0 0
outer loop
vertex 55.750 18.500 1.700
vertex 128.250 19.000 1.700
vertex 128.250 18.500 1.700
endloop
endfacet
facet normal 0 0 0
outer loop
vertex 55.750 18.500 1.700
vertex 128.250 18.500 1.700
vertex 55.750 18.500 1.700
endloop
endfacet
facet normal 0 0 0
outer loop
vertex 55.750 18.500 1.650
vertex 55.750 18.500 1.700
vertex 128.250 18.500 1.700
endloop
endfacet
facet normal 0 0 0
outer loop
vertex 55.750 18.500 1.650
vertex 128.250 18.500 1.700
vertex 128.250 18.500 1.650
endloop
endfacet
facet normal 0 0 0
outer loop
vertex 128.250 18.500 1.650
vertex 128.250 18.500 1.700
vertex 128.250 19.000 1.700
endloop
endfacet
facet normal 0 0 0
outer loop
vertex 128.250 18.500 1.650
vertex 128.250 19.000 1.700
vertex 128.250 19.000 1.650
endloop
endfacet
facet normal 0 0 0
outer loop
vertex 128.250 19.000 1.650
vertex 128.250 19.000 1.700
vertex 55.750 19.000 1.700
endloop
endfacet
facet normal 0 0 0
outer loop
vertex 128.250 19.000 1.650
vertex 55.750 19.000 1.700
vertex 55.750 19.000 1.650
endloop
endfacet
facet normal 0 0 0
outer loop
vertex 55.750 19.000 1.650
vertex 55.750 19.000 1.700
vertex 55.750 18.500 1.700
endloop
endfacet
facet normal 0 0 0
outer loop
vertex 55.750 19.000 1.650
vertex 55.750 18.500 1.700
vertex 55.750 18.500 1.650
endloop
endfacet
facet normal 0 0 0
outer loop
vertex 55.750 18.500 1.650
vertex 56.250 18.500 1.650
vertex 56.250 24.750 1.650
endloop
endfacet
facet normal 0 0 0
outer loop
vertex 55.750 18.500 1.650
vertex 56.250 24.750 1.650
vertex 55.750 24.750 1.650
endloop
endfacet
facet normal 0 0 0
outer loop
vertex 55.750 18.500 1.700
vertex 56.250 24.750 1.700
vertex 56.250 18.500 1.700
endloop
endfacet
facet normal 0 0 0
outer loop
vertex 55.750 18.500 1.700
vertex 56.250 18.500 1.700
vertex 55.750 18.500 1.700
endloop
endfacet
facet normal 0 0 0
outer loop
vertex 55.750 18.500 1.650
vertex 55.750 18.500 1.700
vertex 56.250 18.500 1.700
endloop
endfacet
facet normal 0 0 0
outer loop
vertex 55.750 18.500 1.650
vertex 56.250 18.500 1.700
vertex 56.250 18.500 1.650
endloop
endfacet
facet normal 0 0 0
outer loop
vertex 56.250 18.500 1.650
vertex 56.250 18.500 1.700
vertex 56.250 24.750 1.700
endloop
endfacet
facet normal 0 0 0
outer loop
vertex 56.250 18.500 1.650
vertex 56.250 24.750 1.700
vertex 56.250 24.750 1.650
endloop
endfacet
facet normal 0 0 0
outer loop
vertex 56.250 24.750 1.650
vertex 56.250 24.750 1.700
vertex 55.750 24.750 1.700
endloop
endfacet
facet normal 0 0 0
outer loop
vertex 56.250 24.750 1.650
vertex 55.750 24.750 1.700
vertex 55.750 24.750 1.650
endloop
endfacet
facet normal 0 0 0
outer loop
vertex 55.750 24.750 1.650
vertex 55.750 24.750 1.700
vertex 55.750 18.500 1.700
endloop
endfacet
facet normal 0 0 0
outer loop
vertex 55.750 24.750 1.650
vertex 55.750 18.500 1.700
vertex 55.750 18.500 1.650
endloop
endfacet
facet normal 0 0 0
outer loop
vertex 55.750 24.250 1.650
vertex 63.250 24.250 1.650
vertex 63.250 24.750 1.650
endloop
endfacet
facet normal 0 0 0
outer loop
vertex 55.750 24.250 1.650
vertex 63.250 24.750 1.650
vertex 55.750 24.750 1.650
endloop
endfacet
facet normal 0 0 0
outer loop
vertex 55.750 24.250 1.700
vertex 63.250 24.750 1.700
vertex 63.250 24.250 1.700
endloop
endfacet
facet normal 0 0 0
outer loop
vertex 55.750 24.250 1.700
vertex 63.250 24.250 1.700
vertex 55.750 24.250 1.700
endloop
endfacet
facet normal 0 0 0
outer loop
vertex 55.750 24.250 1.650
vertex 55.750 24.250 1.700
vertex 63.250 24.250 1.700
endloop
endfacet
facet normal 0 0 0
outer loop
vertex 55.750 24.250 1.650
vertex 63.250 24.250 1.700
vertex 63.250 24.250 1.650
endloop
endfacet
facet normal 0 0 0
outer loop
vertex 63.250 24.250 1.650
vertex 63.250 24.250 1.700
vertex 63.250 24.750 1.700
endloop
endfacet
facet normal 0 0 0
outer loop
vertex 63.250 24.250 1.650
vertex 63.250 24.750 1.700
vertex 63.250 24.750 1.650
endloop
endfacet
facet normal 0 0 0
outer loop
vertex 63.250 24.750 1.650
vertex 63.250 24.750 1.700
vertex 55.750 24.750 1.700
endloop
endfacet
facet normal 0 0 0
outer loop
vertex 63.250 24.750 1.650
vertex 55.750 24.750 1.700
vertex 55.750 24.750 1.650
endloop
endfacet
facet normal 0 0 0
outer loop
vertex 55.750 24.750 1.650
vertex 55.750 24.750 1.700
vertex 55.750 24.250 1.700
endloop
endfacet
facet normal 0 0 0
outer loop
vertex 55.750 24.750 1.650
vertex 55.750 24.250 1.700
vertex 55.750 24.250 1.650
endloop
endfacet
facet normal 0 0 0
outer loop
vertex 62.750 24.250 1.650
vertex 63.250 24.250 1.650
vertex 63.250 26.500 1.650
endloop
endfacet
facet normal 0 0 0
outer loop
vertex 62.750 24.250 1.650
vertex 63.250 26.500 1.650
vertex 62.750 26.500 1.650
endloop
endfacet
facet normal 0 0 0
outer loop
vertex 62.750 24.250 1.700
vertex 63.250 26.500 1.700
vertex 63.250 24.250 1.700
endloop
endfacet
facet normal 0 0 0
outer loop
vertex 62.750 24.250 1.700
vertex 63.250 24.250 1.700
vertex 62.750 24.250 1.700
endloop
endfacet
facet normal 0 0 0
outer loop
vertex 62.750 24.250 1.650
vertex 62.750 24.250 1.700
vertex 63.250 24.250 1.700
endloop
endfacet
facet normal 0 0 0
outer loop
vertex 62.750 24.250 1.650
vertex 63.250 24.250 1.700
vertex 63.250 24.250 1.650
endloop
endfacet
facet normal 0 0 0
outer loop
vertex 63.250 24.250 1.650
vertex 63.250 24.250 1.700
vertex 63.250 26.500 1.700
endloop
endfacet
facet normal 0 0 0
outer loop
vertex 63.250 24.250 1.650
vertex 63.250 26.500 1.700
vertex 63.250 26.500 1.650
endloop
endfacet
facet normal 0 0 0
outer loop
vertex 63.250 26.500 1.650
vertex 63.250 26.500 1.700
vertex 62.750 26.500 1.700
endloop
endfacet
facet normal 0 0 0
outer loop
vertex 63.250 26.500 1.650
vertex 62.750 26.500 1.700
vertex 62.750 26.500 1.650
endloop
endfacet
facet normal 0 0 0
outer loop
vertex 62.750 26.500 1.650
vertex 62.750 26.500 1.700
vertex 62.750 24.250 1.700
endloop
endfacet
facet normal 0 0 0
outer loop
vertex 62.750 26.500 1.650
vertex 62.750 24.250 1.700
vertex 62.750 24.250 1.650
endloop
endfacet
facet normal 0 0 0
outer loop
vertex 62.250 26.000 1.650
vertex 63.250 26.000 1.650
vertex 63.250 26.500 1.650
endloop
endfacet
facet normal 0 0 0
outer loop
vertex 62.250 26.000 1.650
vertex 63.250 26.500 1.650
vertex 62.250 26.500 1.650
endloop
endfacet
facet normal 0 0 0
outer loop
vertex 62.250 26.000 1.700
vertex 63.250 26.500 1.700
vertex 63.250 26.000 1.700
endloop
endfacet
facet normal 0 0 0
outer loop
vertex 62.250 26.000 1.700
vertex 63.250 26.000 1.700
vertex 62.250 26.000 1.700
endloop
endfacet
facet normal 0 0 0
outer loop
vertex 62.250 26.000 1.650
vertex 62.250 26.000 1.700
vertex 63.250 26.000 1.700
endloop
endfacet
facet normal 0 0 0
outer loop
vertex 62.250 26.000 1.650
vertex 63.250 26.000 1.700
vertex 63.250 26.000 1.650
endloop
endfacet
facet normal 0 0 0
outer loop
vertex 63.250 26.000 1.650
vertex 63.250 26.000 1.700
vertex 63.250 26.500 1.700
endloop
endfacet
facet normal 0 0 0
outer loop
vertex 63.250 26.000 1.650
vertex 63.250 26.500 1.700
vertex 63.250 26.500 1.650
endloop
endfacet
facet normal 0 0 0
outer loop
vertex 63.250 26.500 1.650
vertex 63.250 26.500 1.700
vertex 62.250 26.500 1.700
endloop
endfacet
facet normal 0 0 0
outer loop
vertex 63.250 26.500 1.650
vertex 62.250 26.500 1.700
vertex 62.250 26.500 1.650
endloop
endfacet
facet normal 0 0 0
outer loop
vertex 62.250 26.500 1.650
vertex 62.250 26.500 1.700
vertex 62.250 26.000 1.700
endloop
endfacet
facet normal 0 0 0
outer loop
vertex 62.250 26.500 1.650
vertex 62.250 26.000 1.700
vertex 62.250 26.000 1.650
endloop
endfacet
facet normal 0 0 0
outer loop
vertex 62.250 25.750 1.650
vertex 62.750 25.750 1.650
vertex 62.750 26.500 1.650
endloop
endfacet
facet normal 0 0 0
outer loop
vertex 62.250 25.750 1.650
vertex 62.750 26.500 1.650
vertex 62.250 26.500 1.650
endloop
endfacet
facet normal 0 0 0
outer loop
vertex 62.250 25.750 1.700
vertex 62.750 26.500 1.700
vertex 62.750 25.750 1.700
endloop
endfacet
facet normal 0 0 0
outer loop
vertex 62.250 25.750 1.700
vertex 62.750 25.750 1.700
vertex 62.250 25.750 1.700
endloop
endfacet
facet normal 0 0 0
outer loop
vertex 62.250 25.750 1.650
vertex 62.250 25.750 1.700
vertex 62.750 25.750 1.700
endloop
endfacet
facet normal 0 0 0
outer loop
vertex 62.250 25.750 1.650
vertex 62.750 25.750 1.700
vertex 62.750 25.750 1.650
endloop
endfacet
facet normal 0 0 0
outer loop
vertex 62.750 25.750 1.650
vertex 62.750 25.750 1.700
vertex 62.750 26.500 1.700
endloop
endfacet
facet normal 0 0 0
outer loop
vertex 62.750 25.750 1.650
vertex 62.750 26.500 1.700
vertex 62.750 26.500 1.650
endloop
endfacet
facet normal 0 0 0
outer loop
vertex 62.750 26.500 1.650
vertex 62.750 26.500 1.700
vertex 62.250 26.500 1.700
endloop
endfacet
facet normal 0 0 0
outer loop
vertex 62.750 26.500 1.650
vertex 62.250 26.500 1.700
vertex 62.250 26.500 1.650
endloop
endfacet
facet normal 0 0 0
outer loop
vertex 62.250 26.500 1.650
vertex 62.250 26.500 1.700
vertex 62.250 25.750 1.700
endloop
endfacet
facet normal 0 0 0
outer loop
vertex 62.250 26.500 1.650
vertex 62.250 25.750 1.700
vertex 62.250 25.750 1.650
endloop
endfacet
facet normal 0 0 0
outer loop
vertex 62.250 25.750 1.650
vertex 62.750 25.750 1.650
vertex 62.750 26.500 1.650
endloop
endfacet
facet normal 0 0 0
outer loop
vertex 62.250 25.750 1.650
vertex 62.750 26.500 1.650
vertex 62.250 26.500 1.650
endloop
endfacet
facet normal 0 0 0
outer loop
vertex 62.250 25.750 1.700
vertex 62.750 26.500 1.700
vertex 62.750 25.750 1.700
endloop
endfacet
facet normal 0 0 0
outer loop
vertex 62.250 25.750 1.700
vertex 62.750 25.750 1.700
vertex 62.250 25.750 1.700
endloop
endfacet
facet normal 0 0 0
outer loop
vertex 62.250 25.750 1.650
vertex 62.250 25.750 1.700
vertex 62.750 25.750 1.700
endloop
endfacet
facet normal 0 0 0
outer loop
vertex 62.250 25.750 1.650
vertex 62.750 25.750 1.700
vertex 62.750 25.750 1.650
endloop
endfacet
facet normal 0 0 0
outer loop
vertex 62.750 25.750 1.650
vertex 62.750 25.750 1.700
vertex 62.750 26.500 1.700
endloop
endfacet
facet normal 0 0 0
outer loop
vertex 62.750 25.750 1.650
vertex 62.750 26.500 1.700
vertex 62.750 26.500 1.650
endloop
endfacet
facet normal 0 0 0
outer loop
vertex 62.750 26.500 1.650
vertex 62.750 26.500 1.700
vertex 62.250 26.500 1.700
endloop
endfacet
facet normal 0 0 0
outer loop
vertex 62.750 26.500 1.650
vertex 62.250 26.500 1.700
vertex 62.250 26.500 1.650
endloop
endfacet
facet normal 0 0 0
outer loop
vertex 62.250 26.500 1.650
vertex 62.250 26.500 1.700
vertex 62.250 25.750 1.700
endloop
endfacet
facet normal 0 0 0
outer loop
vertex 62.250 26.500 1.650
vertex 62.250 25.750 1.700
vertex 62.250 25.750 1.650
endloop
endfacet
facet normal 0 0 0
outer loop
vertex 62.250 26.000 1.650
vertex 63.250 26.000 1.650
vertex 63.250 26.500 1.650
endloop
endfacet
facet normal 0 0 0
outer loop
vertex 62.250 26.000 1.650
vertex 63.250 26.500 1.650
vertex 62.250 26.500 1.650
endloop
endfacet
facet normal 0 0 0
outer loop
vertex 62.250 26.000 1.700
vertex 63.250 26.500 1.700
vertex 63.250 26.000 1.700
endloop
endfacet
facet normal 0 0 0
outer loop
vertex 62.250 26.000 1.700
vertex 63.250 26.000 1.700
vertex 62.250 26.000 1.700
endloop
endfacet
facet normal 0 0 0
outer loop
vertex 62.250 26.000 1.650
vertex 62.250 26.000 1.700
vertex 63.250 26.000 1.700
endloop
endfacet
facet normal 0 0 0
outer loop
vertex 62.250 26.000 1.650
vertex 63.250 26.000 1.700
vertex 63.250 26.000 1.650
endloop
endfacet
facet normal 0 0 0
outer loop
vertex 63.250 26.000 1.650
vertex 63.250 26.000 1.700
vertex 63.250 26.500 1.700
endloop
endfacet
facet normal 0 0 0
outer loop
vertex 63.250 26.000 1.650
vertex 63.250 26.500 1.700
vertex 63.250 26.500 1.650
endloop
endfacet
facet normal 0 0 0
outer loop
vertex 63.250 26.500 1.650
vertex 63.250 26.500 1.700
vertex 62.250 26.500 1.700
endloop
endfacet
facet normal 0 0 0
outer loop
vertex 63.250 26.500 1.650
vertex 62.250 26.500 1.700
vertex 62.250 26.500 1.650
endloop
endfacet
facet normal 0 0 0
outer loop
vertex 62.250 26.500 1.650
vertex 62.250 26.500 1.700
vertex 62.250 26.000 1.700
endloop
endfacet
facet normal 0 0 0
outer loop
vertex 62.250 26.500 1.650
vertex 62.250 26.000 1.700
vertex 62.250 26.000 1.650
endloop
endfacet
facet normal 0 0 0
outer loop
vertex 62.750 24.250 1.650
vertex 63.250 24.250 1.650
vertex 63.250 26.500 1.650
endloop
endfacet
facet normal 0 0 0
outer loop
vertex 62.750 24.250 1.650
vertex 63.250 26.500 1.650
vertex 62.750 26.500 1.650
endloop
endfacet
facet normal 0 0 0
outer loop
vertex 62.750 24.250 1.700
vertex 63.250 26.500 1.700
vertex 63.250 24.250 1.700
endloop
endfacet
facet normal 0 0 0
outer loop
vertex 62.750 24.250 1.700
vertex 63.250 24.250 1.700
vertex 62.750 24.250 1.700
endloop
endfacet
facet normal 0 0 0
outer loop
vertex 62.750 24.250 1.650
vertex 62.750 24.250 1.700
vertex 63.250 24.250 1.700
endloop
endfacet
facet normal 0 0 0
outer loop
vertex 62.750 24.250 1.650
vertex 63.250 24.250 1.700
vertex 63.250 24.250 1.650
endloop
endfacet
facet normal 0 0 0
outer loop
vertex 63.250 24.250 1.650
vertex 63.250 24.250 1.700
vertex 63.250 26.500 1.700
endloop
endfacet
facet normal 0 0 0
outer loop
vertex 63.250 24.250 1.650
vertex 63.250 26.500 1.700
vertex 63.250 26.500 1.650
endloop
endfacet
facet normal 0 0 0
outer loop
vertex 63.250 26.500 1.650
vertex 63.250 26.500 1.700
vertex 62.750 26.500 1.700
endloop
endfacet
facet normal 0 0 0
outer loop
vertex 63.250 26.500 1.650
vertex 62.750 26.500 1.700
vertex 62.750 26.500 1.650
endloop
endfacet
facet normal 0 0 0
outer loop
vertex 62.750 26.500 1.650
vertex 62.750 26.500 1.700
vertex 62.750 24.250 1.700
endloop
endfacet
facet normal 0 0 0
outer loop
vertex 62.750 26.500 1.650
vertex 62.750 24.250 1.700
vertex 62.750 24.250 1.650
endloop
endfacet
facet normal 0 0 0
outer loop
vertex 56.000 24.250 1.650
vertex 63.250 24.250 1.650
vertex 63.250 24.750 1.650
endloop
endfacet
facet normal 0 0 0
outer loop
vertex 56.000 24.250 1.650
vertex 63.250 24.750 1.650
vertex 56.000 24.750 1.650
endloop
endfacet
facet normal 0 0 0
outer loop
vertex 56.000 24.250 1.700
vertex 63.250 24.750 1.700
vertex 63.250 24.250 1.700
endloop
endfacet
facet normal 0 0 0
outer loop
vertex 56.000 24.250 1.700
vertex 63.250 24.250 1.700
vertex 56.000 24.250 1.700
endloop
endfacet
facet normal 0 0 0
outer loop
vertex 56.000 24.250 1.650
vertex 56.000 24.250 1.700
vertex 63.250 24.250 1.700
endloop
endfacet
facet normal 0 0 0
outer loop
vertex 56.000 24.250 1.650
vertex 63.250 24.250 1.700
vertex 63.250 24.250 1.650
endloop
endfacet
facet normal 0 0 0
outer loop
vertex 63.250 24.250 1.650
vertex 63.250 24.250 1.700
vertex 63.250 24.750 1.700
endloop
endfacet
facet normal 0 0 0
outer loop
vertex 63.250 24.250 1.650
vertex 63.250 24.750 1.700
vertex 63.250 24.750 1.650
endloop
endfacet
facet normal 0 0 0
outer loop
vertex 63.250 24.750 1.650
vertex 63.250 24.750 1.700
vertex 56.000 24.750 1.700
endloop
endfacet
facet normal 0 0 0
outer loop
vertex 63.250 24.750 1.650
vertex 56.000 24.750 1.700
vertex 56.000 24.750 1.650
endloop
endfacet
facet normal 0 0 0
outer loop
vertex 56.000 24.750 1.650
vertex 56.000 24.750 1.700
vertex 56.000 24.250 1.700
endloop
endfacet
facet normal 0 0 0
outer loop
vertex 56.000 24.750 1.650
vertex 56.000 24.250 1.700
vertex 56.000 24.250 1.650
endloop
endfacet
facet normal 0 0 0
outer loop
vertex 56.000 24.250 1.650
vertex 56.500 24.250 1.650
vertex 56.500 32.750 1.650
endloop
endfacet
facet normal 0 0 0
outer loop
vertex 56.000 24.250 1.650
vertex 56.500 32.750 1.650
vertex 56.000 32.750 1.650
endloop
endfacet
facet normal 0 0 0
outer loop
vertex 56.000 24.250 1.700
vertex 56.500 32.750 1.700
vertex 56.500 24.250 1.700
endloop
endfacet
facet normal 0 0 0
outer loop
vertex 56.000 24.250 1.700
vertex 56.500 24.250 1.700
vertex 56.000 24.250 1.700
endloop
endfacet
facet normal 0 0 0
outer loop
vertex 56.000 24.250 1.650
vertex 56.000 24.250 1.700
vertex 56.500 24.250 1.700
endloop
endfacet
facet normal 0 0 0
outer loop
vertex 56.000 24.250 1.650
vertex 56.500 24.250 1.700
vertex 56.500 24.250 1.650
endloop
endfacet
facet normal 0 0 0
outer loop
vertex 56.500 24.250 1.650
vertex 56.500 24.250 1.700
vertex 56.500 32.750 1.700
endloop
endfacet
facet normal 0 0 0
outer loop
vertex 56.500 24.250 1.650
vertex 56.500 32.750 1.700
vertex 56.500 32.750 1.650
endloop
endfacet
facet normal 0 0 0
outer loop
vertex 56.500 32.750 1.650
vertex 56.500 32.750 1.700
vertex 56.000 32.750 1.700
endloop
endfacet
facet normal 0 0 0
outer loop
vertex 56.500 32.750 1.650
vertex 56.000 32.750 1.700
vertex 56.000 32.750 1.650
endloop
endfacet
facet normal 0 0 0
outer loop
vertex 56.000 32.750 1.650
vertex 56.000 32.750 1.700
vertex 56.000 24.250 1.700
endloop
endfacet
facet normal 0 0 0
outer loop
vertex 56.000 32.750 1.650
vertex 56.000 24.250 1.700
vertex 56.000 24.250 1.650
endloop
endfacet
facet normal 0 0 0
outer loop
vertex 56.000 32.250 1.650
vertex 73.750 32.250 1.650
vertex 73.750 32.750 1.650
endloop
endfacet
facet normal 0 0 0
outer loop
vertex 56.000 32.250 1.650
vertex 73.750 32.750 1.650
vertex 56.000 32.750 1.650
endloop
endfacet
facet normal 0 0 0
outer loop
vertex 56.000 32.250 1.700
vertex 73.750 32.750 1.700
vertex 73.750 32.250 1.700
endloop
endfacet
facet normal 0 0 0
outer loop
vertex 56.000 32.250 1.700
vertex 73.750 32.250 1.700
vertex 56.000 32.250 1.700
endloop
endfacet
facet normal 0 0 0
outer loop
vertex 56.000 32.250 1.650
vertex 56.000 32.250 1.700
vertex 73.750 32.250 1.700
endloop
endfacet
facet normal 0 0 0
outer loop
vertex 56.000 32.250 1.650
vertex 73.750 32.250 1.700
vertex 73.750 32.250 1.650
endloop
endfacet
facet normal 0 0 0
outer loop
vertex 73.750 32.250 1.650
vertex 73.750 32.250 1.700
vertex 73.750 32.750 1.700
endloop
endfacet
facet normal 0 0 0
outer loop
vertex 73.750 32.250 1.650
vertex 73.750 32.750 1.700
vertex 73.750 32.750 1.650
endloop
endfacet
facet normal 0 0 0
outer loop
vertex 73.750 32.750 1.650
vertex 73.750 32.750 1.700
vertex 56.000 32.750 1.700
endloop
endfacet
facet normal 0 0 0
outer loop
vertex 73.750 32.750 1.650
vertex 56.000 32.750 1.700
vertex 56.000 32.750 1.650
endloop
endfacet
facet normal 0 0 0
outer loop
vertex 56.000 32.750 1.650
vertex 56.000 32.750 1.700
vertex 56.000 32.250 1.700
endloop
endfacet
facet normal 0 0 0
outer loop
vertex 56.000 32.750 1.650
vertex 56.000 32.250 1.700
vertex 56.000 32.250 1.650
endloop
endfacet
facet normal 0 0 0
outer loop
vertex 73.250 28.750 1.650
vertex 73.750 28.750 1.650
vertex 73.750 32.750 1.650
endloop
endfacet
facet normal 0 0 0
outer loop
vertex 73.250 28.750 1.650
vertex 73.750 32.750 1.650
vertex 73.250 32.750 1.650
endloop
endfacet
facet normal 0 0 0
outer loop
vertex 73.250 28.750 1.700
vertex 73.750 32.750 1.700
vertex 73.750 28.750 1.700
endloop
endfacet
facet normal 0 0 0
outer loop
vertex 73.250 28.750 1.700
vertex 73.750 28.750 1.700
vertex 73.250 28.750 1.700
endloop
endfacet
facet normal 0 0 0
outer loop
vertex 73.250 28.750 1.650
vertex 73.250 28.750 1.700
vertex 73.750 28.750 1.700
endloop
endfacet
facet normal 0 0 0
outer loop
vertex 73.250 28.750 1.650
vertex 73.750 28.750 1.700
vertex 73.750 28.750 1.650
endloop
endfacet
facet normal 0 0 0
outer loop
vertex 73.750 28.750 1.650
vertex 73.750 28.750 1.700
vertex 73.750 32.750 1.700
endloop
endfacet
facet normal 0 0 0
outer loop
vertex 73.750 28.750 1.650
vertex 73.750 32.750 1.700
vertex 73.750 32.750 1.650
endloop
endfacet
facet normal 0 0 0
outer loop
vertex 73.750 32.750 1.650
vertex 73.750 32.750 1.700
vertex 73.250 32.750 1.700
endloop
endfacet
facet normal 0 0 0
outer loop
vertex 73.750 32.750 1.650
vertex 73.250 32.750 1.700
vertex 73.250 32.750 1.650
endloop
endfacet
facet normal 0 0 0
outer loop
vertex 73.250 32.750 1.650
vertex 73.250 32.750 1.700
vertex 73.250 28.750 1.700
endloop
endfacet
facet normal 0 0 0
outer loop
vertex 73.250 32.750 1.650
vertex 73.250 28.750 1.700
vertex 73.250 28.750 1.650
endloop
endfacet
facet normal 0 0 0
outer loop
vertex 70.250 28.750 1.650
vertex 73.750 28.750 1.650
vertex 73.750 29.250 1.650
endloop
endfacet
facet normal 0 0 0
outer loop
vertex 70.250 28.750 1.650
vertex 73.750 29.250 1.650
vertex 70.250 29.250 1.650
endloop
endfacet
facet normal 0 0 0
outer loop
vertex 70.250 28.750 1.700
vertex 73.750 29.250 1.700
vertex 73.750 28.750 1.700
endloop
endfacet
facet normal 0 0 0
outer loop
vertex 70.250 28.750 1.700
vertex 73.750 28.750 1.700
vertex 70.250 28.750 1.700
endloop
endfacet
facet normal 0 0 0
outer loop
vertex 70.250 28.750 1.650
vertex 70.250 28.750 1.700
vertex 73.750 28.750 1.700
endloop
endfacet
facet normal 0 0 0
outer loop
vertex 70.250 28.750 1.650
vertex 73.750 28.750 1.700
vertex 73.750 28.750 1.650
endloop
endfacet
facet normal 0 0 0
outer loop
vertex 73.750 28.750 1.650
vertex 73.750 28.750 1.700
vertex 73.750 29.250 1.700
endloop
endfacet
facet normal 0 0 0
outer loop
vertex 73.750 28.750 1.650
vertex 73.750 29.250 1.700
vertex 73.750 29.250 1.650
endloop
endfacet
facet normal 0 0 0
outer loop
vertex 73.750 29.250 1.650
vertex 73.750 29.250 1.700
vertex 70.250 29.250 1.700
endloop
endfacet
facet normal 0 0 0
outer loop
vertex 73.750 29.250 1.650
vertex 70.250 29.250 1.700
vertex 70.250 29.250 1.650
endloop
endfacet
facet normal 0 0 0
outer loop
vertex 70.250 29.250 1.650
vertex 70.250 29.250 1.700
vertex 70.250 28.750 1.700
endloop
endfacet
facet normal 0 0 0
outer loop
vertex 70.250 29.250 1.650
vertex 70.250 28.750 1.700
vertex 70.250 28.750 1.650
endloop
endfacet
facet normal 0 0 0
outer loop
vertex 70.250 28.750 1.650
vertex 70.750 28.750 1.650
vertex 70.750 31.250 1.650
endloop
endfacet
facet normal 0 0 0
outer loop
vertex 70.250 28.750 1.650
vertex 70.750 31.250 1.650
vertex 70.250 31.250 1.650
endloop
endfacet
facet normal 0 0 0
outer loop
vertex 70.250 28.750 1.700
vertex 70.750 31.250 1.700
vertex 70.750 28.750 1.700
endloop
endfacet
facet normal 0 0 0
outer loop
vertex 70.250 28.750 1.700
vertex 70.750 28.750 1.700
vertex 70.250 28.750 1.700
endloop
endfacet
facet normal 0 0 0
outer loop
vertex 70.250 28.750 1.650
vertex 70.250 28.750 1.700
vertex 70.750 28.750 1.700
endloop
endfacet
facet normal 0 0 0
outer loop
vertex 70.250 28.750 1.650
vertex 70.750 28.750 1.700
vertex 70.750 28.750 1.650
endloop
endfacet
facet normal 0 0 0
outer loop
vertex 70.750 28.750 1.650
vertex 70.750 28.750 1.700
vertex 70.750 31.250 1.700
endloop
endfacet
facet normal 0 0 0
outer loop
vertex 70.750 28.750 1.650
vertex 70.750 31.250 1.700
vertex 70.750 31.250 1.650
endloop
endfacet
facet normal 0 0 0
outer loop
vertex 70.750 31.250 1.650
vertex 70.750 31.250 1.700
vertex 70.250 31.250 1.700
endloop
endfacet
facet normal 0 0 0
outer loop
vertex 70.750 31.250 1.650
vertex 70.250 31.250 1.700
vertex 70.250 31.250 1.650
endloop
endfacet
facet normal 0 0 0
outer loop
vertex 70.250 31.250 1.650
vertex 70.250 31.250 1.700
vertex 70.250 28.750 1.700
endloop
endfacet
facet normal 0 0 0
outer loop
vertex 70.250 31.250 1.650
vertex 70.250 28.750 1.700
vertex 70.250 28.750 1.650
endloop
endfacet
facet normal 0 0 0
outer loop
vertex 59.500 30.750 1.650
vertex 70.750 30.750 1.650
vertex 70.750 31.250 1.650
endloop
endfacet
facet normal 0 0 0
outer loop
vertex 59.500 30.750 1.650
vertex 70.750 31.250 1.650
vertex 59.500 31.250 1.650
endloop
endfacet
facet normal 0 0 0
outer loop
vertex 59.500 30.750 1.700
vertex 70.750 31.250 1.700
vertex 70.750 30.750 1.700
endloop
endfacet
facet normal 0 0 0
outer loop
vertex 59.500 30.750 1.700
vertex 70.750 30.750 1.700
vertex 59.500 30.750 1.700
endloop
endfacet
facet normal 0 0 0
outer loop
vertex 59.500 30.750 1.650
vertex 59.500 30.750 1.700
vertex 70.750 30.750 1.700
endloop
endfacet
facet normal 0 0 0
outer loop
vertex 59.500 30.750 1.650
vertex 70.750 30.750 1.700
vertex 70.750 30.750 1.650
endloop
endfacet
facet normal 0 0 0
outer loop
vertex 70.750 30.750 1.650
vertex 70.750 30.750 1.700
vertex 70.750 31.250 1.700
endloop
endfacet
facet normal 0 0 0
outer loop
vertex 70.750 30.750 1.650
vertex 70.750 31.250 1.700
vertex 70.750 31.250 1.650
endloop
endfacet
facet normal 0 0 0
outer loop
vertex 70.750 31.250 1.650
vertex 70.750 31.250 1.700
vertex 59.500 31.250 1.700
endloop
endfacet
facet normal 0 0 0
outer loop
vertex 70.750 31.250 1.650
vertex 59.500 31.250 1.700
vertex 59.500 31.250 1.650
endloop
endfacet
facet normal 0 0 0
outer loop
vertex 59.500 31.250 1.650
vertex 59.500 31.250 1.700
vertex 59.500 30.750 1.700
endloop
endfacet
facet normal 0 0 0
outer loop
vertex 59.500 31.250 1.650
vertex 59.500 30.750 1.700
vertex 59.500 30.750 1.650
endloop
endfacet
facet normal 0 0 0
outer loop
vertex 59.500 30.250 1.650
vertex 60.000 30.250 1.650
vertex 60.000 31.250 1.650
endloop
endfacet
facet normal 0 0 0
outer loop
vertex 59.500 30.250 1.650
vertex 60.000 31.250 1.650
vertex 59.500 31.250 1.650
endloop
endfacet
facet normal 0 0 0
outer loop
vertex 59.500 30.250 1.700
vertex 60.000 31.250 1.700
vertex 60.000 30.250 1.700
endloop
endfacet
facet normal 0 0 0
outer loop
vertex 59.500 30.250 1.700
vertex 60.000 30.250 1.700
vertex 59.500 30.250 1.700
endloop
endfacet
facet normal 0 0 0
outer loop
vertex 59.500 30.250 1.650
vertex 59.500 30.250 1.700
vertex 60.000 30.250 1.700
endloop
endfacet
facet normal 0 0 0
outer loop
vertex 59.500 30.250 1.650
vertex 60.000 30.250 1.700
vertex 60.000 30.250 1.650
endloop
endfacet
facet normal 0 0 0
outer loop
vertex 60.000 30.250 1.650
vertex 60.000 30.250 1.700
vertex 60.000 31.250 1.700
endloop
endfacet
facet normal 0 0 0
outer loop
vertex 60.000 30.250 1.650
vertex 60.000 31.250 1.700
vertex 60.000 31.250 1.650
endloop
endfacet
facet normal 0 0 0
outer loop
vertex 60.000 31.250 1.650
vertex 60.000 31.250 1.700
vertex 59.500 31.250 1.700
endloop
endfacet
facet normal 0 0 0
outer loop
vertex 60.000 31.250 1.650
vertex 59.500 31.250 1.700
vertex 59.500 31.250 1.650
endloop
endfacet
facet normal 0 0 0
outer loop
vertex 59.500 31.250 1.650
vertex 59.500 31.250 1.700
vertex 59.500 30.250 1.700
endloop
endfacet
facet normal 0 0 0
outer loop
vertex 59.500 31.250 1.650
vertex 59.500 30.250 1.700
vertex 59.500 30.250 1.650
endloop
endfacet
facet normal 0 0 0
outer loop
vertex 59.500 30.250 1.650
vertex 60.750 30.250 1.650
vertex 60.750 30.750 1.650
endloop
endfacet
facet normal 0 0 0
outer loop
vertex 59.500 30.250 1.650
vertex 60.750 30.750 1.650
vertex 59.500 30.750 1.650
endloop
endfacet
facet normal 0 0 0
outer loop
vertex 59.500 30.250 1.700
vertex 60.750 30.750 1.700
vertex 60.750 30.250 1.700
endloop
endfacet
facet normal 0 0 0
outer loop
vertex 59.500 30.250 1.700
vertex 60.750 30.250 1.700
vertex 59.500 30.250 1.700
endloop
endfacet
facet normal 0 0 0
outer loop
vertex 59.500 30.250 1.650
vertex 59.500 30.250 1.700
vertex 60.750 30.250 1.700
endloop
endfacet
facet normal 0 0 0
outer loop
vertex 59.500 30.250 1.650
vertex 60.750 30.250 1.700
vertex 60.750 30.250 1.650
endloop
endfacet
facet normal 0 0 0
outer loop
vertex 60.750 30.250 1.650
vertex 60.750 30.250 1.700
vertex 60.750 30.750 1.700
endloop
endfacet
facet normal 0 0 0
outer loop
vertex 60.750 30.250 1.650
vertex 60.750 30.750 1.700
vertex 60.750 30.750 1.650
endloop
endfacet
facet normal 0 0 0
outer loop
vertex 60.750 30.750 1.650
vertex 60.750 30.750 1.700
vertex 59.500 30.750 1.700
endloop
endfacet
facet normal 0 0 0
outer loop
vertex 60.750 30.750 1.650
vertex 59.500 30.750 1.700
vertex 59.500 30.750 1.650
endloop
endfacet
facet normal 0 0 0
outer loop
vertex 59.500 30.750 1.650
vertex 59.500 30.750 1.700
vertex 59.500 30.250 1.700
endloop
endfacet
facet normal 0 0 0
outer loop
vertex 59.500 30.750 1.650
vertex 59.500 30.250 1.700
vertex 59.500 30.250 1.650
endloop
endfacet
facet normal 0 0 0
outer loop
vertex 60.250 30.250 1.650
vertex 60.750 30.250 1.650
vertex 60.750 31.250 1.650
endloop
endfacet
facet normal 0 0 0
outer loop
vertex 60.250 30.250 1.650
vertex 60.750 31.250 1.650
vertex 60.250 31.250 1.650
endloop
endfacet
facet normal 0 0 0
outer loop
vertex 60.250 30.250 1.700
vertex 60.750 31.250 1.700
vertex 60.750 30.250 1.700
endloop
endfacet
facet normal 0 0 0
outer loop
vertex 60.250 30.250 1.700
vertex 60.750 30.250 1.700
vertex 60.250 30.250 1.700
endloop
endfacet
facet normal 0 0 0
outer loop
vertex 60.250 30.250 1.650
vertex 60.250 30.250 1.700
vertex 60.750 30.250 1.700
endloop
endfacet
facet normal 0 0 0
outer loop
vertex 60.250 30.250 1.650
vertex 60.750 30.250 1.700
vertex 60.750 30.250 1.650
endloop
endfacet
facet normal 0 0 0
outer loop
vertex 60.750 30.250 1.650
vertex 60.750 30.250 1.700
vertex 60.750 31.250 1.700
endloop
endfacet
facet normal 0 0 0
outer loop
vertex 60.750 30.250 1.650
vertex 60.750 31.250 1.700
vertex 60.750 31.250 1.650
endloop
endfacet
facet normal 0 0 0
outer loop
vertex 60.750 31.250 1.650
vertex 60.750 31.250 1.700
vertex 60.250 31.250 1.700
endloop
endfacet
facet normal 0 0 0
outer loop
vertex 60.750 31.250 1.650
vertex 60.250 31.250 1.700
vertex 60.250 31.250 1.650
endloop
endfacet
facet normal 0 0 0
outer loop
vertex 60.250 31.250 1.650
vertex 60.250 31.250 1.700
vertex 60.250 30.250 1.700
endloop
endfacet
facet normal 0 0 0
outer loop
vertex 60.250 31.250 1.650
vertex 60.250 30.250 1.700
vertex 60.250 30.250 1.650
endloop
endfacet
facet normal 0 0 0
outer loop
vertex 60.250 30.750 1.650
vertex 70.750 30.750 1.650
vertex 70.750 31.250 1.650
endloop
endfacet
facet normal 0 0 0
outer loop
vertex 60.250 30.750 1.650
vertex 70.750 31.250 1.650
vertex 60.250 31.250 1.650
endloop
endfacet
facet normal 0 0 0
outer loop
vertex 60.250 30.750 1.700
vertex 70.750 31.250 1.700
vertex 70.750 30.750 1.700
endloop
endfacet
facet normal 0 0 0
outer loop
vertex 60.250 30.750 1.700
vertex 70.750 30.750 1.700
vertex 60.250 30.750 1.700
endloop
endfacet
facet normal 0 0 0
outer loop
vertex 60.250 30.750 1.650
vertex 60.250 30.750 1.700
vertex 70.750 30.750 1.700
endloop
endfacet
facet normal 0 0 0
outer loop
vertex 60.250 30.750 1.650
vertex 70.750 30.750 1.700
vertex 70.750 30.750 1.650
endloop
endfacet
facet normal 0 0 0
outer loop
vertex 70.750 30.750 1.650
vertex 70.750 30.750 1.700
vertex 70.750 31.250 1.700
endloop
endfacet
facet normal 0 0 0
outer loop
vertex 70.750 30.750 1.650
vertex 70.750 31.250 1.700
vertex 70.750 31.250 1.650
endloop
endfacet
facet normal 0 0 0
outer loop
vertex 70.750 31.250 1.650
vertex 70.750 31.250 1.700
vertex 60.250 31.250 1.700
endloop
endfacet
facet normal 0 0 0
outer loop
vertex 70.750 31.250 1.650
vertex 60.250 31.250 1.700
vertex 60.250 31.250 1.650
endloop
endfacet
facet normal 0 0 0
outer loop
vertex 60.250 31.250 1.650
vertex 60.250 31.250 1.700
vertex 60.250 30.750 1.700
endloop
endfacet
facet normal 0 0 0
outer loop
vertex 60.250 31.250 1.650
vertex 60.250 30.750 1.700
vertex 60.250 30.750 1.650
endloop
endfacet
facet normal 0 0 0
outer loop
vertex 70.250 22.000 1.650
vertex 70.750 22.000 1.650
vertex 70.750 31.250 1.650
endloop
endfacet
facet normal 0 0 0
outer loop
vertex 70.250 22.000 1.650
vertex 70.750 31.250 1.650
vertex 70.250 31.250 1.650
endloop
endfacet
facet normal 0 0 0
outer loop
vertex 70.250 22.000 1.700
vertex 70.750 31.250 1.700
vertex 70.750 22.000 1.700
endloop
endfacet
facet normal 0 0 0
outer loop
vertex 70.250 22.000 1.700
vertex 70.750 22.000 1.700
vertex 70.250 22.000 1.700
endloop
endfacet
facet normal 0 0 0
outer loop
vertex 70.250 22.000 1.650
vertex 70.250 22.000 1.700
vertex 70.750 22.000 1.700
endloop
endfacet
facet normal 0 0 0
outer loop
vertex 70.250 22.000 1.650
vertex 70.750 22.000 1.700
vertex 70.750 22.000 1.650
endloop
endfacet
facet normal 0 0 0
outer loop
vertex 70.750 22.000 1.650
vertex 70.750 22.000 1.700
vertex 70.750 31.250 1.700
endloop
endfacet
facet normal 0 0 0
outer loop
vertex 70.750 22.000 1.650
vertex 70.750 31.250 1.700
vertex 70.750 31.250 1.650
endloop
endfacet
facet normal 0 0 0
outer loop
vertex 70.750 31.250 1.650
vertex 70.750 31.250 1.700
vertex 70.250 31.250 1.700
endloop
endfacet
facet normal 0 0 0
outer loop
vertex 70.750 31.250 1.650
vertex 70.250 31.250 1.700
vertex 70.250 31.250 1.650
endloop
endfacet
facet normal 0 0 0
outer loop
vertex 70.250 31.250 1.650
vertex 70.250 31.250 1.700
vertex 70.250 22.000 1.700
endloop
endfacet
facet normal 0 0 0
outer loop
vertex 70.250 31.250 1.650
vertex 70.250 22.000 1.700
vertex 70.250 22.000 1.650
endloop
endfacet
facet normal 0 0 0
outer loop
vertex 70.250 22.000 1.650
vertex 74.000 22.000 1.650
vertex 74.000 22.500 1.650
endloop
endfacet
facet normal 0 0 0
outer loop
vertex 70.250 22.000 1.650
vertex 74.000 22.500 1.650
vertex 70.250 22.500 1.650
endloop
endfacet
facet normal 0 0 0
outer loop
vertex 70.250 22.000 1.700
vertex 74.000 22.500 1.700
vertex 74.000 22.000 1.700
endloop
endfacet
facet normal 0 0 0
outer loop
vertex 70.250 22.000 1.700
vertex 74.000 22.000 1.700
vertex 70.250 22.000 1.700
endloop
endfacet
facet normal 0 0 0
outer loop
vertex 70.250 22.000 1.650
vertex 70.250 22.000 1.700
vertex 74.000 22.000 1.700
endloop
endfacet
facet normal 0 0 0
outer loop
vertex 70.250 22.000 1.650
vertex 74.000 22.000 1.700
vertex 74.000 22.000 1.650
endloop
endfacet
facet normal 0 0 0
outer loop
vertex 74.000 22.000 1.650
vertex 74.000 22.000 1.700
vertex 74.000 22.500 1.700
endloop
endfacet
facet normal 0 0 0
outer loop
vertex 74.000 22.000 1.650
vertex 74.000 22.500 1.700
vertex 74.000 22.500 1.650
endloop
endfacet
facet normal 0 0 0
outer loop
vertex 74.000 22.500 1.650
vertex 74.000 22.500 1.700
vertex 70.250 22.500 1.700
endloop
endfacet
facet normal 0 0 0
outer loop
vertex 74.000 22.500 1.650
vertex 70.250 22.500 1.700
vertex 70.250 22.500 1.650
endloop
endfacet
facet normal 0 0 0
outer loop
vertex 70.250 22.500 1.650
vertex 70.250 22.500 1.700
vertex 70.250 22.000 1.700
endloop
endfacet
facet normal 0 0 0
outer loop
vertex 70.250 22.500 1.650
vertex 70.250 22.000 1.700
vertex 70.250 22.000 1.650
endloop
endfacet
facet normal 0 0 0
outer loop
vertex 73.500 18.500 1.650
vertex 74.000 18.500 1.650
vertex 74.000 22.500 1.650
endloop
endfacet
facet normal 0 0 0
outer loop
vertex 73.500 18.500 1.650
vertex 74.000 22.500 1.650
vertex 73.500 22.500 1.650
endloop
endfacet
facet normal 0 0 0
outer loop
vertex 73.500 18.500 1.700
vertex 74.000 22.500 1.700
vertex 74.000 18.500 1.700
endloop
endfacet
facet normal 0 0 0
outer loop
vertex 73.500 18.500 1.700
vertex 74.000 18.500 1.700
vertex 73.500 18.500 1.700
endloop
endfacet
facet normal 0 0 0
outer loop
vertex 73.500 18.500 1.650
vertex 73.500 18.500 1.700
vertex 74.000 18.500 1.700
endloop
endfacet
facet normal 0 0 0
outer loop
vertex 73.500 18.500 1.650
vertex 74.000 18.500 1.700
vertex 74.000 18.500 1.650
endloop
endfacet
facet normal 0 0 0
outer loop
vertex 74.000 18.500 1.650
vertex 74.000 18.500 1.700
vertex 74.000 22.500 1.700
endloop
endfacet
facet normal 0 0 0
outer loop
vertex 74.000 18.500 1.650
vertex 74.000 22.500 1.700
vertex 74.000 22.500 1.650
endloop
endfacet
facet normal 0 0 0
outer loop
vertex 74.000 22.500 1.650
vertex 74.000 22.500 1.700
vertex 73.500 22.500 1.700
endloop
endfacet
facet normal 0 0 0
outer loop
vertex 74.000 22.500 1.650
vertex 73.500 22.500 1.700
vertex 73.500 22.500 1.650
endloop
endfacet
facet normal 0 0 0
outer loop
vertex 73.500 22.500 1.650
vertex 73.500 22.500 1.700
vertex 73.500 18.500 1.700
endloop
endfacet
facet normal 0 0 0
outer loop
vertex 73.500 22.500 1.650
vertex 73.500 18.500 1.700
vertex 73.500 18.500 1.650
endloop
endfacet
facet normal 0 0 0
outer loop
vertex 59.750 18.500 1.650
vertex 74.000 18.500 1.650
vertex 74.000 19.000 1.650
endloop
endfacet
facet normal 0 0 0
outer loop
vertex 59.750 18.500 1.650
vertex 74.000 19.000 1.650
vertex 59.750 19.000 1.650
endloop
endfacet
facet normal 0 0 0
outer loop
vertex 59.750 18.500 1.700
vertex 74.000 19.000 1.700
vertex 74.000 18.500 1.700
endloop
endfacet
facet normal 0 0 0
outer loop
vertex 59.750 18.500 1.700
vertex 74.000 18.500 1.700
vertex 59.750 18.500 1.700
endloop
endfacet
facet normal 0 0 0
outer loop
vertex 59.750 18.500 1.650
vertex 59.750 18.500 1.700
vertex 74.000 18.500 1.700
endloop
endfacet
facet normal 0 0 0
outer loop
vertex 59.750 18.500 1.650
vertex 74.000 18.500 1.700
vertex 74.000 18.500 1.650
endloop
endfacet
facet normal 0 0 0
outer loop
vertex 74.000 18.500 1.650
vertex 74.000 18.500 1.700
vertex 74.000 19.000 1.700
endloop
endfacet
facet normal 0 0 0
outer loop
vertex 74.000 18.500 1.650
vertex 74.000 19.000 1.700
vertex 74.000 19.000 1.650
endloop
endfacet
facet normal 0 0 0
outer loop
vertex 74.000 19.000 1.650
vertex 74.000 19.000 1.700
vertex 59.750 19.000 1.700
endloop
endfacet
facet normal 0 0 0
outer loop
vertex 74.000 19.000 1.650
vertex 59.750 19.000 1.700
vertex 59.750 19.000 1.650
endloop
endfacet
facet normal 0 0 0
outer loop
vertex 59.750 19.000 1.650
vertex 59.750 19.000 1.700
vertex 59.750 18.500 1.700
endloop
endfacet
facet normal 0 0 0
outer loop
vertex 59.750 19.000 1.650
vertex 59.750 18.500 1.700
vertex 59.750 18.500 1.650
endloop
endfacet
facet normal 0 0 0
outer loop
vertex 59.750 18.500 1.650
vertex 60.250 18.500 1.650
vertex 60.250 20.750 1.650
endloop
endfacet
facet normal 0 0 0
outer loop
vertex 59.750 18.500 1.650
vertex 60.250 20.750 1.650
vertex 59.750 20.750 1.650
endloop
endfacet
facet normal 0 0 0
outer loop
vertex 59.750 18.500 1.700
vertex 60.250 20.750 1.700
vertex 60.250 18.500 1.700
endloop
endfacet
facet normal 0 0 0
outer loop
vertex 59.750 18.500 1.700
vertex 60.250 18.500 1.700
vertex 59.750 18.500 1.700
endloop
endfacet
facet normal 0 0 0
outer loop
vertex 59.750 18.500 1.650
vertex 59.750 18.500 1.700
vertex 60.250 18.500 1.700
endloop
endfacet
facet normal 0 0 0
outer loop
vertex 59.750 18.500 1.650
vertex 60.250 18.500 1.700
vertex 60.250 18.500 1.650
endloop
endfacet
facet normal 0 0 0
outer loop
vertex 60.250 18.500 1.650
vertex 60.250 18.500 1.700
vertex 60.250 20.750 1.700
endloop
endfacet
facet normal 0 0 0
outer loop
vertex 60.250 18.500 1.650
vertex 60.250 20.750 1.700
vertex 60.250 20.750 1.650
endloop
endfacet
facet normal 0 0 0
outer loop
vertex 60.250 20.750 1.650
vertex 60.250 20.750 1.700
vertex 59.750 20.750 1.700
endloop
endfacet
facet normal 0 0 0
outer loop
vertex 60.250 20.750 1.650
vertex 59.750 20.750 1.700
vertex 59.750 20.750 1.650
endloop
endfacet
facet normal 0 0 0
outer loop
vertex 59.750 20.750 1.650
vertex 59.750 20.750 1.700
vertex 59.750 18.500 1.700
endloop
endfacet
facet normal 0 0 0
outer loop
vertex 59.750 20.750 1.650
vertex 59.750 18.500 1.700
vertex 59.750 18.500 1.650
endloop
endfacet
facet normal 0 0 0
outer loop
vertex 59.750 18.500 1.650
vertex 60.250 18.500 1.650
vertex 60.250 20.750 1.650
endloop
endfacet
facet normal 0 0 0
outer loop
vertex 59.750 18.500 1.650
vertex 60.250 20.750 1.650
vertex 59.750 20.750 1.650
endloop
endfacet
facet normal 0 0 0
outer loop
vertex 59.750 18.500 1.700
vertex 60.250 20.750 1.700
vertex 60.250 18.500 1.700
endloop
endfacet
facet normal 0 0 0
outer loop
vertex 59.750 18.500 1.700
vertex 60.250 18.500 1.700
vertex 59.750 18.500 1.700
endloop
endfacet
facet normal 0 0 0
outer loop
vertex 59.750 18.500 1.650
vertex 59.750 18.500 1.700
vertex 60.250 18.500 1.700
endloop
endfacet
facet normal 0 0 0
outer loop
vertex 59.750 18.500 1.650
vertex 60.250 18.500 1.700
vertex 60.250 18.500 1.650
endloop
endfacet
facet normal 0 0 0
outer loop
vertex 60.250 18.500 1.650
vertex 60.250 18.500 1.700
vertex 60.250 20.750 1.700
endloop
endfacet
facet normal 0 0 0
outer loop
vertex 60.250 18.500 1.650
vertex 60.250 20.750 1.700
vertex 60.250 20.750 1.650
endloop
endfacet
facet normal 0 0 0
outer loop
vertex 60.250 20.750 1.650
vertex 60.250 20.750 1.700
vertex 59.750 20.750 1.700
endloop
endfacet
facet normal 0 0 0
outer loop
vertex 60.250 20.750 1.650
vertex 59.750 20.750 1.700
vertex 59.750 20.750 1.650
endloop
endfacet
facet normal 0 0 0
outer loop
vertex 59.750 20.750 1.650
vertex 59.750 20.750 1.700
vertex 59.750 18.500 1.700
endloop
endfacet
facet normal 0 0 0
outer loop
vertex 59.750 20.750 1.650
vertex 59.750 18.500 1.700
vertex 59.750 18.500 1.650
endloop
endfacet
facet normal 0 0 0
outer loop
vertex 59.750 18.500 1.650
vertex 72.250 18.500 1.650
vertex 72.250 19.000 1.650
endloop
endfacet
facet normal 0 0 0
outer loop
vertex 59.750 18.500 1.650
vertex 72.250 19.000 1.650
vertex 59.750 19.000 1.650
endloop
endfacet
facet normal 0 0 0
outer loop
vertex 59.750 18.500 1.700
vertex 72.250 19.000 1.700
vertex 72.250 18.500 1.700
endloop
endfacet
facet normal 0 0 0
outer loop
vertex 59.750 18.500 1.700
vertex 72.250 18.500 1.700
vertex 59.750 18.500 1.700
endloop
endfacet
facet normal 0 0 0
outer loop
vertex 59.750 18.500 1.650
vertex 59.750 18.500 1.700
vertex 72.250 18.500 1.700
endloop
endfacet
facet normal 0 0 0
outer loop
vertex 59.750 18.500 1.650
vertex 72.250 18.500 1.700
vertex 72.250 18.500 1.650
endloop
endfacet
facet normal 0 0 0
outer loop
vertex 72.250 18.500 1.650
vertex 72.250 18.500 1.700
vertex 72.250 19.000 1.700
endloop
endfacet
facet normal 0 0 0
outer loop
vertex 72.250 18.500 1.650
vertex 72.250 19.000 1.700
vertex 72.250 19.000 1.650
endloop
endfacet
facet normal 0 0 0
outer loop
vertex 72.250 19.000 1.650
vertex 72.250 19.000 1.700
vertex 59.750 19.000 1.700
endloop
endfacet
facet normal 0 0 0
outer loop
vertex 72.250 19.000 1.650
vertex 59.750 19.000 1.700
vertex 59.750 19.000 1.650
endloop
endfacet
facet normal 0 0 0
outer loop
vertex 59.750 19.000 1.650
vertex 59.750 19.000 1.700
vertex 59.750 18.500 1.700
endloop
endfacet
facet normal 0 0 0
outer loop
vertex 59.750 19.000 1.650
vertex 59.750 18.500 1.700
vertex 59.750 18.500 1.650
endloop
endfacet
facet normal 0 0 0
outer loop
vertex 71.750 18.500 1.650
vertex 72.250 18.500 1.650
vertex 72.250 20.750 1.650
endloop
endfacet
facet normal 0 0 0
outer loop
vertex 71.750 18.500 1.650
vertex 72.250 20.750 1.650
vertex 71.750 20.750 1.650
endloop
endfacet
facet normal 0 0 0
outer loop
vertex 71.750 18.500 1.700
vertex 72.250 20.750 1.700
vertex 72.250 18.500 1.700
endloop
endfacet
facet normal 0 0 0
outer loop
vertex 71.750 18.500 1.700
vertex 72.250 18.500 1.700
vertex 71.750 18.500 1.700
endloop
endfacet
facet normal 0 0 0
outer loop
vertex 71.750 18.500 1.650
vertex 71.750 18.500 1.700
vertex 72.250 18.500 1.700
endloop
endfacet
facet normal 0 0 0
outer loop
vertex 71.750 18.500 1.650
vertex 72.250 18.500 1.700
vertex 72.250 18.500 1.650
endloop
endfacet
facet normal 0 0 0
outer loop
vertex 72.250 18.500 1.650
vertex 72.250 18.500 1.700
vertex 72.250 20.750 1.700
endloop
endfacet
facet normal 0 0 0
outer loop
vertex 72.250 18.500 1.650
vertex 72.250 20.750 1.700
vertex 72.250 20.750 1.650
endloop
endfacet
facet normal 0 0 0
outer loop
vertex 72.250 20.750 1.650
vertex 72.250 20.750 1.700
vertex 71.750 20.750 1.700
endloop
endfacet
facet normal 0 0 0
outer loop
vertex 72.250 20.750 1.650
vertex 71.750 20.750 1.700
vertex 71.750 20.750 1.650
endloop
endfacet
facet normal 0 0 0
outer loop
vertex 71.750 20.750 1.650
vertex 71.750 20.750 1.700
vertex 71.750 18.500 1.700
endloop
endfacet
facet normal 0 0 0
outer loop
vertex 71.750 20.750 1.650
vertex 71.750 18.500 1.700
vertex 71.750 18.500 1.650
endloop
endfacet
facet normal 0 0 0
outer loop
vertex 91.850 22.850 1.650
vertex 92.650 22.850 1.650
vertex 92.650 23.150 1.650
endloop
endfacet
facet normal 0 0 0
outer loop
vertex 91.850 22.850 1.650
vertex 92.650 23.150 1.650
vertex 91.850 23.150 1.650
endloop
endfacet
facet normal 0 0 0
outer loop
vertex 91.850 22.850 1.700
vertex 92.650 23.150 1.700
vertex 92.650 22.850 1.700
endloop
endfacet
facet normal 0 0 0
outer loop
vertex 91.850 22.850 1.700
vertex 92.650 22.850 1.700
vertex 91.850 22.850 1.700
endloop
endfacet
facet normal 0 0 0
outer loop
vertex 91.850 22.850 1.650
vertex 91.850 22.850 1.700
vertex 92.650 22.850 1.700
endloop
endfacet
facet normal 0 0 0
outer loop
vertex 91.850 22.850 1.650
vertex 92.650 22.850 1.700
vertex 92.650 22.850 1.650
endloop
endfacet
facet normal 0 0 0
outer loop
vertex 92.650 22.850 1.650
vertex 92.650 22.850 1.700
vertex 92.650 23.150 1.700
endloop
endfacet
facet normal 0 0 0
outer loop
vertex 92.650 22.850 1.650
vertex 92.650 23.150 1.700
vertex 92.650 23.150 1.650
endloop
endfacet
facet normal 0 0 0
outer loop
vertex 92.650 23.150 1.650
vertex 92.650 23.150 1.700
vertex 91.850 23.150 1.700
endloop
endfacet
facet normal 0 0 0
outer loop
vertex 92.650 23.150 1.650
vertex 91.850 23.150 1.700
vertex 91.850 23.150 1.650
endloop
endfacet
facet normal 0 0 0
outer loop
vertex 91.850 23.150 1.650
vertex 91.850 23.150 1.700
vertex 91.850 22.850 1.700
endloop
endfacet
facet normal 0 0 0
outer loop
vertex 91.850 23.150 1.650
vertex 91.850 22.850 1.700
vertex 91.850 22.850 1.650
endloop
endfacet
facet normal 0 0 0
outer loop
vertex 91.850 21.350 1.650
vertex 92.150 21.350 1.650
vertex 92.150 23.150 1.650
endloop
endfacet
facet normal 0 0 0
outer loop
vertex 91.850 21.350 1.650
vertex 92.150 23.150 1.650
vertex 91.850 23.150 1.650
endloop
endfacet
facet normal 0 0 0
outer loop
vertex 91.850 21.350 1.700
vertex 92.150 23.150 1.700
vertex 92.150 21.350 1.700
endloop
endfacet
facet normal 0 0 0
outer loop
vertex 91.850 21.350 1.700
vertex 92.150 21.350 1.700
vertex 91.850 21.350 1.700
endloop
endfacet
facet normal 0 0 0
outer loop
vertex 91.850 21.350 1.650
vertex 91.850 21.350 1.700
vertex 92.150 21.350 1.700
endloop
endfacet
facet normal 0 0 0
outer loop
vertex 91.850 21.350 1.650
vertex 92.150 21.350 1.700
vertex 92.150 21.350 1.650
endloop
endfacet
facet normal 0 0 0
outer loop
vertex 92.150 21.350 1.650
vertex 92.150 21.350 1.700
vertex 92.150 23.150 1.700
endloop
endfacet
facet normal 0 0 0
outer loop
vertex 92.150 21.350 1.650
vertex 92.150 23.150 1.700
vertex 92.150 23.150 1.650
endloop
endfacet
facet normal 0 0 0
outer loop
vertex 92.150 23.150 1.650
vertex 92.150 23.150 1.700
vertex 91.850 23.150 1.700
endloop
endfacet
facet normal 0 0 0
outer loop
vertex 92.150 23.150 1.650
vertex 91.850 23.150 1.700
vertex 91.850 23.150 1.650
endloop
endfacet
facet normal 0 0 0
outer loop
vertex 91.850 23.150 1.650
vertex 91.850 23.150 1.700
vertex 91.850 21.350 1.700
endloop
endfacet
facet normal 0 0 0
outer loop
vertex 91.850 23.150 1.650
vertex 91.850 21.350 1.700
vertex 91.850 21.350 1.650
endloop
endfacet
facet normal 0 0 0
outer loop
vertex 88.850 21.350 1.650
vertex 92.150 21.350 1.650
vertex 92.150 21.650 1.650
endloop
endfacet
facet normal 0 0 0
outer loop
vertex 88.850 21.350 1.650
vertex 92.150 21.650 1.650
vertex 88.850 21.650 1.650
endloop
endfacet
facet normal 0 0 0
outer loop
vertex 88.850 21.350 1.700
vertex 92.150 21.650 1.700
vertex 92.150 21.350 1.700
endloop
endfacet
facet normal 0 0 0
outer loop
vertex 88.850 21.350 1.700
vertex 92.150 21.350 1.700
vertex 88.850 21.350 1.700
endloop
endfacet
facet normal 0 0 0
outer loop
vertex 88.850 21.350 1.650
vertex 88.850 21.350 1.700
vertex 92.150 21.350 1.700
endloop
endfacet
facet normal 0 0 0
outer loop
vertex 88.850 21.350 1.650
vertex 92.150 21.350 1.700
vertex 92.150 21.350 1.650
endloop
endfacet
facet normal 0 0 0
outer loop
vertex 92.150 21.350 1.650
vertex 92.150 21.350 1.700
vertex 92.150 21.650 1.700
endloop
endfacet
facet normal 0 0 0
outer loop
vertex 92.150 21.350 1.650
vertex 92.150 21.650 1.700
vertex 92.150 21.650 1.650
endloop
endfacet
facet normal 0 0 0
outer loop
vertex 92.150 21.650 1.650
vertex 92.150 21.650 1.700
vertex 88.850 21.650 1.700
endloop
endfacet
facet normal 0 0 0
outer loop
vertex 92.150 21.650 1.650
vertex 88.850 21.650 1.700
vertex 88.850 21.650 1.650
endloop
endfacet
facet normal 0 0 0
outer loop
vertex 88.850 21.650 1.650
vertex 88.850 21.650 1.700
vertex 88.850 21.350 1.700
endloop
endfacet
facet normal 0 0 0
outer loop
vertex 88.850 21.650 1.650
vertex 88.850 21.350 1.700
vertex 88.850 21.350 1.650
endloop
endfacet
facet normal 0 0 0
outer loop
vertex 88.850 21.350 1.650
vertex 89.150 21.350 1.650
vertex 89.150 22.400 1.650
endloop
endfacet
facet normal 0 0 0
outer loop
vertex 88.850 21.350 1.650
vertex 89.150 22.400 1.650
vertex 88.850 22.400 1.650
endloop
endfacet
facet normal 0 0 0
outer loop
vertex 88.850 21.350 1.700
vertex 89.150 22.400 1.700
vertex 89.150 21.350 1.700
endloop
endfacet
facet normal 0 0 0
outer loop
vertex 88.850 21.350 1.700
vertex 89.150 21.350 1.700
vertex 88.850 21.350 1.700
endloop
endfacet
facet normal 0 0 0
outer loop
vertex 88.850 21.350 1.650
vertex 88.850 21.350 1.700
vertex 89.150 21.350 1.700
endloop
endfacet
facet normal 0 0 0
outer loop
vertex 88.850 21.350 1.650
vertex 89.150 21.350 1.700
vertex 89.150 21.350 1.650
endloop
endfacet
facet normal 0 0 0
outer loop
vertex 89.150 21.350 1.650
vertex 89.150 21.350 1.700
vertex 89.150 22.400 1.700
endloop
endfacet
facet normal 0 0 0
outer loop
vertex 89.150 21.350 1.650
vertex 89.150 22.400 1.700
vertex 89.150 22.400 1.650
endloop
endfacet
facet normal 0 0 0
outer loop
vertex 89.150 22.400 1.650
vertex 89.150 22.400 1.700
vertex 88.850 22.400 1.700
endloop
endfacet
facet normal 0 0 0
outer loop
vertex 89.150 22.400 1.650
vertex 88.850 22.400 1.700
vertex 88.850 22.400 1.650
endloop
endfacet
facet normal 0 0 0
outer loop
vertex 88.850 22.400 1.650
vertex 88.850 22.400 1.700
vertex 88.850 21.350 1.700
endloop
endfacet
facet normal 0 0 0
outer loop
vertex 88.850 22.400 1.650
vertex 88.850 21.350 1.700
vertex 88.850 21.350 1.650
endloop
endfacet
facet normal 0 0 0
outer loop
vertex 85.600 22.100 1.650
vertex 89.150 22.100 1.650
vertex 89.150 22.400 1.650
endloop
endfacet
facet normal 0 0 0
outer loop
vertex 85.600 22.100 1.650
vertex 89.150 22.400 1.650
vertex 85.600 22.400 1.650
endloop
endfacet
facet normal 0 0 0
outer loop
vertex 85.600 22.100 1.700
vertex 89.150 22.400 1.700
vertex 89.150 22.100 1.700
endloop
endfacet
facet normal 0 0 0
outer loop
vertex 85.600 22.100 1.700
vertex 89.150 22.100 1.700
vertex 85.600 22.100 1.700
endloop
endfacet
facet normal 0 0 0
outer loop
vertex 85.600 22.100 1.650
vertex 85.600 22.100 1.700
vertex 89.150 22.100 1.700
endloop
endfacet
facet normal 0 0 0
outer loop
vertex 85.600 22.100 1.650
vertex 89.150 22.100 1.700
vertex 89.150 22.100 1.650
endloop
endfacet
facet normal 0 0 0
outer loop
vertex 89.150 22.100 1.650
vertex 89.150 22.100 1.700
vertex 89.150 22.400 1.700
endloop
endfacet
facet normal 0 0 0
outer loop
vertex 89.150 22.100 1.650
vertex 89.150 22.400 1.700
vertex 89.150 22.400 1.650
endloop
endfacet
facet normal 0 0 0
outer loop
vertex 89.150 22.400 1.650
vertex 89.150 22.400 1.700
vertex 85.600 22.400 1.700
endloop
endfacet
facet normal 0 0 0
outer loop
vertex 89.150 22.400 1.650
vertex 85.600 22.400 1.700
vertex 85.600 22.400 1.650
endloop
endfacet
facet normal 0 0 0
outer loop
vertex 85.600 22.400 1.650
vertex 85.600 22.400 1.700
vertex 85.600 22.100 1.700
endloop
endfacet
facet normal 0 0 0
outer loop
vertex 85.600 22.400 1.650
vertex 85.600 22.100 1.700
vertex 85.600 22.100 1.650
endloop
endfacet
facet normal 0 0 0
outer loop
vertex 85.600 20.350 1.650
vertex 85.900 20.350 1.650
vertex 85.900 22.400 1.650
endloop
endfacet
facet normal 0 0 0
outer loop
vertex 85.600 20.350 1.650
vertex 85.900 22.400 1.650
vertex 85.600 22.400 1.650
endloop
endfacet
facet normal 0 0 0
outer loop
vertex 85.600 20.350 1.700
vertex 85.900 22.400 1.700
vertex 85.900 20.350 1.700
endloop
endfacet
facet normal 0 0 0
outer loop
vertex 85.600 20.350 1.700
vertex 85.900 20.350 1.700
vertex 85.600 20.350 1.700
endloop
endfacet
facet normal 0 0 0
outer loop
vertex 85.600 20.350 1.650
vertex 85.600 20.350 1.700
vertex 85.900 20.350 1.700
endloop
endfacet
facet normal 0 0 0
outer loop
vertex 85.600 20.350 1.650
vertex 85.900 20.350 1.700
vertex 85.900 20.350 1.650
endloop
endfacet
facet normal 0 0 0
outer loop
vertex 85.900 20.350 1.650
vertex 85.900 20.350 1.700
vertex 85.900 22.400 1.700
endloop
endfacet
facet normal 0 0 0
outer loop
vertex 85.900 20.350 1.650
vertex 85.900 22.400 1.700
vertex 85.900 22.400 1.650
endloop
endfacet
facet normal 0 0 0
outer loop
vertex 85.900 22.400 1.650
vertex 85.900 22.400 1.700
vertex 85.600 22.400 1.700
endloop
endfacet
facet normal 0 0 0
outer loop
vertex 85.900 22.400 1.650
vertex 85.600 22.400 1.700
vertex 85.600 22.400 1.650
endloop
endfacet
facet normal 0 0 0
outer loop
vertex 85.600 22.400 1.650
vertex 85.600 22.400 1.700
vertex 85.600 20.350 1.700
endloop
endfacet
facet normal 0 0 0
outer loop
vertex 85.600 22.400 1.650
vertex 85.600 20.350 1.700
vertex 85.600 20.350 1.650
endloop
endfacet
facet normal 0 0 0
outer loop
vertex 85.700 22.900 1.650
vertex 92.650 22.900 1.650
vertex 92.650 23.200 1.650
endloop
endfacet
facet normal 0 0 0
outer loop
vertex 85.700 22.900 1.650
vertex 92.650 23.200 1.650
vertex 85.700 23.200 1.650
endloop
endfacet
facet normal 0 0 0
outer loop
vertex 85.700 22.900 1.700
vertex 92.650 23.200 1.700
vertex 92.650 22.900 1.700
endloop
endfacet
facet normal 0 0 0
outer loop
vertex 85.700 22.900 1.700
vertex 92.650 22.900 1.700
vertex 85.700 22.900 1.700
endloop
endfacet
facet normal 0 0 0
outer loop
vertex 85.700 22.900 1.650
vertex 85.700 22.900 1.700
vertex 92.650 22.900 1.700
endloop
endfacet
facet normal 0 0 0
outer loop
vertex 85.700 22.900 1.650
vertex 92.650 22.900 1.700
vertex 92.650 22.900 1.650
endloop
endfacet
facet normal 0 0 0
outer loop
vertex 92.650 22.900 1.650
vertex 92.650 22.900 1.700
vertex 92.650 23.200 1.700
endloop
endfacet
facet normal 0 0 0
outer loop
vertex 92.650 22.900 1.650
vertex 92.650 23.200 1.700
vertex 92.650 23.200 1.650
endloop
endfacet
facet normal 0 0 0
outer loop
vertex 92.650 23.200 1.650
vertex 92.650 23.200 1.700
vertex 85.700 23.200 1.700
endloop
endfacet
facet normal 0 0 0
outer loop
vertex 92.650 23.200 1.650
vertex 85.700 23.200 1.700
vertex 85.700 23.200 1.650
endloop
endfacet
facet normal 0 0 0
outer loop
vertex 85.700 23.200 1.650
vertex 85.700 23.200 1.700
vertex 85.700 22.900 1.700
endloop
endfacet
facet normal 0 0 0
outer loop
vertex 85.700 23.200 1.650
vertex 85.700 22.900 1.700
vertex 85.700 22.900 1.650
endloop
endfacet
facet normal 0 0 0
outer loop
vertex 85.700 20.400 1.650
vertex 86.000 20.400 1.650
vertex 86.000 23.200 1.650
endloop
endfacet
facet normal 0 0 0
outer loop
vertex 85.700 20.400 1.650
vertex 86.000 23.200 1.650
vertex 85.700 23.200 1.650
endloop
endfacet
facet normal 0 0 0
outer loop
vertex 85.700 20.400 1.700
vertex 86.000 23.200 1.700
vertex 86.000 20.400 1.700
endloop
endfacet
facet normal 0 0 0
outer loop
vertex 85.700 20.400 1.700
vertex 86.000 20.400 1.700
vertex 85.700 20.400 1.700
endloop
endfacet
facet normal 0 0 0
outer loop
vertex 85.700 20.400 1.650
vertex 85.700 20.400 1.700
vertex 86.000 20.400 1.700
endloop
endfacet
facet normal 0 0 0
outer loop
vertex 85.700 20.400 1.650
vertex 86.000 20.400 1.700
vertex 86.000 20.400 1.650
endloop
endfacet
facet normal 0 0 0
outer loop
vertex 86.000 20.400 1.650
vertex 86.000 20.400 1.700
vertex 86.000 23.200 1.700
endloop
endfacet
facet normal 0 0 0
outer loop
vertex 86.000 20.400 1.650
vertex 86.000 23.200 1.700
vertex 86.000 23.200 1.650
endloop
endfacet
facet normal 0 0 0
outer loop
vertex 86.000 23.200 1.650
vertex 86.000 23.200 1.700
vertex 85.700 23.200 1.700
endloop
endfacet
facet normal 0 0 0
outer loop
vertex 86.000 23.200 1.650
vertex 85.700 23.200 1.700
vertex 85.700 23.200 1.650
endloop
endfacet
facet normal 0 0 0
outer loop
vertex 85.700 23.200 1.650
vertex 85.700 23.200 1.700
vertex 85.700 20.400 1.700
endloop
endfacet
facet normal 0 0 0
outer loop
vertex 85.700 23.200 1.650
vertex 85.700 20.400 1.700
vertex 85.700 20.400 1.650
endloop
endfacet
facet normal 0 0 0
outer loop
vertex 92.350 13.400 1.650
vertex 92.650 13.400 1.650
vertex 92.650 23.200 1.650
endloop
endfacet
facet normal 0 0 0
outer loop
vertex 92.350 13.400 1.650
vertex 92.650 23.200 1.650
vertex 92.350 23.200 1.650
endloop
endfacet
facet normal 0 0 0
outer loop
vertex 92.350 13.400 1.700
vertex 92.650 23.200 1.700
vertex 92.650 13.400 1.700
endloop
endfacet
facet normal 0 0 0
outer loop
vertex 92.350 13.400 1.700
vertex 92.650 13.400 1.700
vertex 92.350 13.400 1.700
endloop
endfacet
facet normal 0 0 0
outer loop
vertex 92.350 13.400 1.650
vertex 92.350 13.400 1.700
vertex 92.650 13.400 1.700
endloop
endfacet
facet normal 0 0 0
outer loop
vertex 92.350 13.400 1.650
vertex 92.650 13.400 1.700
vertex 92.650 13.400 1.650
endloop
endfacet
facet normal 0 0 0
outer loop
vertex 92.650 13.400 1.650
vertex 92.650 13.400 1.700
vertex 92.650 23.200 1.700
endloop
endfacet
facet normal 0 0 0
outer loop
vertex 92.650 13.400 1.650
vertex 92.650 23.200 1.700
vertex 92.650 23.200 1.650
endloop
endfacet
facet normal 0 0 0
outer loop
vertex 92.650 23.200 1.650
vertex 92.650 23.200 1.700
vertex 92.350 23.200 1.700
endloop
endfacet
facet normal 0 0 0
outer loop
vertex 92.650 23.200 1.650
vertex 92.350 23.200 1.700
vertex 92.350 23.200 1.650
endloop
endfacet
facet normal 0 0 0
outer loop
vertex 92.350 23.200 1.650
vertex 92.350 23.200 1.700
vertex 92.350 13.400 1.700
endloop
endfacet
facet normal 0 0 0
outer loop
vertex 92.350 23.200 1.650
vertex 92.350 13.400 1.700
vertex 92.350 13.400 1.650
endloop
endfacet
facet normal 0 0 0
outer loop
vertex 92.350 13.400 1.650
vertex 93.150 13.400 1.650
vertex 93.150 13.700 1.650
endloop
endfacet
facet normal 0 0 0
outer loop
vertex 92.350 13.400 1.650
vertex 93.150 13.700 1.650
vertex 92.350 13.700 1.650
endloop
endfacet
facet normal 0 0 0
outer loop
vertex 92.350 13.400 1.700
vertex 93.150 13.700 1.700
vertex 93.150 13.400 1.700
endloop
endfacet
facet normal 0 0 0
outer loop
vertex 92.350 13.400 1.700
vertex 93.150 13.400 1.700
vertex 92.350 13.400 1.700
endloop
endfacet
facet normal 0 0 0
outer loop
vertex 92.350 13.400 1.650
vertex 92.350 13.400 1.700
vertex 93.150 13.400 1.700
endloop
endfacet
facet normal 0 0 0
outer loop
vertex 92.350 13.400 1.650
vertex 93.150 13.400 1.700
vertex 93.150 13.400 1.650
endloop
endfacet
facet normal 0 0 0
outer loop
vertex 93.150 13.400 1.650
vertex 93.150 13.400 1.700
vertex 93.150 13.700 1.700
endloop
endfacet
facet normal 0 0 0
outer loop
vertex 93.150 13.400 1.650
vertex 93.150 13.700 1.700
vertex 93.150 13.700 1.650
endloop
endfacet
facet normal 0 0 0
outer loop
vertex 93.150 13.700 1.650
vertex 93.150 13.700 1.700
vertex 92.350 13.700 1.700
endloop
endfacet
facet normal 0 0 0
outer loop
vertex 93.150 13.700 1.650
vertex 92.350 13.700 1.700
vertex 92.350 13.700 1.650
endloop
endfacet
facet normal 0 0 0
outer loop
vertex 92.350 13.700 1.650
vertex 92.350 13.700 1.700
vertex 92.350 13.400 1.700
endloop
endfacet
facet normal 0 0 0
outer loop
vertex 92.350 13.700 1.650
vertex 92.350 13.400 1.700
vertex 92.350 13.400 1.650
endloop
endfacet
facet normal 0 0 0
outer loop
vertex 92.850 13.400 1.950
vertex 93.150 13.400 1.950
vertex 93.150 23.200 1.950
endloop
endfacet
facet normal 0 0 0
outer loop
vertex 92.850 13.400 1.950
vertex 93.150 23.200 1.950
vertex 92.850 23.200 1.950
endloop
endfacet
facet normal 0 0 0
outer loop
vertex 92.850 13.400 2.000
vertex 93.150 23.200 2.000
vertex 93.150 13.400 2.000
endloop
endfacet
facet normal 0 0 0
outer loop
vertex 92.850 13.400 2.000
vertex 93.150 13.400 2.000
vertex 92.850 13.400 2.000
endloop
endfacet
facet normal 0 0 0
outer loop
vertex 92.850 13.400 1.950
vertex 92.850 13.400 2.000
vertex 93.150 13.400 2.000
endloop
endfacet
facet normal 0 0 0
outer loop
vertex 92.850 13.400 1.950
vertex 93.150 13.400 2.000
vertex 93.150 13.400 1.950
endloop
endfacet
facet normal 0 0 0
outer loop
vertex 93.150 13.400 1.950
vertex 93.150 13.400 2.000
vertex 93.150 23.200 2.000
endloop
endfacet
facet normal 0 0 0
outer loop
vertex 93.150 13.400 1.950
vertex 93.150 23.200 2.000
vertex 93.150 23.200 1.950
endloop
endfacet
facet normal 0 0 0
outer loop
vertex 93.150 23.200 1.950
vertex 93.150 23.200 2.000
vertex 92.850 23.200 2.000
endloop
endfacet
facet normal 0 0 0
outer loop
vertex 93.150 23.200 1.950
vertex 92.850 23.200 2.000
vertex 92.850 23.200 1.950
endloop
endfacet
facet normal 0 0 0
outer loop
vertex 92.850 23.200 1.950
vertex 92.850 23.200 2.000
vertex 92.850 13.400 2.000
endloop
endfacet
facet normal 0 0 0
outer loop
vertex 92.850 23.200 1.950
vertex 92.850 13.400 2.000
vertex 92.850 13.400 1.950
endloop
endfacet
facet normal 0 0 0
outer loop
vertex 92.850 13.400 1.950
vertex 95.690 13.400 1.950
vertex 95.690 13.700 1.950
endloop
endfacet
facet normal 0 0 0
outer loop
vertex 92.850 13.400 1.950
vertex 95.690 13.700 1.950
vertex 92.850 13.700 1.950
endloop
endfacet
facet normal 0 0 0
outer loop
vertex 92.850 13.400 2.000
vertex 95.690 13.700 2.000
vertex 95.690 13.400 2.000
endloop
endfacet
facet normal 0 0 0
outer loop
vertex 92.850 13.400 2.000
vertex 95.690 13.400 2.000
vertex 92.850 13.400 2.000
endloop
endfacet
facet normal 0 0 0
outer loop
vertex 92.850 13.400 1.950
vertex 92.850 13.400 2.000
vertex 95.690 13.400 2.000
endloop
endfacet
facet normal 0 0 0
outer loop
vertex 92.850 13.400 1.950
vertex 95.690 13.400 2.000
vertex 95.690 13.400 1.950
endloop
endfacet
facet normal 0 0 0
outer loop
vertex 95.690 13.400 1.950
vertex 95.690 13.400 2.000
vertex 95.690 13.700 2.000
endloop
endfacet
facet normal 0 0 0
outer loop
vertex 95.690 13.400 1.950
vertex 95.690 13.700 2.000
vertex 95.690 13.700 1.950
endloop
endfacet
facet normal 0 0 0
outer loop
vertex 95.690 13.700 1.950
vertex 95.690 13.700 2.000
vertex 92.850 13.700 2.000
endloop
endfacet
facet normal 0 0 0
outer loop
vertex 95.690 13.700 1.950
vertex 92.850 13.700 2.000
vertex 92.850 13.700 1.950
endloop
endfacet
facet normal 0 0 0
outer loop
vertex 92.850 13.700 1.950
vertex 92.850 13.700 2.000
vertex 92.850 13.400 2.000
endloop
endfacet
facet normal 0 0 0
outer loop
vertex 92.850 13.700 1.950
vertex 92.850 13.400 2.000
vertex 92.850 13.400 1.950
endloop
endfacet
facet normal 0 0 0
outer loop
vertex 93.350 20.350 1.650
vertex 93.650 20.350 1.650
vertex 93.650 23.150 1.650
endloop
endfacet
facet normal 0 0 0
outer loop
vertex 93.350 20.350 1.650
vertex 93.650 23.150 1.650
vertex 93.350 23.150 1.650
endloop
endfacet
facet normal 0 0 0
outer loop
vertex 93.350 20.350 1.700
vertex 93.650 23.150 1.700
vertex 93.650 20.350 1.700
endloop
endfacet
facet normal 0 0 0
outer loop
vertex 93.350 20.350 1.700
vertex 93.650 20.350 1.700
vertex 93.350 20.350 1.700
endloop
endfacet
facet normal 0 0 0
outer loop
vertex 93.350 20.350 1.650
vertex 93.350 20.350 1.700
vertex 93.650 20.350 1.700
endloop
endfacet
facet normal 0 0 0
outer loop
vertex 93.350 20.350 1.650
vertex 93.650 20.350 1.700
vertex 93.650 20.350 1.650
endloop
endfacet
facet normal 0 0 0
outer loop
vertex 93.650 20.350 1.650
vertex 93.650 20.350 1.700
vertex 93.650 23.150 1.700
endloop
endfacet
facet normal 0 0 0
outer loop
vertex 93.650 20.350 1.650
vertex 93.650 23.150 1.700
vertex 93.650 23.150 1.650
endloop
endfacet
facet normal 0 0 0
outer loop
vertex 93.650 23.150 1.650
vertex 93.650 23.150 1.700
vertex 93.350 23.150 1.700
endloop
endfacet
facet normal 0 0 0
outer loop
vertex 93.650 23.150 1.650
vertex 93.350 23.150 1.700
vertex 93.350 23.150 1.650
endloop
endfacet
facet normal 0 0 0
outer loop
vertex 93.350 23.150 1.650
vertex 93.350 23.150 1.700
vertex 93.350 20.350 1.700
endloop
endfacet
facet normal 0 0 0
outer loop
vertex 93.350 23.150 1.650
vertex 93.350 20.350 1.700
vertex 93.350 20.350 1.650
endloop
endfacet
facet normal 0 0 0
outer loop
vertex 93.350 20.350 1.650
vertex 97.900 20.350 1.650
vertex 97.900 20.650 1.650
endloop
endfacet
facet normal 0 0 0
outer loop
vertex 93.350 20.350 1.650
vertex 97.900 20.650 1.650
vertex 93.350 20.650 1.650
endloop
endfacet
facet normal 0 0 0
outer loop
vertex 93.350 20.350 1.700
vertex 97.900 20.650 1.700
vertex 97.900 20.350 1.700
endloop
endfacet
facet normal 0 0 0
outer loop
vertex 93.350 20.350 1.700
vertex 97.900 20.350 1.700
vertex 93.350 20.350 1.700
endloop
endfacet
facet normal 0 0 0
outer loop
vertex 93.350 20.350 1.650
vertex 93.350 20.350 1.700
vertex 97.900 20.350 1.700
endloop
endfacet
facet normal 0 0 0
outer loop
vertex 93.350 20.350 1.650
vertex 97.900 20.350 1.700
vertex 97.900 20.350 1.650
endloop
endfacet
facet normal 0 0 0
outer loop
vertex 97.900 20.350 1.650
vertex 97.900 20.350 1.700
vertex 97.900 20.650 1.700
endloop
endfacet
facet normal 0 0 0
outer loop
vertex 97.900 20.350 1.650
vertex 97.900 20.650 1.700
vertex 97.900 20.650 1.650
endloop
endfacet
facet normal 0 0 0
outer loop
vertex 97.900 20.650 1.650
vertex 97.900 20.650 1.700
vertex 93.350 20.650 1.700
endloop
endfacet
facet normal 0 0 0
outer loop
vertex 97.900 20.650 1.650
vertex 93.350 20.650 1.700
vertex 93.350 20.650 1.650
endloop
endfacet
facet normal 0 0 0
outer loop
vertex 93.350 20.650 1.650
vertex 93.350 20.650 1.700
vertex 93.350 20.350 1.700
endloop
endfacet
facet normal 0 0 0
outer loop
vertex 93.350 20.650 1.650
vertex 93.350 20.350 1.700
vertex 93.350 20.350 1.650
endloop
endfacet
facet normal 0 0 0
outer loop
vertex 93.350 22.900 1.650
vertex 98.000 22.900 1.650
vertex 98.000 23.200 1.650
endloop
endfacet
facet normal 0 0 0
outer loop
vertex 93.350 22.900 1.650
vertex 98.000 23.200 1.650
vertex 93.350 23.200 1.650
endloop
endfacet
facet normal 0 0 0
outer loop
vertex 93.350 22.900 1.700
vertex 98.000 23.200 1.700
vertex 98.000 22.900 1.700
endloop
endfacet
facet normal 0 0 0
outer loop
vertex 93.350 22.900 1.700
vertex 98.000 22.900 1.700
vertex 93.350 22.900 1.700
endloop
endfacet
facet normal 0 0 0
outer loop
vertex 93.350 22.900 1.650
vertex 93.350 22.900 1.700
vertex 98.000 22.900 1.700
endloop
endfacet
facet normal 0 0 0
outer loop
vertex 93.350 22.900 1.650
vertex 98.000 22.900 1.700
vertex 98.000 22.900 1.650
endloop
endfacet
facet normal 0 0 0
outer loop
vertex 98.000 22.900 1.650
vertex 98.000 22.900 1.700
vertex 98.000 23.200 1.700
endloop
endfacet
facet normal 0 0 0
outer loop
vertex 98.000 22.900 1.650
vertex 98.000 23.200 1.700
vertex 98.000 23.200 1.650
endloop
endfacet
facet normal 0 0 0
outer loop
vertex 98.000 23.200 1.650
vertex 98.000 23.200 1.700
vertex 93.350 23.200 1.700
endloop
endfacet
facet normal 0 0 0
outer loop
vertex 98.000 23.200 1.650
vertex 93.350 23.200 1.700
vertex 93.350 23.200 1.650
endloop
endfacet
facet normal 0 0 0
outer loop
vertex 93.350 23.200 1.650
vertex 93.350 23.200 1.700
vertex 93.350 22.900 1.700
endloop
endfacet
facet normal 0 0 0
outer loop
vertex 93.350 23.200 1.650
vertex 93.350 22.900 1.700
vertex 93.350 22.900 1.650
endloop
endfacet
facet normal 0 0 0
outer loop
vertex 97.700 20.400 1.650
vertex 98.000 20.400 1.650
vertex 98.000 23.200 1.650
endloop
endfacet
facet normal 0 0 0
outer loop
vertex 97.700 20.400 1.650
vertex 98.000 23.200 1.650
vertex 97.700 23.200 1.650
endloop
endfacet
facet normal 0 0 0
outer loop
vertex 97.700 20.400 1.700
vertex 98.000 23.200 1.700
vertex 98.000 20.400 1.700
endloop
endfacet
facet normal 0 0 0
outer loop
vertex 97.700 20.400 1.700
vertex 98.000 20.400 1.700
vertex 97.700 20.400 1.700
endloop
endfacet
facet normal 0 0 0
outer loop
vertex 97.700 20.400 1.650
vertex 97.700 20.400 1.700
vertex 98.000 20.400 1.700
endloop
endfacet
facet normal 0 0 0
outer loop
vertex 97.700 20.400 1.650
vertex 98.000 20.400 1.700
vertex 98.000 20.400 1.650
endloop
endfacet
facet normal 0 0 0
outer loop
vertex 98.000 20.400 1.650
vertex 98.000 20.400 1.700
vertex 98.000 23.200 1.700
endloop
endfacet
facet normal 0 0 0
outer loop
vertex 98.000 20.400 1.650
vertex 98.000 23.200 1.700
vertex 98.000 23.200 1.650
endloop
endfacet
facet normal 0 0 0
outer loop
vertex 98.000 23.200 1.650
vertex 98.000 23.200 1.700
vertex 97.700 23.200 1.700
endloop
endfacet
facet normal 0 0 0
outer loop
vertex 98.000 23.200 1.650
vertex 97.700 23.200 1.700
vertex 97.700 23.200 1.650
endloop
endfacet
facet normal 0 0 0
outer loop
vertex 97.700 23.200 1.650
vertex 97.700 23.200 1.700
vertex 97.700 20.400 1.700
endloop
endfacet
facet normal 0 0 0
outer loop
vertex 97.700 23.200 1.650
vertex 97.700 20.400 1.700
vertex 97.700 20.400 1.650
endloop
endfacet
facet normal 0 0 0
outer loop
vertex 93.350 13.400 1.650
vertex 93.650 13.400 1.650
vertex 93.650 23.200 1.650
endloop
endfacet
facet normal 0 0 0
outer loop
vertex 93.350 13.400 1.650
vertex 93.650 23.200 1.650
vertex 93.350 23.200 1.650
endloop
endfacet
facet normal 0 0 0
outer loop
vertex 93.350 13.400 1.700
vertex 93.650 23.200 1.700
vertex 93.650 13.400 1.700
endloop
endfacet
facet normal 0 0 0
outer loop
vertex 93.350 13.400 1.700
vertex 93.650 13.400 1.700
vertex 93.350 13.400 1.700
endloop
endfacet
facet normal 0 0 0
outer loop
vertex 93.350 13.400 1.650
vertex 93.350 13.400 1.700
vertex 93.650 13.400 1.700
endloop
endfacet
facet normal 0 0 0
outer loop
vertex 93.350 13.400 1.650
vertex 93.650 13.400 1.700
vertex 93.650 13.400 1.650
endloop
endfacet
facet normal 0 0 0
outer loop
vertex 93.650 13.400 1.650
vertex 93.650 13.400 1.700
vertex 93.650 23.200 1.700
endloop
endfacet
facet normal 0 0 0
outer loop
vertex 93.650 13.400 1.650
vertex 93.650 23.200 1.700
vertex 93.650 23.200 1.650
endloop
endfacet
facet normal 0 0 0
outer loop
vertex 93.650 23.200 1.650
vertex 93.650 23.200 1.700
vertex 93.350 23.200 1.700
endloop
endfacet
facet normal 0 0 0
outer loop
vertex 93.650 23.200 1.650
vertex 93.350 23.200 1.700
vertex 93.350 23.200 1.650
endloop
endfacet
facet normal 0 0 0
outer loop
vertex 93.350 23.200 1.650
vertex 93.350 23.200 1.700
vertex 93.350 13.400 1.700
endloop
endfacet
facet normal 0 0 0
outer loop
vertex 93.350 23.200 1.650
vertex 93.350 13.400 1.700
vertex 93.350 13.400 1.650
endloop
endfacet
facet normal 0 0 0
outer loop
vertex 93.350 13.400 1.650
vertex 98.230 13.400 1.650
vertex 98.230 13.700 1.650
endloop
endfacet
facet normal 0 0 0
outer loop
vertex 93.350 13.400 1.650
vertex 98.230 13.700 1.650
vertex 93.350 13.700 1.650
endloop
endfacet
facet normal 0 0 0
outer loop
vertex 93.350 13.400 1.700
vertex 98.230 13.700 1.700
vertex 98.230 13.400 1.700
endloop
endfacet
facet normal 0 0 0
outer loop
vertex 93.350 13.400 1.700
vertex 98.230 13.400 1.700
vertex 93.350 13.400 1.700
endloop
endfacet
facet normal 0 0 0
outer loop
vertex 93.350 13.400 1.650
vertex 93.350 13.400 1.700
vertex 98.230 13.400 1.700
endloop
endfacet
facet normal 0 0 0
outer loop
vertex 93.350 13.400 1.650
vertex 98.230 13.400 1.700
vertex 98.230 13.400 1.650
endloop
endfacet
facet normal 0 0 0
outer loop
vertex 98.230 13.400 1.650
vertex 98.230 13.400 1.700
vertex 98.230 13.700 1.700
endloop
endfacet
facet normal 0 0 0
outer loop
vertex 98.230 13.400 1.650
vertex 98.230 13.700 1.700
vertex 98.230 13.700 1.650
endloop
endfacet
facet normal 0 0 0
outer loop
vertex 98.230 13.700 1.650
vertex 98.230 13.700 1.700
vertex 93.350 13.700 1.700
endloop
endfacet
facet normal 0 0 0
outer loop
vertex 98.230 13.700 1.650
vertex 93.350 13.700 1.700
vertex 93.350 13.700 1.650
endloop
endfacet
facet normal 0 0 0
outer loop
vertex 93.350 13.700 1.650
vertex 93.350 13.700 1.700
vertex 93.350 13.400 1.700
endloop
endfacet
facet normal 0 0 0
outer loop
vertex 93.350 13.700 1.650
vertex 93.350 13.400 1.700
vertex 93.350 13.400 1.650
endloop
endfacet
facet normal 0 0 0
outer loop
vertex 90.350 13.400 1.950
vertex 90.650 13.400 1.950
vertex 90.650 27.200 1.950
endloop
endfacet
facet normal 0 0 0
outer loop
vertex 90.350 13.400 1.950
vertex 90.650 27.200 1.950
vertex 90.350 27.200 1.950
endloop
endfacet
facet normal 0 0 0
outer loop
vertex 90.350 13.400 2.000
vertex 90.650 27.200 2.000
vertex 90.650 13.400 2.000
endloop
endfacet
facet normal 0 0 0
outer loop
vertex 90.350 13.400 2.000
vertex 90.650 13.400 2.000
vertex 90.350 13.400 2.000
endloop
endfacet
facet normal 0 0 0
outer loop
vertex 90.350 13.400 1.950
vertex 90.350 13.400 2.000
vertex 90.650 13.400 2.000
endloop
endfacet
facet normal 0 0 0
outer loop
vertex 90.350 13.400 1.950
vertex 90.650 13.400 2.000
vertex 90.650 13.400 1.950
endloop
endfacet
facet normal 0 0 0
outer loop
vertex 90.650 13.400 1.950
vertex 90.650 13.400 2.000
vertex 90.650 27.200 2.000
endloop
endfacet
facet normal 0 0 0
outer loop
vertex 90.650 13.400 1.950
vertex 90.650 27.200 2.000
vertex 90.650 27.200 1.950
endloop
endfacet
facet normal 0 0 0
outer loop
vertex 90.650 27.200 1.950
vertex 90.650 27.200 2.000
vertex 90.350 27.200 2.000
endloop
endfacet
facet normal 0 0 0
outer loop
vertex 90.650 27.200 1.950
vertex 90.350 27.200 2.000
vertex 90.350 27.200 1.950
endloop
endfacet
facet normal 0 0 0
outer loop
vertex 90.350 27.200 1.950
vertex 90.350 27.200 2.000
vertex 90.350 13.400 2.000
endloop
endfacet
facet normal 0 0 0
outer loop
vertex 90.350 27.200 1.950
vertex 90.350 13.400 2.000
vertex 90.350 13.400 1.950
endloop
endfacet
facet normal 0 0 0
outer loop
vertex 90.350 13.400 1.950
vertex 100.770 13.400 1.950
vertex 100.770 13.700 1.950
endloop
endfacet
facet normal 0 0 0
outer loop
vertex 90.350 13.400 1.950
vertex 100.770 13.700 1.950
vertex 90.350 13.700 1.950
endloop
endfacet
facet normal 0 0 0
outer loop
vertex 90.350 13.400 2.000
vertex 100.770 13.700 2.000
vertex 100.770 13.400 2.000
endloop
endfacet
facet normal 0 0 0
outer loop
vertex 90.350 13.400 2.000
vertex 100.770 13.400 2.000
vertex 90.350 13.400 2.000
endloop
endfacet
facet normal 0 0 0
outer loop
vertex 90.350 13.400 1.950
vertex 90.350 13.400 2.000
vertex 100.770 13.400 2.000
endloop
endfacet
facet normal 0 0 0
outer loop
vertex 90.350 13.400 1.950
vertex 100.770 13.400 2.000
vertex 100.770 13.400 1.950
endloop
endfacet
facet normal 0 0 0
outer loop
vertex 100.770 13.400 1.950
vertex 100.770 13.400 2.000
vertex 100.770 13.700 2.000
endloop
endfacet
facet normal 0 0 0
outer loop
vertex 100.770 13.400 1.950
vertex 100.770 13.700 2.000
vertex 100.770 13.700 1.950
endloop
endfacet
facet normal 0 0 0
outer loop
vertex 100.770 13.700 1.950
vertex 100.770 13.700 2.000
vertex 90.350 13.700 2.000
endloop
endfacet
facet normal 0 0 0
outer loop
vertex 100.770 13.700 1.950
vertex 90.350 13.700 2.000
vertex 90.350 13.700 1.950
endloop
endfacet
facet normal 0 0 0
outer loop
vertex 90.350 13.700 1.950
vertex 90.350 13.700 2.000
vertex 90.350 13.400 2.000
endloop
endfacet
facet normal 0 0 0
outer loop
vertex 90.350 13.700 1.950
vertex 90.350 13.400 2.000
vertex 90.350 13.400 1.950
endloop
endfacet
facet normal 0 0 0
outer loop
vertex 119.850 22.850 1.650
vertex 120.650 22.850 1.650
vertex 120.650 23.150 1.650
endloop
endfacet
facet normal 0 0 0
outer loop
vertex 119.850 22.850 1.650
vertex 120.650 23.150 1.650
vertex 119.850 23.150 1.650
endloop
endfacet
facet normal 0 0 0
outer loop
vertex 119.850 22.850 1.700
vertex 120.650 23.150 1.700
vertex 120.650 22.850 1.700
endloop
endfacet
facet normal 0 0 0
outer loop
vertex 119.850 22.850 1.700
vertex 120.650 22.850 1.700
vertex 119.850 22.850 1.700
endloop
endfacet
facet normal 0 0 0
outer loop
vertex 119.850 22.850 1.650
vertex 119.850 22.850 1.700
vertex 120.650 22.850 1.700
endloop
endfacet
facet normal 0 0 0
outer loop
vertex 119.850 22.850 1.650
vertex 120.650 22.850 1.700
vertex 120.650 22.850 1.650
endloop
endfacet
facet normal 0 0 0
outer loop
vertex 120.650 22.850 1.650
vertex 120.650 22.850 1.700
vertex 120.650 23.150 1.700
endloop
endfacet
facet normal 0 0 0
outer loop
vertex 120.650 22.850 1.650
vertex 120.650 23.150 1.700
vertex 120.650 23.150 1.650
endloop
endfacet
facet normal 0 0 0
outer loop
vertex 120.650 23.150 1.650
vertex 120.650 23.150 1.700
vertex 119.850 23.150 1.700
endloop
endfacet
facet normal 0 0 0
outer loop
vertex 120.650 23.150 1.650
vertex 119.850 23.150 1.700
vertex 119.850 23.150 1.650
endloop
endfacet
facet normal 0 0 0
outer loop
vertex 119.850 23.150 1.650
vertex 119.850 23.150 1.700
vertex 119.850 22.850 1.700
endloop
endfacet
facet normal 0 0 0
outer loop
vertex 119.850 23.150 1.650
vertex 119.850 22.850 1.700
vertex 119.850 22.850 1.650
endloop
endfacet
facet normal 0 0 0
outer loop
vertex 119.850 21.350 1.650
vertex 120.150 21.350 1.650
vertex 120.150 23.150 1.650
endloop
endfacet
facet normal 0 0 0
outer loop
vertex 119.850 21.350 1.650
vertex 120.150 23.150 1.650
vertex 119.850 23.150 1.650
endloop
endfacet
facet normal 0 0 0
outer loop
vertex 119.850 21.350 1.700
vertex 120.150 23.150 1.700
vertex 120.150 21.350 1.700
endloop
endfacet
facet normal 0 0 0
outer loop
vertex 119.850 21.350 1.700
vertex 120.150 21.350 1.700
vertex 119.850 21.350 1.700
endloop
endfacet
facet normal 0 0 0
outer loop
vertex 119.850 21.350 1.650
vertex 119.850 21.350 1.700
vertex 120.150 21.350 1.700
endloop
endfacet
facet normal 0 0 0
outer loop
vertex 119.850 21.350 1.650
vertex 120.150 21.350 1.700
vertex 120.150 21.350 1.650
endloop
endfacet
facet normal 0 0 0
outer loop
vertex 120.150 21.350 1.650
vertex 120.150 21.350 1.700
vertex 120.150 23.150 1.700
endloop
endfacet
facet normal 0 0 0
outer loop
vertex 120.150 21.350 1.650
vertex 120.150 23.150 1.700
vertex 120.150 23.150 1.650
endloop
endfacet
facet normal 0 0 0
outer loop
vertex 120.150 23.150 1.650
vertex 120.150 23.150 1.700
vertex 119.850 23.150 1.700
endloop
endfacet
facet normal 0 0 0
outer loop
vertex 120.150 23.150 1.650
vertex 119.850 23.150 1.700
vertex 119.850 23.150 1.650
endloop
endfacet
facet normal 0 0 0
outer loop
vertex 119.850 23.150 1.650
vertex 119.850 23.150 1.700
vertex 119.850 21.350 1.700
endloop
endfacet
facet normal 0 0 0
outer loop
vertex 119.850 23.150 1.650
vertex 119.850 21.350 1.700
vertex 119.850 21.350 1.650
endloop
endfacet
facet normal 0 0 0
outer loop
vertex 116.850 21.350 1.650
vertex 120.150 21.350 1.650
vertex 120.150 21.650 1.650
endloop
endfacet
facet normal 0 0 0
outer loop
vertex 116.850 21.350 1.650
vertex 120.150 21.650 1.650
vertex 116.850 21.650 1.650
endloop
endfacet
facet normal 0 0 0
outer loop
vertex 116.850 21.350 1.700
vertex 120.150 21.650 1.700
vertex 120.150 21.350 1.700
endloop
endfacet
facet normal 0 0 0
outer loop
vertex 116.850 21.350 1.700
vertex 120.150 21.350 1.700
vertex 116.850 21.350 1.700
endloop
endfacet
facet normal 0 0 0
outer loop
vertex 116.850 21.350 1.650
vertex 116.850 21.350 1.700
vertex 120.150 21.350 1.700
endloop
endfacet
facet normal 0 0 0
outer loop
vertex 116.850 21.350 1.650
vertex 120.150 21.350 1.700
vertex 120.150 21.350 1.650
endloop
endfacet
facet normal 0 0 0
outer loop
vertex 120.150 21.350 1.650
vertex 120.150 21.350 1.700
vertex 120.150 21.650 1.700
endloop
endfacet
facet normal 0 0 0
outer loop
vertex 120.150 21.350 1.650
vertex 120.150 21.650 1.700
vertex 120.150 21.650 1.650
endloop
endfacet
facet normal 0 0 0
outer loop
vertex 120.150 21.650 1.650
vertex 120.150 21.650 1.700
vertex 116.850 21.650 1.700
endloop
endfacet
facet normal 0 0 0
outer loop
vertex 120.150 21.650 1.650
vertex 116.850 21.650 1.700
vertex 116.850 21.650 1.650
endloop
endfacet
facet normal 0 0 0
outer loop
vertex 116.850 21.650 1.650
vertex 116.850 21.650 1.700
vertex 116.850 21.350 1.700
endloop
endfacet
facet normal 0 0 0
outer loop
vertex 116.850 21.650 1.650
vertex 116.850 21.350 1.700
vertex 116.850 21.350 1.650
endloop
endfacet
facet normal 0 0 0
outer loop
vertex 116.850 21.350 1.650
vertex 117.150 21.350 1.650
vertex 117.150 22.400 1.650
endloop
endfacet
facet normal 0 0 0
outer loop
vertex 116.850 21.350 1.650
vertex 117.150 22.400 1.650
vertex 116.850 22.400 1.650
endloop
endfacet
facet normal 0 0 0
outer loop
vertex 116.850 21.350 1.700
vertex 117.150 22.400 1.700
vertex 117.150 21.350 1.700
endloop
endfacet
facet normal 0 0 0
outer loop
vertex 116.850 21.350 1.700
vertex 117.150 21.350 1.700
vertex 116.850 21.350 1.700
endloop
endfacet
facet normal 0 0 0
outer loop
vertex 116.850 21.350 1.650
vertex 116.850 21.350 1.700
vertex 117.150 21.350 1.700
endloop
endfacet
facet normal 0 0 0
outer loop
vertex 116.850 21.350 1.650
vertex 117.150 21.350 1.700
vertex 117.150 21.350 1.650
endloop
endfacet
facet normal 0 0 0
outer loop
vertex 117.150 21.350 1.650
vertex 117.150 21.350 1.700
vertex 117.150 22.400 1.700
endloop
endfacet
facet normal 0 0 0
outer loop
vertex 117.150 21.350 1.650
vertex 117.150 22.400 1.700
vertex 117.150 22.400 1.650
endloop
endfacet
facet normal 0 0 0
outer loop
vertex 117.150 22.400 1.650
vertex 117.150 22.400 1.700
vertex 116.850 22.400 1.700
endloop
endfacet
facet normal 0 0 0
outer loop
vertex 117.150 22.400 1.650
vertex 116.850 22.400 1.700
vertex 116.850 22.400 1.650
endloop
endfacet
facet normal 0 0 0
outer loop
vertex 116.850 22.400 1.650
vertex 116.850 22.400 1.700
vertex 116.850 21.350 1.700
endloop
endfacet
facet normal 0 0 0
outer loop
vertex 116.850 22.400 1.650
vertex 116.850 21.350 1.700
vertex 116.850 21.350 1.650
endloop
endfacet
facet normal 0 0 0
outer loop
vertex 113.600 22.100 1.650
vertex 117.150 22.100 1.650
vertex 117.150 22.400 1.650
endloop
endfacet
facet normal 0 0 0
outer loop
vertex 113.600 22.100 1.650
vertex 117.150 22.400 1.650
vertex 113.600 22.400 1.650
endloop
endfacet
facet normal 0 0 0
outer loop
vertex 113.600 22.100 1.700
vertex 117.150 22.400 1.700
vertex 117.150 22.100 1.700
endloop
endfacet
facet normal 0 0 0
outer loop
vertex 113.600 22.100 1.700
vertex 117.150 22.100 1.700
vertex 113.600 22.100 1.700
endloop
endfacet
facet normal 0 0 0
outer loop
vertex 113.600 22.100 1.650
vertex 113.600 22.100 1.700
vertex 117.150 22.100 1.700
endloop
endfacet
facet normal 0 0 0
outer loop
vertex 113.600 22.100 1.650
vertex 117.150 22.100 1.700
vertex 117.150 22.100 1.650
endloop
endfacet
facet normal 0 0 0
outer loop
vertex 117.150 22.100 1.650
vertex 117.150 22.100 1.700
vertex 117.150 22.400 1.700
endloop
endfacet
facet normal 0 0 0
outer loop
vertex 117.150 22.100 1.650
vertex 117.150 22.400 1.700
vertex 117.150 22.400 1.650
endloop
endfacet
facet normal 0 0 0
outer loop
vertex 117.150 22.400 1.650
vertex 117.150 22.400 1.700
vertex 113.600 22.400 1.700
endloop
endfacet
facet normal 0 0 0
outer loop
vertex 117.150 22.400 1.650
vertex 113.600 22.400 1.700
vertex 113.600 22.400 1.650
endloop
endfacet
facet normal 0 0 0
outer loop
vertex 113.600 22.400 1.650
vertex 113.600 22.400 1.700
vertex 113.600 22.100 1.700
endloop
endfacet
facet normal 0 0 0
outer loop
vertex 113.600 22.400 1.650
vertex 113.600 22.100 1.700
vertex 113.600 22.100 1.650
endloop
endfacet
facet normal 0 0 0
outer loop
vertex 113.600 20.350 1.650
vertex 113.900 20.350 1.650
vertex 113.900 22.400 1.650
endloop
endfacet
facet normal 0 0 0
outer loop
vertex 113.600 20.350 1.650
vertex 113.900 22.400 1.650
vertex 113.600 22.400 1.650
endloop
endfacet
facet normal 0 0 0
outer loop
vertex 113.600 20.350 1.700
vertex 113.900 22.400 1.700
vertex 113.900 20.350 1.700
endloop
endfacet
facet normal 0 0 0
outer loop
vertex 113.600 20.350 1.700
vertex 113.900 20.350 1.700
vertex 113.600 20.350 1.700
endloop
endfacet
facet normal 0 0 0
outer loop
vertex 113.600 20.350 1.650
vertex 113.600 20.350 1.700
vertex 113.900 20.350 1.700
endloop
endfacet
facet normal 0 0 0
outer loop
vertex 113.600 20.350 1.650
vertex 113.900 20.350 1.700
vertex 113.900 20.350 1.650
endloop
endfacet
facet normal 0 0 0
outer loop
vertex 113.900 20.350 1.650
vertex 113.900 20.350 1.700
vertex 113.900 22.400 1.700
endloop
endfacet
facet normal 0 0 0
outer loop
vertex 113.900 20.350 1.650
vertex 113.900 22.400 1.700
vertex 113.900 22.400 1.650
endloop
endfacet
facet normal 0 0 0
outer loop
vertex 113.900 22.400 1.650
vertex 113.900 22.400 1.700
vertex 113.600 22.400 1.700
endloop
endfacet
facet normal 0 0 0
outer loop
vertex 113.900 22.400 1.650
vertex 113.600 22.400 1.700
vertex 113.600 22.400 1.650
endloop
endfacet
facet normal 0 0 0
outer loop
vertex 113.600 22.400 1.650
vertex 113.600 22.400 1.700
vertex 113.600 20.350 1.700
endloop
endfacet
facet normal 0 0 0
outer loop
vertex 113.600 22.400 1.650
vertex 113.600 20.350 1.700
vertex 113.600 20.350 1.650
endloop
endfacet
facet normal 0 0 0
outer loop
vertex 113.700 22.900 1.650
vertex 120.650 22.900 1.650
vertex 120.650 23.200 1.650
endloop
endfacet
facet normal 0 0 0
outer loop
vertex 113.700 22.900 1.650
vertex 120.650 23.200 1.650
vertex 113.700 23.200 1.650
endloop
endfacet
facet normal 0 0 0
outer loop
vertex 113.700 22.900 1.700
vertex 120.650 23.200 1.700
vertex 120.650 22.900 1.700
endloop
endfacet
facet normal 0 0 0
outer loop
vertex 113.700 22.900 1.700
vertex 120.650 22.900 1.700
vertex 113.700 22.900 1.700
endloop
endfacet
facet normal 0 0 0
outer loop
vertex 113.700 22.900 1.650
vertex 113.700 22.900 1.700
vertex 120.650 22.900 1.700
endloop
endfacet
facet normal 0 0 0
outer loop
vertex 113.700 22.900 1.650
vertex 120.650 22.900 1.700
vertex 120.650 22.900 1.650
endloop
endfacet
facet normal 0 0 0
outer loop
vertex 120.650 22.900 1.650
vertex 120.650 22.900 1.700
vertex 120.650 23.200 1.700
endloop
endfacet
facet normal 0 0 0
outer loop
vertex 120.650 22.900 1.650
vertex 120.650 23.200 1.700
vertex 120.650 23.200 1.650
endloop
endfacet
facet normal 0 0 0
outer loop
vertex 120.650 23.200 1.650
vertex 120.650 23.200 1.700
vertex 113.700 23.200 1.700
endloop
endfacet
facet normal 0 0 0
outer loop
vertex 120.650 23.200 1.650
vertex 113.700 23.200 1.700
vertex 113.700 23.200 1.650
endloop
endfacet
facet normal 0 0 0
outer loop
vertex 113.700 23.200 1.650
vertex 113.700 23.200 1.700
vertex 113.700 22.900 1.700
endloop
endfacet
facet normal 0 0 0
outer loop
vertex 113.700 23.200 1.650
vertex 113.700 22.900 1.700
vertex 113.700 22.900 1.650
endloop
endfacet
facet normal 0 0 0
outer loop
vertex 113.700 20.400 1.650
vertex 114.000 20.400 1.650
vertex 114.000 23.200 1.650
endloop
endfacet
facet normal 0 0 0
outer loop
vertex 113.700 20.400 1.650
vertex 114.000 23.200 1.650
vertex 113.700 23.200 1.650
endloop
endfacet
facet normal 0 0 0
outer loop
vertex 113.700 20.400 1.700
vertex 114.000 23.200 1.700
vertex 114.000 20.400 1.700
endloop
endfacet
facet normal 0 0 0
outer loop
vertex 113.700 20.400 1.700
vertex 114.000 20.400 1.700
vertex 113.700 20.400 1.700
endloop
endfacet
facet normal 0 0 0
outer loop
vertex 113.700 20.400 1.650
vertex 113.700 20.400 1.700
vertex 114.000 20.400 1.700
endloop
endfacet
facet normal 0 0 0
outer loop
vertex 113.700 20.400 1.650
vertex 114.000 20.400 1.700
vertex 114.000 20.400 1.650
endloop
endfacet
facet normal 0 0 0
outer loop
vertex 114.000 20.400 1.650
vertex 114.000 20.400 1.700
vertex 114.000 23.200 1.700
endloop
endfacet
facet normal 0 0 0
outer loop
vertex 114.000 20.400 1.650
vertex 114.000 23.200 1.700
vertex 114.000 23.200 1.650
endloop
endfacet
facet normal 0 0 0
outer loop
vertex 114.000 23.200 1.650
vertex 114.000 23.200 1.700
vertex 113.700 23.200 1.700
endloop
endfacet
facet normal 0 0 0
outer loop
vertex 114.000 23.200 1.650
vertex 113.700 23.200 1.700
vertex 113.700 23.200 1.650
endloop
endfacet
facet normal 0 0 0
outer loop
vertex 113.700 23.200 1.650
vertex 113.700 23.200 1.700
vertex 113.700 20.400 1.700
endloop
endfacet
facet normal 0 0 0
outer loop
vertex 113.700 23.200 1.650
vertex 113.700 20.400 1.700
vertex 113.700 20.400 1.650
endloop
endfacet
facet normal 0 0 0
outer loop
vertex 120.350 13.400 1.650
vertex 120.650 13.400 1.650
vertex 120.650 23.200 1.650
endloop
endfacet
facet normal 0 0 0
outer loop
vertex 120.350 13.400 1.650
vertex 120.650 23.200 1.650
vertex 120.350 23.200 1.650
endloop
endfacet
facet normal 0 0 0
outer loop
vertex 120.350 13.400 1.700
vertex 120.650 23.200 1.700
vertex 120.650 13.400 1.700
endloop
endfacet
facet normal 0 0 0
outer loop
vertex 120.350 13.400 1.700
vertex 120.650 13.400 1.700
vertex 120.350 13.400 1.700
endloop
endfacet
facet normal 0 0 0
outer loop
vertex 120.350 13.400 1.650
vertex 120.350 13.400 1.700
vertex 120.650 13.400 1.700
endloop
endfacet
facet normal 0 0 0
outer loop
vertex 120.350 13.400 1.650
vertex 120.650 13.400 1.700
vertex 120.650 13.400 1.650
endloop
endfacet
facet normal 0 0 0
outer loop
vertex 120.650 13.400 1.650
vertex 120.650 13.400 1.700
vertex 120.650 23.200 1.700
endloop
endfacet
facet normal 0 0 0
outer loop
vertex 120.650 13.400 1.650
vertex 120.650 23.200 1.700
vertex 120.650 23.200 1.650
endloop
endfacet
facet normal 0 0 0
outer loop
vertex 120.650 23.200 1.650
vertex 120.650 23.200 1.700
vertex 120.350 23.200 1.700
endloop
endfacet
facet normal 0 0 0
outer loop
vertex 120.650 23.200 1.650
vertex 120.350 23.200 1.700
vertex 120.350 23.200 1.650
endloop
endfacet
facet normal 0 0 0
outer loop
vertex 120.350 23.200 1.650
vertex 120.350 23.200 1.700
vertex 120.350 13.400 1.700
endloop
endfacet
facet normal 0 0 0
outer loop
vertex 120.350 23.200 1.650
vertex 120.350 13.400 1.700
vertex 120.350 13.400 1.650
endloop
endfacet
facet normal 0 0 0
outer loop
vertex 120.350 13.400 1.650
vertex 121.150 13.400 1.650
vertex 121.150 13.700 1.650
endloop
endfacet
facet normal 0 0 0
outer loop
vertex 120.350 13.400 1.650
vertex 121.150 13.700 1.650
vertex 120.350 13.700 1.650
endloop
endfacet
facet normal 0 0 0
outer loop
vertex 120.350 13.400 1.700
vertex 121.150 13.700 1.700
vertex 121.150 13.400 1.700
endloop
endfacet
facet normal 0 0 0
outer loop
vertex 120.350 13.400 1.700
vertex 121.150 13.400 1.700
vertex 120.350 13.400 1.700
endloop
endfacet
facet normal 0 0 0
outer loop
vertex 120.350 13.400 1.650
vertex 120.350 13.400 1.700
vertex 121.150 13.400 1.700
endloop
endfacet
facet normal 0 0 0
outer loop
vertex 120.350 13.400 1.650
vertex 121.150 13.400 1.700
vertex 121.150 13.400 1.650
endloop
endfacet
facet normal 0 0 0
outer loop
vertex 121.150 13.400 1.650
vertex 121.150 13.400 1.700
vertex 121.150 13.700 1.700
endloop
endfacet
facet normal 0 0 0
outer loop
vertex 121.150 13.400 1.650
vertex 121.150 13.700 1.700
vertex 121.150 13.700 1.650
endloop
endfacet
facet normal 0 0 0
outer loop
vertex 121.150 13.700 1.650
vertex 121.150 13.700 1.700
vertex 120.350 13.700 1.700
endloop
endfacet
facet normal 0 0 0
outer loop
vertex 121.150 13.700 1.650
vertex 120.350 13.700 1.700
vertex 120.350 13.700 1.650
endloop
endfacet
facet normal 0 0 0
outer loop
vertex 120.350 13.700 1.650
vertex 120.350 13.700 1.700
vertex 120.350 13.400 1.700
endloop
endfacet
facet normal 0 0 0
outer loop
vertex 120.350 13.700 1.650
vertex 120.350 13.400 1.700
vertex 120.350 13.400 1.650
endloop
endfacet
facet normal 0 0 0
outer loop
vertex 120.850 13.400 1.950
vertex 121.150 13.400 1.950
vertex 121.150 23.200 1.950
endloop
endfacet
facet normal 0 0 0
outer loop
vertex 120.850 13.400 1.950
vertex 121.150 23.200 1.950
vertex 120.850 23.200 1.950
endloop
endfacet
facet normal 0 0 0
outer loop
vertex 120.850 13.400 2.000
vertex 121.150 23.200 2.000
vertex 121.150 13.400 2.000
endloop
endfacet
facet normal 0 0 0
outer loop
vertex 120.850 13.400 2.000
vertex 121.150 13.400 2.000
vertex 120.850 13.400 2.000
endloop
endfacet
facet normal 0 0 0
outer loop
vertex 120.850 13.400 1.950
vertex 120.850 13.400 2.000
vertex 121.150 13.400 2.000
endloop
endfacet
facet normal 0 0 0
outer loop
vertex 120.850 13.400 1.950
vertex 121.150 13.400 2.000
vertex 121.150 13.400 1.950
endloop
endfacet
facet normal 0 0 0
outer loop
vertex 121.150 13.400 1.950
vertex 121.150 13.400 2.000
vertex 121.150 23.200 2.000
endloop
endfacet
facet normal 0 0 0
outer loop
vertex 121.150 13.400 1.950
vertex 121.150 23.200 2.000
vertex 121.150 23.200 1.950
endloop
endfacet
facet normal 0 0 0
outer loop
vertex 121.150 23.200 1.950
vertex 121.150 23.200 2.000
vertex 120.850 23.200 2.000
endloop
endfacet
facet normal 0 0 0
outer loop
vertex 121.150 23.200 1.950
vertex 120.850 23.200 2.000
vertex 120.850 23.200 1.950
endloop
endfacet
facet normal 0 0 0
outer loop
vertex 120.850 23.200 1.950
vertex 120.850 23.200 2.000
vertex 120.850 13.400 2.000
endloop
endfacet
facet normal 0 0 0
outer loop
vertex 120.850 23.200 1.950
vertex 120.850 13.400 2.000
vertex 120.850 13.400 1.950
endloop
endfacet
facet normal 0 0 0
outer loop
vertex 120.850 13.400 1.950
vertex 123.690 13.400 1.950
vertex 123.690 13.700 1.950
endloop
endfacet
facet normal 0 0 0
outer loop
vertex 120.850 13.400 1.950
vertex 123.690 13.700 1.950
vertex 120.850 13.700 1.950
endloop
endfacet
facet normal 0 0 0
outer loop
vertex 120.850 13.400 2.000
vertex 123.690 13.700 2.000
vertex 123.690 13.400 2.000
endloop
endfacet
facet normal 0 0 0
outer loop
vertex 120.850 13.400 2.000
vertex 123.690 13.400 2.000
vertex 120.850 13.400 2.000
endloop
endfacet
facet normal 0 0 0
outer loop
vertex 120.850 13.400 1.950
vertex 120.850 13.400 2.000
vertex 123.690 13.400 2.000
endloop
endfacet
facet normal 0 0 0
outer loop
vertex 120.850 13.400 1.950
vertex 123.690 13.400 2.000
vertex 123.690 13.400 1.950
endloop
endfacet
facet normal 0 0 0
outer loop
vertex 123.690 13.400 1.950
vertex 123.690 13.400 2.000
vertex 123.690 13.700 2.000
endloop
endfacet
facet normal 0 0 0
outer loop
vertex 123.690 13.400 1.950
vertex 123.690 13.700 2.000
vertex 123.690 13.700 1.950
endloop
endfacet
facet normal 0 0 0
outer loop
vertex 123.690 13.700 1.950
vertex 123.690 13.700 2.000
vertex 120.850 13.700 2.000
endloop
endfacet
facet normal 0 0 0
outer loop
vertex 123.690 13.700 1.950
vertex 120.850 13.700 2.000
vertex 120.850 13.700 1.950
endloop
endfacet
facet normal 0 0 0
outer loop
vertex 120.850 13.700 1.950
vertex 120.850 13.700 2.000
vertex 120.850 13.400 2.000
endloop
endfacet
facet normal 0 0 0
outer loop
vertex 120.850 13.700 1.950
vertex 120.850 13.400 2.000
vertex 120.850 13.400 1.950
endloop
endfacet
facet normal 0 0 0
outer loop
vertex 121.350 20.350 1.950
vertex 121.650 20.350 1.950
vertex 121.650 23.150 1.950
endloop
endfacet
facet normal 0 0 0
outer loop
vertex 121.350 20.350 1.950
vertex 121.650 23.150 1.950
vertex 121.350 23.150 1.950
endloop
endfacet
facet normal 0 0 0
outer loop
vertex 121.350 20.350 2.000
vertex 121.650 23.150 2.000
vertex 121.650 20.350 2.000
endloop
endfacet
facet normal 0 0 0
outer loop
vertex 121.350 20.350 2.000
vertex 121.650 20.350 2.000
vertex 121.350 20.350 2.000
endloop
endfacet
facet normal 0 0 0
outer loop
vertex 121.350 20.350 1.950
vertex 121.350 20.350 2.000
vertex 121.650 20.350 2.000
endloop
endfacet
facet normal 0 0 0
outer loop
vertex 121.350 20.350 1.950
vertex 121.650 20.350 2.000
vertex 121.650 20.350 1.950
endloop
endfacet
facet normal 0 0 0
outer loop
vertex 121.650 20.350 1.950
vertex 121.650 20.350 2.000
vertex 121.650 23.150 2.000
endloop
endfacet
facet normal 0 0 0
outer loop
vertex 121.650 20.350 1.950
vertex 121.650 23.150 2.000
vertex 121.650 23.150 1.950
endloop
endfacet
facet normal 0 0 0
outer loop
vertex 121.650 23.150 1.950
vertex 121.650 23.150 2.000
vertex 121.350 23.150 2.000
endloop
endfacet
facet normal 0 0 0
outer loop
vertex 121.650 23.150 1.950
vertex 121.350 23.150 2.000
vertex 121.350 23.150 1.950
endloop
endfacet
facet normal 0 0 0
outer loop
vertex 121.350 23.150 1.950
vertex 121.350 23.150 2.000
vertex 121.350 20.350 2.000
endloop
endfacet
facet normal 0 0 0
outer loop
vertex 121.350 23.150 1.950
vertex 121.350 20.350 2.000
vertex 121.350 20.350 1.950
endloop
endfacet
facet normal 0 0 0
outer loop
vertex 121.350 20.350 1.950
vertex 125.900 20.350 1.950
vertex 125.900 20.650 1.950
endloop
endfacet
facet normal 0 0 0
outer loop
vertex 121.350 20.350 1.950
vertex 125.900 20.650 1.950
vertex 121.350 20.650 1.950
endloop
endfacet
facet normal 0 0 0
outer loop
vertex 121.350 20.350 2.000
vertex 125.900 20.650 2.000
vertex 125.900 20.350 2.000
endloop
endfacet
facet normal 0 0 0
outer loop
vertex 121.350 20.350 2.000
vertex 125.900 20.350 2.000
vertex 121.350 20.350 2.000
endloop
endfacet
facet normal 0 0 0
outer loop
vertex 121.350 20.350 1.950
vertex 121.350 20.350 2.000
vertex 125.900 20.350 2.000
endloop
endfacet
facet normal 0 0 0
outer loop
vertex 121.350 20.350 1.950
vertex 125.900 20.350 2.000
vertex 125.900 20.350 1.950
endloop
endfacet
facet normal 0 0 0
outer loop
vertex 125.900 20.350 1.950
vertex 125.900 20.350 2.000
vertex 125.900 20.650 2.000
endloop
endfacet
facet normal 0 0 0
outer loop
vertex 125.900 20.350 1.950
vertex 125.900 20.650 2.000
vertex 125.900 20.650 1.950
endloop
endfacet
facet normal 0 0 0
outer loop
vertex 125.900 20.650 1.950
vertex 125.900 20.650 2.000
vertex 121.350 20.650 2.000
endloop
endfacet
facet normal 0 0 0
outer loop
vertex 125.900 20.650 1.950
vertex 121.350 20.650 2.000
vertex 121.350 20.650 1.950
endloop
endfacet
facet normal 0 0 0
outer loop
vertex 121.350 20.650 1.950
vertex 121.350 20.650 2.000
vertex 121.350 20.350 2.000
endloop
endfacet
facet normal 0 0 0
outer loop
vertex 121.350 20.650 1.950
vertex 121.350 20.350 2.000
vertex 121.350 20.350 1.950
endloop
endfacet
facet normal 0 0 0
outer loop
vertex 121.350 22.900 1.950
vertex 126.000 22.900 1.950
vertex 126.000 23.200 1.950
endloop
endfacet
facet normal 0 0 0
outer loop
vertex 121.350 22.900 1.950
vertex 126.000 23.200 1.950
vertex 121.350 23.200 1.950
endloop
endfacet
facet normal 0 0 0
outer loop
vertex 121.350 22.900 2.000
vertex 126.000 23.200 2.000
vertex 126.000 22.900 2.000
endloop
endfacet
facet normal 0 0 0
outer loop
vertex 121.350 22.900 2.000
vertex 126.000 22.900 2.000
vertex 121.350 22.900 2.000
endloop
endfacet
facet normal 0 0 0
outer loop
vertex 121.350 22.900 1.950
vertex 121.350 22.900 2.000
vertex 126.000 22.900 2.000
endloop
endfacet
facet normal 0 0 0
outer loop
vertex 121.350 22.900 1.950
vertex 126.000 22.900 2.000
vertex 126.000 22.900 1.950
endloop
endfacet
facet normal 0 0 0
outer loop
vertex 126.000 22.900 1.950
vertex 126.000 22.900 2.000
vertex 126.000 23.200 2.000
endloop
endfacet
facet normal 0 0 0
outer loop
vertex 126.000 22.900 1.950
vertex 126.000 23.200 2.000
vertex 126.000 23.200 1.950
endloop
endfacet
facet normal 0 0 0
outer loop
vertex 126.000 23.200 1.950
vertex 126.000 23.200 2.000
vertex 121.350 23.200 2.000
endloop
endfacet
facet normal 0 0 0
outer loop
vertex 126.000 23.200 1.950
vertex 121.350 23.200 2.000
vertex 121.350 23.200 1.950
endloop
endfacet
facet normal 0 0 0
outer loop
vertex 121.350 23.200 1.950
vertex 121.350 23.200 2.000
vertex 121.350 22.900 2.000
endloop
endfacet
facet normal 0 0 0
outer loop
vertex 121.350 23.200 1.950
vertex 121.350 22.900 2.000
vertex 121.350 22.900 1.950
endloop
endfacet
facet normal 0 0 0
outer loop
vertex 125.700 20.400 1.950
vertex 126.000 20.400 1.950
vertex 126.000 23.200 1.950
endloop
endfacet
facet normal 0 0 0
outer loop
vertex 125.700 20.400 1.950
vertex 126.000 23.200 1.950
vertex 125.700 23.200 1.950
endloop
endfacet
facet normal 0 0 0
outer loop
vertex 125.700 20.400 2.000
vertex 126.000 23.200 2.000
vertex 126.000 20.400 2.000
endloop
endfacet
facet normal 0 0 0
outer loop
vertex 125.700 20.400 2.000
vertex 126.000 20.400 2.000
vertex 125.700 20.400 2.000
endloop
endfacet
facet normal 0 0 0
outer loop
vertex 125.700 20.400 1.950
vertex 125.700 20.400 2.000
vertex 126.000 20.400 2.000
endloop
endfacet
facet normal 0 0 0
outer loop
vertex 125.700 20.400 1.950
vertex 126.000 20.400 2.000
vertex 126.000 20.400 1.950
endloop
endfacet
facet normal 0 0 0
outer loop
vertex 126.000 20.400 1.950
vertex 126.000 20.400 2.000
vertex 126.000 23.200 2.000
endloop
endfacet
facet normal 0 0 0
outer loop
vertex 126.000 20.400 1.950
vertex 126.000 23.200 2.000
vertex 126.000 23.200 1.950
endloop
endfacet
facet normal 0 0 0
outer loop
vertex 126.000 23.200 1.950
vertex 126.000 23.200 2.000
vertex 125.700 23.200 2.000
endloop
endfacet
facet normal 0 0 0
outer loop
vertex 126.000 23.200 1.950
vertex 125.700 23.200 2.000
vertex 125.700 23.200 1.950
endloop
endfacet
facet normal 0 0 0
outer loop
vertex 125.700 23.200 1.950
vertex 125.700 23.200 2.000
vertex 125.700 20.400 2.000
endloop
endfacet
facet normal 0 0 0
outer loop
vertex 125.700 23.200 1.950
vertex 125.700 20.400 2.000
vertex 125.700 20.400 1.950
endloop
endfacet
facet normal 0 0 0
outer loop
vertex 121.350 13.400 1.950
vertex 121.650 13.400 1.950
vertex 121.650 23.200 1.950
endloop
endfacet
facet normal 0 0 0
outer loop
vertex 121.350 13.400 1.950
vertex 121.650 23.200 1.950
vertex 121.350 23.200 1.950
endloop
endfacet
facet normal 0 0 0
outer loop
vertex 121.350 13.400 2.000
vertex 121.650 23.200 2.000
vertex 121.650 13.400 2.000
endloop
endfacet
facet normal 0 0 0
outer loop
vertex 121.350 13.400 2.000
vertex 121.650 13.400 2.000
vertex 121.350 13.400 2.000
endloop
endfacet
facet normal 0 0 0
outer loop
vertex 121.350 13.400 1.950
vertex 121.350 13.400 2.000
vertex 121.650 13.400 2.000
endloop
endfacet
facet normal 0 0 0
outer loop
vertex 121.350 13.400 1.950
vertex 121.650 13.400 2.000
vertex 121.650 13.400 1.950
endloop
endfacet
facet normal 0 0 0
outer loop
vertex 121.650 13.400 1.950
vertex 121.650 13.400 2.000
vertex 121.650 23.200 2.000
endloop
endfacet
facet normal 0 0 0
outer loop
vertex 121.650 13.400 1.950
vertex 121.650 23.200 2.000
vertex 121.650 23.200 1.950
endloop
endfacet
facet normal 0 0 0
outer loop
vertex 121.650 23.200 1.950
vertex 121.650 23.200 2.000
vertex 121.350 23.200 2.000
endloop
endfacet
facet normal 0 0 0
outer loop
vertex 121.650 23.200 1.950
vertex 121.350 23.200 2.000
vertex 121.350 23.200 1.950
endloop
endfacet
facet normal 0 0 0
outer loop
vertex 121.350 23.200 1.950
vertex 121.350 23.200 2.000
vertex 121.350 13.400 2.000
endloop
endfacet
facet normal 0 0 0
outer loop
vertex 121.350 23.200 1.950
vertex 121.350 13.400 2.000
vertex 121.350 13.400 1.950
endloop
endfacet
facet normal 0 0 0
outer loop
vertex 121.350 13.400 1.950
vertex 126.230 13.400 1.950
vertex 126.230 13.700 1.950
endloop
endfacet
facet normal 0 0 0
outer loop
vertex 121.350 13.400 1.950
vertex 126.230 13.700 1.950
vertex 121.350 13.700 1.950
endloop
endfacet
facet normal 0 0 0
outer loop
vertex 121.350 13.400 2.000
vertex 126.230 13.700 2.000
vertex 126.230 13.400 2.000
endloop
endfacet
facet normal 0 0 0
outer loop
vertex 121.350 13.400 2.000
vertex 126.230 13.400 2.000
vertex 121.350 13.400 2.000
endloop
endfacet
facet normal 0 0 0
outer loop
vertex 121.350 13.400 1.950
vertex 121.350 13.400 2.000
vertex 126.230 13.400 2.000
endloop
endfacet
facet normal 0 0 0
outer loop
vertex 121.350 13.400 1.950
vertex 126.230 13.400 2.000
vertex 126.230 13.400 1.950
endloop
endfacet
facet normal 0 0 0
outer loop
vertex 126.230 13.400 1.950
vertex 126.230 13.400 2.000
vertex 126.230 13.700 2.000
endloop
endfacet
facet normal 0 0 0
outer loop
vertex 126.230 13.400 1.950
vertex 126.230 13.700 2.000
vertex 126.230 13.700 1.950
endloop
endfacet
facet normal 0 0 0
outer loop
vertex 126.230 13.700 1.950
vertex 126.230 13.700 2.000
vertex 121.350 13.700 2.000
endloop
endfacet
facet normal 0 0 0
outer loop
vertex 126.230 13.700 1.950
vertex 121.350 13.700 2.000
vertex 121.350 13.700 1.950
endloop
endfacet
facet normal 0 0 0
outer loop
vertex 121.350 13.700 1.950
vertex 121.350 13.700 2.000
vertex 121.350 13.400 2.000
endloop
endfacet
facet normal 0 0 0
outer loop
vertex 121.350 13.700 1.950
vertex 121.350 13.400 2.000
vertex 121.350 13.400 1.950
endloop
endfacet
facet normal 0 0 0
outer loop
vertex 118.350 13.400 1.650
vertex 118.650 13.400 1.650
vertex 118.650 27.200 1.650
endloop
endfacet
facet normal 0 0 0
outer loop
vertex 118.350 13.400 1.650
vertex 118.650 27.200 1.650
vertex 118.350 27.200 1.650
endloop
endfacet
facet normal 0 0 0
outer loop
vertex 118.350 13.400 1.700
vertex 118.650 27.200 1.700
vertex 118.650 13.400 1.700
endloop
endfacet
facet normal 0 0 0
outer loop
vertex 118.350 13.400 1.700
vertex 118.650 13.400 1.700
vertex 118.350 13.400 1.700
endloop
endfacet
facet normal 0 0 0
outer loop
vertex 118.350 13.400 1.650
vertex 118.350 13.400 1.700
vertex 118.650 13.400 1.700
endloop
endfacet
facet normal 0 0 0
outer loop
vertex 118.350 13.400 1.650
vertex 118.650 13.400 1.700
vertex 118.650 13.400 1.650
endloop
endfacet
facet normal 0 0 0
outer loop
vertex 118.650 13.400 1.650
vertex 118.650 13.400 1.700
vertex 118.650 27.200 1.700
endloop
endfacet
facet normal 0 0 0
outer loop
vertex 118.650 13.400 1.650
vertex 118.650 27.200 1.700
vertex 118.650 27.200 1.650
endloop
endfacet
facet normal 0 0 0
outer loop
vertex 118.650 27.200 1.650
vertex 118.650 27.200 1.700
vertex 118.350 27.200 1.700
endloop
endfacet
facet normal 0 0 0
outer loop
vertex 118.650 27.200 1.650
vertex 118.350 27.200 1.700
vertex 118.350 27.200 1.650
endloop
endfacet
facet normal 0 0 0
outer loop
vertex 118.350 27.200 1.650
vertex 118.350 27.200 1.700
vertex 118.350 13.400 1.700
endloop
endfacet
facet normal 0 0 0
outer loop
vertex 118.350 27.200 1.650
vertex 118.350 13.400 1.700
vertex 118.350 13.400 1.650
endloop
endfacet
facet normal 0 0 0
outer loop
vertex 118.350 13.400 1.650
vertex 128.770 13.400 1.650
vertex 128.770 13.700 1.650
endloop
endfacet
facet normal 0 0 0
outer loop
vertex 118.350 13.400 1.650
vertex 128.770 13.700 1.650
vertex 118.350 13.700 1.650
endloop
endfacet
facet normal 0 0 0
outer loop
vertex 118.350 13.400 1.700
vertex 128.770 13.700 1.700
vertex 128.770 13.400 1.700
endloop
endfacet
facet normal 0 0 0
outer loop
vertex 118.350 13.400 1.700
vertex 128.770 13.400 1.700
vertex 118.350 13.400 1.700
endloop
endfacet
facet normal 0 0 0
outer loop
vertex 118.350 13.400 1.650
vertex 118.350 13.400 1.700
vertex 128.770 13.400 1.700
endloop
endfacet
facet normal 0 0 0
outer loop
vertex 118.350 13.400 1.650
vertex 128.770 13.400 1.700
vertex 128.770 13.400 1.650
endloop
endfacet
facet normal 0 0 0
outer loop
vertex 128.770 13.400 1.650
vertex 128.770 13.400 1.700
vertex 128.770 13.700 1.700
endloop
endfacet
facet normal 0 0 0
outer loop
vertex 128.770 13.400 1.650
vertex 128.770 13.700 1.700
vertex 128.770 13.700 1.650
endloop
endfacet
facet normal 0 0 0
outer loop
vertex 128.770 13.700 1.650
vertex 128.770 13.700 1.700
vertex 118.350 13.700 1.700
endloop
endfacet
facet normal 0 0 0
outer loop
vertex 128.770 13.700 1.650
vertex 118.350 13.700 1.700
vertex 118.350 13.700 1.650
endloop
endfacet
facet normal 0 0 0
outer loop
vertex 118.350 13.700 1.650
vertex 118.350 13.700 1.700
vertex 118.350 13.400 1.700
endloop
endfacet
facet normal 0 0 0
outer loop
vertex 118.350 13.700 1.650
vertex 118.350 13.400 1.700
vertex 118.350 13.400 1.650
endloop
endfacet
facet normal 0 0 0
outer loop
vertex 63.850 22.850 1.650
vertex 64.650 22.850 1.650
vertex 64.650 23.150 1.650
endloop
endfacet
facet normal 0 0 0
outer loop
vertex 63.850 22.850 1.650
vertex 64.650 23.150 1.650
vertex 63.850 23.150 1.650
endloop
endfacet
facet normal 0 0 0
outer loop
vertex 63.850 22.850 1.700
vertex 64.650 23.150 1.700
vertex 64.650 22.850 1.700
endloop
endfacet
facet normal 0 0 0
outer loop
vertex 63.850 22.850 1.700
vertex 64.650 22.850 1.700
vertex 63.850 22.850 1.700
endloop
endfacet
facet normal 0 0 0
outer loop
vertex 63.850 22.850 1.650
vertex 63.850 22.850 1.700
vertex 64.650 22.850 1.700
endloop
endfacet
facet normal 0 0 0
outer loop
vertex 63.850 22.850 1.650
vertex 64.650 22.850 1.700
vertex 64.650 22.850 1.650
endloop
endfacet
facet normal 0 0 0
outer loop
vertex 64.650 22.850 1.650
vertex 64.650 22.850 1.700
vertex 64.650 23.150 1.700
endloop
endfacet
facet normal 0 0 0
outer loop
vertex 64.650 22.850 1.650
vertex 64.650 23.150 1.700
vertex 64.650 23.150 1.650
endloop
endfacet
facet normal 0 0 0
outer loop
vertex 64.650 23.150 1.650
vertex 64.650 23.150 1.700
vertex 63.850 23.150 1.700
endloop
endfacet
facet normal 0 0 0
outer loop
vertex 64.650 23.150 1.650
vertex 63.850 23.150 1.700
vertex 63.850 23.150 1.650
endloop
endfacet
facet normal 0 0 0
outer loop
vertex 63.850 23.150 1.650
vertex 63.850 23.150 1.700
vertex 63.850 22.850 1.700
endloop
endfacet
facet normal 0 0 0
outer loop
vertex 63.850 23.150 1.650
vertex 63.850 22.850 1.700
vertex 63.850 22.850 1.650
endloop
endfacet
facet normal 0 0 0
outer loop
vertex 63.850 21.350 1.650
vertex 64.150 21.350 1.650
vertex 64.150 23.150 1.650
endloop
endfacet
facet normal 0 0 0
outer loop
vertex 63.850 21.350 1.650
vertex 64.150 23.150 1.650
vertex 63.850 23.150 1.650
endloop
endfacet
facet normal 0 0 0
outer loop
vertex 63.850 21.350 1.700
vertex 64.150 23.150 1.700
vertex 64.150 21.350 1.700
endloop
endfacet
facet normal 0 0 0
outer loop
vertex 63.850 21.350 1.700
vertex 64.150 21.350 1.700
vertex 63.850 21.350 1.700
endloop
endfacet
facet normal 0 0 0
outer loop
vertex 63.850 21.350 1.650
vertex 63.850 21.350 1.700
vertex 64.150 21.350 1.700
endloop
endfacet
facet normal 0 0 0
outer loop
vertex 63.850 21.350 1.650
vertex 64.150 21.350 1.700
vertex 64.150 21.350 1.650
endloop
endfacet
facet normal 0 0 0
outer loop
vertex 64.150 21.350 1.650
vertex 64.150 21.350 1.700
vertex 64.150 23.150 1.700
endloop
endfacet
facet normal 0 0 0
outer loop
vertex 64.150 21.350 1.650
vertex 64.150 23.150 1.700
vertex 64.150 23.150 1.650
endloop
endfacet
facet normal 0 0 0
outer loop
vertex 64.150 23.150 1.650
vertex 64.150 23.150 1.700
vertex 63.850 23.150 1.700
endloop
endfacet
facet normal 0 0 0
outer loop
vertex 64.150 23.150 1.650
vertex 63.850 23.150 1.700
vertex 63.850 23.150 1.650
endloop
endfacet
facet normal 0 0 0
outer loop
vertex 63.850 23.150 1.650
vertex 63.850 23.150 1.700
vertex 63.850 21.350 1.700
endloop
endfacet
facet normal 0 0 0
outer loop
vertex 63.850 23.150 1.650
vertex 63.850 21.350 1.700
vertex 63.850 21.350 1.650
endloop
endfacet
facet normal 0 0 0
outer loop
vertex 60.850 21.350 1.650
vertex 64.150 21.350 1.650
vertex 64.150 21.650 1.650
endloop
endfacet
facet normal 0 0 0
outer loop
vertex 60.850 21.350 1.650
vertex 64.150 21.650 1.650
vertex 60.850 21.650 1.650
endloop
endfacet
facet normal 0 0 0
outer loop
vertex 60.850 21.350 1.700
vertex 64.150 21.650 1.700
vertex 64.150 21.350 1.700
endloop
endfacet
facet normal 0 0 0
outer loop
vertex 60.850 21.350 1.700
vertex 64.150 21.350 1.700
vertex 60.850 21.350 1.700
endloop
endfacet
facet normal 0 0 0
outer loop
vertex 60.850 21.350 1.650
vertex 60.850 21.350 1.700
vertex 64.150 21.350 1.700
endloop
endfacet
facet normal 0 0 0
outer loop
vertex 60.850 21.350 1.650
vertex 64.150 21.350 1.700
vertex 64.150 21.350 1.650
endloop
endfacet
facet normal 0 0 0
outer loop
vertex 64.150 21.350 1.650
vertex 64.150 21.350 1.700
vertex 64.150 21.650 1.700
endloop
endfacet
facet normal 0 0 0
outer loop
vertex 64.150 21.350 1.650
vertex 64.150 21.650 1.700
vertex 64.150 21.650 1.650
endloop
endfacet
facet normal 0 0 0
outer loop
vertex 64.150 21.650 1.650
vertex 64.150 21.650 1.700
vertex 60.850 21.650 1.700
endloop
endfacet
facet normal 0 0 0
outer loop
vertex 64.150 21.650 1.650
vertex 60.850 21.650 1.700
vertex 60.850 21.650 1.650
endloop
endfacet
facet normal 0 0 0
outer loop
vertex 60.850 21.650 1.650
vertex 60.850 21.650 1.700
vertex 60.850 21.350 1.700
endloop
endfacet
facet normal 0 0 0
outer loop
vertex 60.850 21.650 1.650
vertex 60.850 21.350 1.700
vertex 60.850 21.350 1.650
endloop
endfacet
facet normal 0 0 0
outer loop
vertex 60.850 21.350 1.650
vertex 61.150 21.350 1.650
vertex 61.150 22.400 1.650
endloop
endfacet
facet normal 0 0 0
outer loop
vertex 60.850 21.350 1.650
vertex 61.150 22.400 1.650
vertex 60.850 22.400 1.650
endloop
endfacet
facet normal 0 0 0
outer loop
vertex 60.850 21.350 1.700
vertex 61.150 22.400 1.700
vertex 61.150 21.350 1.700
endloop
endfacet
facet normal 0 0 0
outer loop
vertex 60.850 21.350 1.700
vertex 61.150 21.350 1.700
vertex 60.850 21.350 1.700
endloop
endfacet
facet normal 0 0 0
outer loop
vertex 60.850 21.350 1.650
vertex 60.850 21.350 1.700
vertex 61.150 21.350 1.700
endloop
endfacet
facet normal 0 0 0
outer loop
vertex 60.850 21.350 1.650
vertex 61.150 21.350 1.700
vertex 61.150 21.350 1.650
endloop
endfacet
facet normal 0 0 0
outer loop
vertex 61.150 21.350 1.650
vertex 61.150 21.350 1.700
vertex 61.150 22.400 1.700
endloop
endfacet
facet normal 0 0 0
outer loop
vertex 61.150 21.350 1.650
vertex 61.150 22.400 1.700
vertex 61.150 22.400 1.650
endloop
endfacet
facet normal 0 0 0
outer loop
vertex 61.150 22.400 1.650
vertex 61.150 22.400 1.700
vertex 60.850 22.400 1.700
endloop
endfacet
facet normal 0 0 0
outer loop
vertex 61.150 22.400 1.650
vertex 60.850 22.400 1.700
vertex 60.850 22.400 1.650
endloop
endfacet
facet normal 0 0 0
outer loop
vertex 60.850 22.400 1.650
vertex 60.850 22.400 1.700
vertex 60.850 21.350 1.700
endloop
endfacet
facet normal 0 0 0
outer loop
vertex 60.850 22.400 1.650
vertex 60.850 21.350 1.700
vertex 60.850 21.350 1.650
endloop
endfacet
facet normal 0 0 0
outer loop
vertex 57.600 22.100 1.650
vertex 61.150 22.100 1.650
vertex 61.150 22.400 1.650
endloop
endfacet
facet normal 0 0 0
outer loop
vertex 57.600 22.100 1.650
vertex 61.150 22.400 1.650
vertex 57.600 22.400 1.650
endloop
endfacet
facet normal 0 0 0
outer loop
vertex 57.600 22.100 1.700
vertex 61.150 22.400 1.700
vertex 61.150 22.100 1.700
endloop
endfacet
facet normal 0 0 0
outer loop
vertex 57.600 22.100 1.700
vertex 61.150 22.100 1.700
vertex 57.600 22.100 1.700
endloop
endfacet
facet normal 0 0 0
outer loop
vertex 57.600 22.100 1.650
vertex 57.600 22.100 1.700
vertex 61.150 22.100 1.700
endloop
endfacet
facet normal 0 0 0
outer loop
vertex 57.600 22.100 1.650
vertex 61.150 22.100 1.700
vertex 61.150 22.100 1.650
endloop
endfacet
facet normal 0 0 0
outer loop
vertex 61.150 22.100 1.650
vertex 61.150 22.100 1.700
vertex 61.150 22.400 1.700
endloop
endfacet
facet normal 0 0 0
outer loop
vertex 61.150 22.100 1.650
vertex 61.150 22.400 1.700
vertex 61.150 22.400 1.650
endloop
endfacet
facet normal 0 0 0
outer loop
vertex 61.150 22.400 1.650
vertex 61.150 22.400 1.700
vertex 57.600 22.400 1.700
endloop
endfacet
facet normal 0 0 0
outer loop
vertex 61.150 22.400 1.650
vertex 57.600 22.400 1.700
vertex 57.600 22.400 1.650
endloop
endfacet
facet normal 0 0 0
outer loop
vertex 57.600 22.400 1.650
vertex 57.600 22.400 1.700
vertex 57.600 22.100 1.700
endloop
endfacet
facet normal 0 0 0
outer loop
vertex 57.600 22.400 1.650
vertex 57.600 22.100 1.700
vertex 57.600 22.100 1.650
endloop
endfacet
facet normal 0 0 0
outer loop
vertex 57.600 20.350 1.650
vertex 57.900 20.350 1.650
vertex 57.900 22.400 1.650
endloop
endfacet
facet normal 0 0 0
outer loop
vertex 57.600 20.350 1.650
vertex 57.900 22.400 1.650
vertex 57.600 22.400 1.650
endloop
endfacet
facet normal 0 0 0
outer loop
vertex 57.600 20.350 1.700
vertex 57.900 22.400 1.700
vertex 57.900 20.350 1.700
endloop
endfacet
facet normal 0 0 0
outer loop
vertex 57.600 20.350 1.700
vertex 57.900 20.350 1.700
vertex 57.600 20.350 1.700
endloop
endfacet
facet normal 0 0 0
outer loop
vertex 57.600 20.350 1.650
vertex 57.600 20.350 1.700
vertex 57.900 20.350 1.700
endloop
endfacet
facet normal 0 0 0
outer loop
vertex 57.600 20.350 1.650
vertex 57.900 20.350 1.700
vertex 57.900 20.350 1.650
endloop
endfacet
facet normal 0 0 0
outer loop
vertex 57.900 20.350 1.650
vertex 57.900 20.350 1.700
vertex 57.900 22.400 1.700
endloop
endfacet
facet normal 0 0 0
outer loop
vertex 57.900 20.350 1.650
vertex 57.900 22.400 1.700
vertex 57.900 22.400 1.650
endloop
endfacet
facet normal 0 0 0
outer loop
vertex 57.900 22.400 1.650
vertex 57.900 22.400 1.700
vertex 57.600 22.400 1.700
endloop
endfacet
facet normal 0 0 0
outer loop
vertex 57.900 22.400 1.650
vertex 57.600 22.400 1.700
vertex 57.600 22.400 1.650
endloop
endfacet
facet normal 0 0 0
outer loop
vertex 57.600 22.400 1.650
vertex 57.600 22.400 1.700
vertex 57.600 20.350 1.700
endloop
endfacet
facet normal 0 0 0
outer loop
vertex 57.600 22.400 1.650
vertex 57.600 20.350 1.700
vertex 57.600 20.350 1.650
endloop
endfacet
facet normal 0 0 0
outer loop
vertex 57.700 22.900 1.650
vertex 64.650 22.900 1.650
vertex 64.650 23.200 1.650
endloop
endfacet
facet normal 0 0 0
outer loop
vertex 57.700 22.900 1.650
vertex 64.650 23.200 1.650
vertex 57.700 23.200 1.650
endloop
endfacet
facet normal 0 0 0
outer loop
vertex 57.700 22.900 1.700
vertex 64.650 23.200 1.700
vertex 64.650 22.900 1.700
endloop
endfacet
facet normal 0 0 0
outer loop
vertex 57.700 22.900 1.700
vertex 64.650 22.900 1.700
vertex 57.700 22.900 1.700
endloop
endfacet
facet normal 0 0 0
outer loop
vertex 57.700 22.900 1.650
vertex 57.700 22.900 1.700
vertex 64.650 22.900 1.700
endloop
endfacet
facet normal 0 0 0
outer loop
vertex 57.700 22.900 1.650
vertex 64.650 22.900 1.700
vertex 64.650 22.900 1.650
endloop
endfacet
facet normal 0 0 0
outer loop
vertex 64.650 22.900 1.650
vertex 64.650 22.900 1.700
vertex 64.650 23.200 1.700
endloop
endfacet
facet normal 0 0 0
outer loop
vertex 64.650 22.900 1.650
vertex 64.650 23.200 1.700
vertex 64.650 23.200 1.650
endloop
endfacet
facet normal 0 0 0
outer loop
vertex 64.650 23.200 1.650
vertex 64.650 23.200 1.700
vertex 57.700 23.200 1.700
endloop
endfacet
facet normal 0 0 0
outer loop
vertex 64.650 23.200 1.650
vertex 57.700 23.200 1.700
vertex 57.700 23.200 1.650
endloop
endfacet
facet normal 0 0 0
outer loop
vertex 57.700 23.200 1.650
vertex 57.700 23.200 1.700
vertex 57.700 22.900 1.700
endloop
endfacet
facet normal 0 0 0
outer loop
vertex 57.700 23.200 1.650
vertex 57.700 22.900 1.700
vertex 57.700 22.900 1.650
endloop
endfacet
facet normal 0 0 0
outer loop
vertex 57.700 20.400 1.650
vertex 58.000 20.400 1.650
vertex 58.000 23.200 1.650
endloop
endfacet
facet normal 0 0 0
outer loop
vertex 57.700 20.400 1.650
vertex 58.000 23.200 1.650
vertex 57.700 23.200 1.650
endloop
endfacet
facet normal 0 0 0
outer loop
vertex 57.700 20.400 1.700
vertex 58.000 23.200 1.700
vertex 58.000 20.400 1.700
endloop
endfacet
facet normal 0 0 0
outer loop
vertex 57.700 20.400 1.700
vertex 58.000 20.400 1.700
vertex 57.700 20.400 1.700
endloop
endfacet
facet normal 0 0 0
outer loop
vertex 57.700 20.400 1.650
vertex 57.700 20.400 1.700
vertex 58.000 20.400 1.700
endloop
endfacet
facet normal 0 0 0
outer loop
vertex 57.700 20.400 1.650
vertex 58.000 20.400 1.700
vertex 58.000 20.400 1.650
endloop
endfacet
facet normal 0 0 0
outer loop
vertex 58.000 20.400 1.650
vertex 58.000 20.400 1.700
vertex 58.000 23.200 1.700
endloop
endfacet
facet normal 0 0 0
outer loop
vertex 58.000 20.400 1.650
vertex 58.000 23.200 1.700
vertex 58.000 23.200 1.650
endloop
endfacet
facet normal 0 0 0
outer loop
vertex 58.000 23.200 1.650
vertex 58.000 23.200 1.700
vertex 57.700 23.200 1.700
endloop
endfacet
facet normal 0 0 0
outer loop
vertex 58.000 23.200 1.650
vertex 57.700 23.200 1.700
vertex 57.700 23.200 1.650
endloop
endfacet
facet normal 0 0 0
outer loop
vertex 57.700 23.200 1.650
vertex 57.700 23.200 1.700
vertex 57.700 20.400 1.700
endloop
endfacet
facet normal 0 0 0
outer loop
vertex 57.700 23.200 1.650
vertex 57.700 20.400 1.700
vertex 57.700 20.400 1.650
endloop
endfacet
facet normal 0 0 0
outer loop
vertex 64.350 13.400 1.650
vertex 64.650 13.400 1.650
vertex 64.650 23.200 1.650
endloop
endfacet
facet normal 0 0 0
outer loop
vertex 64.350 13.400 1.650
vertex 64.650 23.200 1.650
vertex 64.350 23.200 1.650
endloop
endfacet
facet normal 0 0 0
outer loop
vertex 64.350 13.400 1.700
vertex 64.650 23.200 1.700
vertex 64.650 13.400 1.700
endloop
endfacet
facet normal 0 0 0
outer loop
vertex 64.350 13.400 1.700
vertex 64.650 13.400 1.700
vertex 64.350 13.400 1.700
endloop
endfacet
facet normal 0 0 0
outer loop
vertex 64.350 13.400 1.650
vertex 64.350 13.400 1.700
vertex 64.650 13.400 1.700
endloop
endfacet
facet normal 0 0 0
outer loop
vertex 64.350 13.400 1.650
vertex 64.650 13.400 1.700
vertex 64.650 13.400 1.650
endloop
endfacet
facet normal 0 0 0
outer loop
vertex 64.650 13.400 1.650
vertex 64.650 13.400 1.700
vertex 64.650 23.200 1.700
endloop
endfacet
facet normal 0 0 0
outer loop
vertex 64.650 13.400 1.650
vertex 64.650 23.200 1.700
vertex 64.650 23.200 1.650
endloop
endfacet
facet normal 0 0 0
outer loop
vertex 64.650 23.200 1.650
vertex 64.650 23.200 1.700
vertex 64.350 23.200 1.700
endloop
endfacet
facet normal 0 0 0
outer loop
vertex 64.650 23.200 1.650
vertex 64.350 23.200 1.700
vertex 64.350 23.200 1.650
endloop
endfacet
facet normal 0 0 0
outer loop
vertex 64.350 23.200 1.650
vertex 64.350 23.200 1.700
vertex 64.350 13.400 1.700
endloop
endfacet
facet normal 0 0 0
outer loop
vertex 64.350 23.200 1.650
vertex 64.350 13.400 1.700
vertex 64.350 13.400 1.650
endloop
endfacet
facet normal 0 0 0
outer loop
vertex 64.350 13.400 1.650
vertex 65.150 13.400 1.650
vertex 65.150 13.700 1.650
endloop
endfacet
facet normal 0 0 0
outer loop
vertex 64.350 13.400 1.650
vertex 65.150 13.700 1.650
vertex 64.350 13.700 1.650
endloop
endfacet
facet normal 0 0 0
outer loop
vertex 64.350 13.400 1.700
vertex 65.150 13.700 1.700
vertex 65.150 13.400 1.700
endloop
endfacet
facet normal 0 0 0
outer loop
vertex 64.350 13.400 1.700
vertex 65.150 13.400 1.700
vertex 64.350 13.400 1.700
endloop
endfacet
facet normal 0 0 0
outer loop
vertex 64.350 13.400 1.650
vertex 64.350 13.400 1.700
vertex 65.150 13.400 1.700
endloop
endfacet
facet normal 0 0 0
outer loop
vertex 64.350 13.400 1.650
vertex 65.150 13.400 1.700
vertex 65.150 13.400 1.650
endloop
endfacet
facet normal 0 0 0
outer loop
vertex 65.150 13.400 1.650
vertex 65.150 13.400 1.700
vertex 65.150 13.700 1.700
endloop
endfacet
facet normal 0 0 0
outer loop
vertex 65.150 13.400 1.650
vertex 65.150 13.700 1.700
vertex 65.150 13.700 1.650
endloop
endfacet
facet normal 0 0 0
outer loop
vertex 65.150 13.700 1.650
vertex 65.150 13.700 1.700
vertex 64.350 13.700 1.700
endloop
endfacet
facet normal 0 0 0
outer loop
vertex 65.150 13.700 1.650
vertex 64.350 13.700 1.700
vertex 64.350 13.700 1.650
endloop
endfacet
facet normal 0 0 0
outer loop
vertex 64.350 13.700 1.650
vertex 64.350 13.700 1.700
vertex 64.350 13.400 1.700
endloop
endfacet
facet normal 0 0 0
outer loop
vertex 64.350 13.700 1.650
vertex 64.350 13.400 1.700
vertex 64.350 13.400 1.650
endloop
endfacet
facet normal 0 0 0
outer loop
vertex 64.850 13.400 1.950
vertex 65.150 13.400 1.950
vertex 65.150 23.200 1.950
endloop
endfacet
facet normal 0 0 0
outer loop
vertex 64.850 13.400 1.950
vertex 65.150 23.200 1.950
vertex 64.850 23.200 1.950
endloop
endfacet
facet normal 0 0 0
outer loop
vertex 64.850 13.400 2.000
vertex 65.150 23.200 2.000
vertex 65.150 13.400 2.000
endloop
endfacet
facet normal 0 0 0
outer loop
vertex 64.850 13.400 2.000
vertex 65.150 13.400 2.000
vertex 64.850 13.400 2.000
endloop
endfacet
facet normal 0 0 0
outer loop
vertex 64.850 13.400 1.950
vertex 64.850 13.400 2.000
vertex 65.150 13.400 2.000
endloop
endfacet
facet normal 0 0 0
outer loop
vertex 64.850 13.400 1.950
vertex 65.150 13.400 2.000
vertex 65.150 13.400 1.950
endloop
endfacet
facet normal 0 0 0
outer loop
vertex 65.150 13.400 1.950
vertex 65.150 13.400 2.000
vertex 65.150 23.200 2.000
endloop
endfacet
facet normal 0 0 0
outer loop
vertex 65.150 13.400 1.950
vertex 65.150 23.200 2.000
vertex 65.150 23.200 1.950
endloop
endfacet
facet normal 0 0 0
outer loop
vertex 65.150 23.200 1.950
vertex 65.150 23.200 2.000
vertex 64.850 23.200 2.000
endloop
endfacet
facet normal 0 0 0
outer loop
vertex 65.150 23.200 1.950
vertex 64.850 23.200 2.000
vertex 64.850 23.200 1.950
endloop
endfacet
facet normal 0 0 0
outer loop
vertex 64.850 23.200 1.950
vertex 64.850 23.200 2.000
vertex 64.850 13.400 2.000
endloop
endfacet
facet normal 0 0 0
outer loop
vertex 64.850 23.200 1.950
vertex 64.850 13.400 2.000
vertex 64.850 13.400 1.950
endloop
endfacet
facet normal 0 0 0
outer loop
vertex 64.850 13.400 1.950
vertex 67.690 13.400 1.950
vertex 67.690 13.700 1.950
endloop
endfacet
facet normal 0 0 0
outer loop
vertex 64.850 13.400 1.950
vertex 67.690 13.700 1.950
vertex 64.850 13.700 1.950
endloop
endfacet
facet normal 0 0 0
outer loop
vertex 64.850 13.400 2.000
vertex 67.690 13.700 2.000
vertex 67.690 13.400 2.000
endloop
endfacet
facet normal 0 0 0
outer loop
vertex 64.850 13.400 2.000
vertex 67.690 13.400 2.000
vertex 64.850 13.400 2.000
endloop
endfacet
facet normal 0 0 0
outer loop
vertex 64.850 13.400 1.950
vertex 64.850 13.400 2.000
vertex 67.690 13.400 2.000
endloop
endfacet
facet normal 0 0 0
outer loop
vertex 64.850 13.400 1.950
vertex 67.690 13.400 2.000
vertex 67.690 13.400 1.950
endloop
endfacet
facet normal 0 0 0
outer loop
vertex 67.690 13.400 1.950
vertex 67.690 13.400 2.000
vertex 67.690 13.700 2.000
endloop
endfacet
facet normal 0 0 0
outer loop
vertex 67.690 13.400 1.950
vertex 67.690 13.700 2.000
vertex 67.690 13.700 1.950
endloop
endfacet
facet normal 0 0 0
outer loop
vertex 67.690 13.700 1.950
vertex 67.690 13.700 2.000
vertex 64.850 13.700 2.000
endloop
endfacet
facet normal 0 0 0
outer loop
vertex 67.690 13.700 1.950
vertex 64.850 13.700 2.000
vertex 64.850 13.700 1.950
endloop
endfacet
facet normal 0 0 0
outer loop
vertex 64.850 13.700 1.950
vertex 64.850 13.700 2.000
vertex 64.850 13.400 2.000
endloop
endfacet
facet normal 0 0 0
outer loop
vertex 64.850 13.700 1.950
vertex 64.850 13.400 2.000
vertex 64.850 13.400 1.950
endloop
endfacet
facet normal 0 0 0
outer loop
vertex 65.350 20.350 1.650
vertex 65.650 20.350 1.650
vertex 65.650 23.150 1.650
endloop
endfacet
facet normal 0 0 0
outer loop
vertex 65.350 20.350 1.650
vertex 65.650 23.150 1.650
vertex 65.350 23.150 1.650
endloop
endfacet
facet normal 0 0 0
outer loop
vertex 65.350 20.350 1.700
vertex 65.650 23.150 1.700
vertex 65.650 20.350 1.700
endloop
endfacet
facet normal 0 0 0
outer loop
vertex 65.350 20.350 1.700
vertex 65.650 20.350 1.700
vertex 65.350 20.350 1.700
endloop
endfacet
facet normal 0 0 0
outer loop
vertex 65.350 20.350 1.650
vertex 65.350 20.350 1.700
vertex 65.650 20.350 1.700
endloop
endfacet
facet normal 0 0 0
outer loop
vertex 65.350 20.350 1.650
vertex 65.650 20.350 1.700
vertex 65.650 20.350 1.650
endloop
endfacet
facet normal 0 0 0
outer loop
vertex 65.650 20.350 1.650
vertex 65.650 20.350 1.700
vertex 65.650 23.150 1.700
endloop
endfacet
facet normal 0 0 0
outer loop
vertex 65.650 20.350 1.650
vertex 65.650 23.150 1.700
vertex 65.650 23.150 1.650
endloop
endfacet
facet normal 0 0 0
outer loop
vertex 65.650 23.150 1.650
vertex 65.650 23.150 1.700
vertex 65.350 23.150 1.700
endloop
endfacet
facet normal 0 0 0
outer loop
vertex 65.650 23.150 1.650
vertex 65.350 23.150 1.700
vertex 65.350 23.150 1.650
endloop
endfacet
facet normal 0 0 0
outer loop
vertex 65.350 23.150 1.650
vertex 65.350 23.150 1.700
vertex 65.350 20.350 1.700
endloop
endfacet
facet normal 0 0 0
outer loop
vertex 65.350 23.150 1.650
vertex 65.350 20.350 1.700
vertex 65.350 20.350 1.650
endloop
endfacet
facet normal 0 0 0
outer loop
vertex 65.350 20.350 1.650
vertex 69.900 20.350 1.650
vertex 69.900 20.650 1.650
endloop
endfacet
facet normal 0 0 0
outer loop
vertex 65.350 20.350 1.650
vertex 69.900 20.650 1.650
vertex 65.350 20.650 1.650
endloop
endfacet
facet normal 0 0 0
outer loop
vertex 65.350 20.350 1.700
vertex 69.900 20.650 1.700
vertex 69.900 20.350 1.700
endloop
endfacet
facet normal 0 0 0
outer loop
vertex 65.350 20.350 1.700
vertex 69.900 20.350 1.700
vertex 65.350 20.350 1.700
endloop
endfacet
facet normal 0 0 0
outer loop
vertex 65.350 20.350 1.650
vertex 65.350 20.350 1.700
vertex 69.900 20.350 1.700
endloop
endfacet
facet normal 0 0 0
outer loop
vertex 65.350 20.350 1.650
vertex 69.900 20.350 1.700
vertex 69.900 20.350 1.650
endloop
endfacet
facet normal 0 0 0
outer loop
vertex 69.900 20.350 1.650
vertex 69.900 20.350 1.700
vertex 69.900 20.650 1.700
endloop
endfacet
facet normal 0 0 0
outer loop
vertex 69.900 20.350 1.650
vertex 69.900 20.650 1.700
vertex 69.900 20.650 1.650
endloop
endfacet
facet normal 0 0 0
outer loop
vertex 69.900 20.650 1.650
vertex 69.900 20.650 1.700
vertex 65.350 20.650 1.700
endloop
endfacet
facet normal 0 0 0
outer loop
vertex 69.900 20.650 1.650
vertex 65.350 20.650 1.700
vertex 65.350 20.650 1.650
endloop
endfacet
facet normal 0 0 0
outer loop
vertex 65.350 20.650 1.650
vertex 65.350 20.650 1.700
vertex 65.350 20.350 1.700
endloop
endfacet
facet normal 0 0 0
outer loop
vertex 65.350 20.650 1.650
vertex 65.350 20.350 1.700
vertex 65.350 20.350 1.650
endloop
endfacet
facet normal 0 0 0
outer loop
vertex 65.350 22.900 1.650
vertex 70.000 22.900 1.650
vertex 70.000 23.200 1.650
endloop
endfacet
facet normal 0 0 0
outer loop
vertex 65.350 22.900 1.650
vertex 70.000 23.200 1.650
vertex 65.350 23.200 1.650
endloop
endfacet
facet normal 0 0 0
outer loop
vertex 65.350 22.900 1.700
vertex 70.000 23.200 1.700
vertex 70.000 22.900 1.700
endloop
endfacet
facet normal 0 0 0
outer loop
vertex 65.350 22.900 1.700
vertex 70.000 22.900 1.700
vertex 65.350 22.900 1.700
endloop
endfacet
facet normal 0 0 0
outer loop
vertex 65.350 22.900 1.650
vertex 65.350 22.900 1.700
vertex 70.000 22.900 1.700
endloop
endfacet
facet normal 0 0 0
outer loop
vertex 65.350 22.900 1.650
vertex 70.000 22.900 1.700
vertex 70.000 22.900 1.650
endloop
endfacet
facet normal 0 0 0
outer loop
vertex 70.000 22.900 1.650
vertex 70.000 22.900 1.700
vertex 70.000 23.200 1.700
endloop
endfacet
facet normal 0 0 0
outer loop
vertex 70.000 22.900 1.650
vertex 70.000 23.200 1.700
vertex 70.000 23.200 1.650
endloop
endfacet
facet normal 0 0 0
outer loop
vertex 70.000 23.200 1.650
vertex 70.000 23.200 1.700
vertex 65.350 23.200 1.700
endloop
endfacet
facet normal 0 0 0
outer loop
vertex 70.000 23.200 1.650
vertex 65.350 23.200 1.700
vertex 65.350 23.200 1.650
endloop
endfacet
facet normal 0 0 0
outer loop
vertex 65.350 23.200 1.650
vertex 65.350 23.200 1.700
vertex 65.350 22.900 1.700
endloop
endfacet
facet normal 0 0 0
outer loop
vertex 65.350 23.200 1.650
vertex 65.350 22.900 1.700
vertex 65.350 22.900 1.650
endloop
endfacet
facet normal 0 0 0
outer loop
vertex 69.700 20.400 1.650
vertex 70.000 20.400 1.650
vertex 70.000 23.200 1.650
endloop
endfacet
facet normal 0 0 0
outer loop
vertex 69.700 20.400 1.650
vertex 70.000 23.200 1.650
vertex 69.700 23.200 1.650
endloop
endfacet
facet normal 0 0 0
outer loop
vertex 69.700 20.400 1.700
vertex 70.000 23.200 1.700
vertex 70.000 20.400 1.700
endloop
endfacet
facet normal 0 0 0
outer loop
vertex 69.700 20.400 1.700
vertex 70.000 20.400 1.700
vertex 69.700 20.400 1.700
endloop
endfacet
facet normal 0 0 0
outer loop
vertex 69.700 20.400 1.650
vertex 69.700 20.400 1.700
vertex 70.000 20.400 1.700
endloop
endfacet
facet normal 0 0 0
outer loop
vertex 69.700 20.400 1.650
vertex 70.000 20.400 1.700
vertex 70.000 20.400 1.650
endloop
endfacet
facet normal 0 0 0
outer loop
vertex 70.000 20.400 1.650
vertex 70.000 20.400 1.700
vertex 70.000 23.200 1.700
endloop
endfacet
facet normal 0 0 0
outer loop
vertex 70.000 20.400 1.650
vertex 70.000 23.200 1.700
vertex 70.000 23.200 1.650
endloop
endfacet
facet normal 0 0 0
outer loop
vertex 70.000 23.200 1.650
vertex 70.000 23.200 1.700
vertex 69.700 23.200 1.700
endloop
endfacet
facet normal 0 0 0
outer loop
vertex 70.000 23.200 1.650
vertex 69.700 23.200 1.700
vertex 69.700 23.200 1.650
endloop
endfacet
facet normal 0 0 0
outer loop
vertex 69.700 23.200 1.650
vertex 69.700 23.200 1.700
vertex 69.700 20.400 1.700
endloop
endfacet
facet normal 0 0 0
outer loop
vertex 69.700 23.200 1.650
vertex 69.700 20.400 1.700
vertex 69.700 20.400 1.650
endloop
endfacet
facet normal 0 0 0
outer loop
vertex 65.350 13.400 1.650
vertex 65.650 13.400 1.650
vertex 65.650 23.200 1.650
endloop
endfacet
facet normal 0 0 0
outer loop
vertex 65.350 13.400 1.650
vertex 65.650 23.200 1.650
vertex 65.350 23.200 1.650
endloop
endfacet
facet normal 0 0 0
outer loop
vertex 65.350 13.400 1.700
vertex 65.650 23.200 1.700
vertex 65.650 13.400 1.700
endloop
endfacet
facet normal 0 0 0
outer loop
vertex 65.350 13.400 1.700
vertex 65.650 13.400 1.700
vertex 65.350 13.400 1.700
endloop
endfacet
facet normal 0 0 0
outer loop
vertex 65.350 13.400 1.650
vertex 65.350 13.400 1.700
vertex 65.650 13.400 1.700
endloop
endfacet
facet normal 0 0 0
outer loop
vertex 65.350 13.400 1.650
vertex 65.650 13.400 1.700
vertex 65.650 13.400 1.650
endloop
endfacet
facet normal 0 0 0
outer loop
vertex 65.650 13.400 1.650
vertex 65.650 13.400 1.700
vertex 65.650 23.200 1.700
endloop
endfacet
facet normal 0 0 0
outer loop
vertex 65.650 13.400 1.650
vertex 65.650 23.200 1.700
vertex 65.650 23.200 1.650
endloop
endfacet
facet normal 0 0 0
outer loop
vertex 65.650 23.200 1.650
vertex 65.650 23.200 1.700
vertex 65.350 23.200 1.700
endloop
endfacet
facet normal 0 0 0
outer loop
vertex 65.650 23.200 1.650
vertex 65.350 23.200 1.700
vertex 65.350 23.200 1.650
endloop
endfacet
facet normal 0 0 0
outer loop
vertex 65.350 23.200 1.650
vertex 65.350 23.200 1.700
vertex 65.350 13.400 1.700
endloop
endfacet
facet normal 0 0 0
outer loop
vertex 65.350 23.200 1.650
vertex 65.350 13.400 1.700
vertex 65.350 13.400 1.650
endloop
endfacet
facet normal 0 0 0
outer loop
vertex 65.350 13.400 1.650
vertex 70.230 13.400 1.650
vertex 70.230 13.700 1.650
endloop
endfacet
facet normal 0 0 0
outer loop
vertex 65.350 13.400 1.650
vertex 70.230 13.700 1.650
vertex 65.350 13.700 1.650
endloop
endfacet
facet normal 0 0 0
outer loop
vertex 65.350 13.400 1.700
vertex 70.230 13.700 1.700
vertex 70.230 13.400 1.700
endloop
endfacet
facet normal 0 0 0
outer loop
vertex 65.350 13.400 1.700
vertex 70.230 13.400 1.700
vertex 65.350 13.400 1.700
endloop
endfacet
facet normal 0 0 0
outer loop
vertex 65.350 13.400 1.650
vertex 65.350 13.400 1.700
vertex 70.230 13.400 1.700
endloop
endfacet
facet normal 0 0 0
outer loop
vertex 65.350 13.400 1.650
vertex 70.230 13.400 1.700
vertex 70.230 13.400 1.650
endloop
endfacet
facet normal 0 0 0
outer loop
vertex 70.230 13.400 1.650
vertex 70.230 13.400 1.700
vertex 70.230 13.700 1.700
endloop
endfacet
facet normal 0 0 0
outer loop
vertex 70.230 13.400 1.650
vertex 70.230 13.700 1.700
vertex 70.230 13.700 1.650
endloop
endfacet
facet normal 0 0 0
outer loop
vertex 70.230 13.700 1.650
vertex 70.230 13.700 1.700
vertex 65.350 13.700 1.700
endloop
endfacet
facet normal 0 0 0
outer loop
vertex 70.230 13.700 1.650
vertex 65.350 13.700 1.700
vertex 65.350 13.700 1.650
endloop
endfacet
facet normal 0 0 0
outer loop
vertex 65.350 13.700 1.650
vertex 65.350 13.700 1.700
vertex 65.350 13.400 1.700
endloop
endfacet
facet normal 0 0 0
outer loop
vertex 65.350 13.700 1.650
vertex 65.350 13.400 1.700
vertex 65.350 13.400 1.650
endloop
endfacet
facet normal 0 0 0
outer loop
vertex 62.350 13.400 1.950
vertex 62.650 13.400 1.950
vertex 62.650 27.200 1.950
endloop
endfacet
facet normal 0 0 0
outer loop
vertex 62.350 13.400 1.950
vertex 62.650 27.200 1.950
vertex 62.350 27.200 1.950
endloop
endfacet
facet normal 0 0 0
outer loop
vertex 62.350 13.400 2.000
vertex 62.650 27.200 2.000
vertex 62.650 13.400 2.000
endloop
endfacet
facet normal 0 0 0
outer loop
vertex 62.350 13.400 2.000
vertex 62.650 13.400 2.000
vertex 62.350 13.400 2.000
endloop
endfacet
facet normal 0 0 0
outer loop
vertex 62.350 13.400 1.950
vertex 62.350 13.400 2.000
vertex 62.650 13.400 2.000
endloop
endfacet
facet normal 0 0 0
outer loop
vertex 62.350 13.400 1.950
vertex 62.650 13.400 2.000
vertex 62.650 13.400 1.950
endloop
endfacet
facet normal 0 0 0
outer loop
vertex 62.650 13.400 1.950
vertex 62.650 13.400 2.000
vertex 62.650 27.200 2.000
endloop
endfacet
facet normal 0 0 0
outer loop
vertex 62.650 13.400 1.950
vertex 62.650 27.200 2.000
vertex 62.650 27.200 1.950
endloop
endfacet
facet normal 0 0 0
outer loop
vertex 62.650 27.200 1.950
vertex 62.650 27.200 2.000
vertex 62.350 27.200 2.000
endloop
endfacet
facet normal 0 0 0
outer loop
vertex 62.650 27.200 1.950
vertex 62.350 27.200 2.000
vertex 62.350 27.200 1.950
endloop
endfacet
facet normal 0 0 0
outer loop
vertex 62.350 27.200 1.950
vertex 62.350 27.200 2.000
vertex 62.350 13.400 2.000
endloop
endfacet
facet normal 0 0 0
outer loop
vertex 62.350 27.200 1.950
vertex 62.350 13.400 2.000
vertex 62.350 13.400 1.950
endloop
endfacet
facet normal 0 0 0
outer loop
vertex 62.350 13.400 1.950
vertex 72.770 13.400 1.950
vertex 72.770 13.700 1.950
endloop
endfacet
facet normal 0 0 0
outer loop
vertex 62.350 13.400 1.950
vertex 72.770 13.700 1.950
vertex 62.350 13.700 1.950
endloop
endfacet
facet normal 0 0 0
outer loop
vertex 62.350 13.400 2.000
vertex 72.770 13.700 2.000
vertex 72.770 13.400 2.000
endloop
endfacet
facet normal 0 0 0
outer loop
vertex 62.350 13.400 2.000
vertex 72.770 13.400 2.000
vertex 62.350 13.400 2.000
endloop
endfacet
facet normal 0 0 0
outer loop
vertex 62.350 13.400 1.950
vertex 62.350 13.400 2.000
vertex 72.770 13.400 2.000
endloop
endfacet
facet normal 0 0 0
outer loop
vertex 62.350 13.400 1.950
vertex 72.770 13.400 2.000
vertex 72.770 13.400 1.950
endloop
endfacet
facet normal 0 0 0
outer loop
vertex 72.770 13.400 1.950
vertex 72.770 13.400 2.000
vertex 72.770 13.700 2.000
endloop
endfacet
facet normal 0 0 0
outer loop
vertex 72.770 13.400 1.950
vertex 72.770 13.700 2.000
vertex 72.770 13.700 1.950
endloop
endfacet
facet normal 0 0 0
outer loop
vertex 72.770 13.700 1.950
vertex 72.770 13.700 2.000
vertex 62.350 13.700 2.000
endloop
endfacet
facet normal 0 0 0
outer loop
vertex 72.770 13.700 1.950
vertex 62.350 13.700 2.000
vertex 62.350 13.700 1.950
endloop
endfacet
facet normal 0 0 0
outer loop
vertex 62.350 13.700 1.950
vertex 62.350 13.700 2.000
vertex 62.350 13.400 2.000
endloop
endfacet
facet normal 0 0 0
outer loop
vertex 62.350 13.700 1.950
vertex 62.350 13.400 2.000
vertex 62.350 13.400 1.950
endloop
endfacet
facet normal 0 0 0
outer loop
vertex 64.850 43.480 1.650
vertex 95.750 43.480 1.650
vertex 95.750 43.980 1.650
endloop
endfacet
facet normal 0 0 0
outer loop
vertex 64.850 43.480 1.650
vertex 95.750 43.980 1.650
vertex 64.850 43.980 1.650
endloop
endfacet
facet normal 0 0 0
outer loop
vertex 64.850 43.480 1.700
vertex 95.750 43.980 1.700
vertex 95.750 43.480 1.700
endloop
endfacet
facet normal 0 0 0
outer loop
vertex 64.850 43.480 1.700
vertex 95.750 43.480 1.700
vertex 64.850 43.480 1.700
endloop
endfacet
facet normal 0 0 0
outer loop
vertex 64.850 43.480 1.650
vertex 64.850 43.480 1.700
vertex 95.750 43.480 1.700
endloop
endfacet
facet normal 0 0 0
outer loop
vertex 64.850 43.480 1.650
vertex 95.750 43.480 1.700
vertex 95.750 43.480 1.650
endloop
endfacet
facet normal 0 0 0
outer loop
vertex 95.750 43.480 1.650
vertex 95.750 43.480 1.700
vertex 95.750 43.980 1.700
endloop
endfacet
facet normal 0 0 0
outer loop
vertex 95.750 43.480 1.650
vertex 95.750 43.980 1.700
vertex 95.750 43.980 1.650
endloop
endfacet
facet normal 0 0 0
outer loop
vertex 95.750 43.980 1.650
vertex 95.750 43.980 1.700
vertex 64.850 43.980 1.700
endloop
endfacet
facet normal 0 0 0
outer loop
vertex 95.750 43.980 1.650
vertex 64.850 43.980 1.700
vertex 64.850 43.980 1.650
endloop
endfacet
facet normal 0 0 0
outer loop
vertex 64.850 43.980 1.650
vertex 64.850 43.980 1.700
vertex 64.850 43.480 1.700
endloop
endfacet
facet normal 0 0 0
outer loop
vertex 64.850 43.980 1.650
vertex 64.850 43.480 1.700
vertex 64.850 43.480 1.650
endloop
endfacet
facet normal 0 0 0
outer loop
vertex 95.250 23.800 1.650
vertex 95.750 23.800 1.650
vertex 95.750 43.980 1.650
endloop
endfacet
facet normal 0 0 0
outer loop
vertex 95.250 23.800 1.650
vertex 95.750 43.980 1.650
vertex 95.250 43.980 1.650
endloop
endfacet
facet normal 0 0 0
outer loop
vertex 95.250 23.800 1.700
vertex 95.750 43.980 1.700
vertex 95.750 23.800 1.700
endloop
endfacet
facet normal 0 0 0
outer loop
vertex 95.250 23.800 1.700
vertex 95.750 23.800 1.700
vertex 95.250 23.800 1.700
endloop
endfacet
facet normal 0 0 0
outer loop
vertex 95.250 23.800 1.650
vertex 95.250 23.800 1.700
vertex 95.750 23.800 1.700
endloop
endfacet
facet normal 0 0 0
outer loop
vertex 95.250 23.800 1.650
vertex 95.750 23.800 1.700
vertex 95.750 23.800 1.650
endloop
endfacet
facet normal 0 0 0
outer loop
vertex 95.750 23.800 1.650
vertex 95.750 23.800 1.700
vertex 95.750 43.980 1.700
endloop
endfacet
facet normal 0 0 0
outer loop
vertex 95.750 23.800 1.650
vertex 95.750 43.980 1.700
vertex 95.750 43.980 1.650
endloop
endfacet
facet normal 0 0 0
outer loop
vertex 95.750 43.980 1.650
vertex 95.750 43.980 1.700
vertex 95.250 43.980 1.700
endloop
endfacet
facet normal 0 0 0
outer loop
vertex 95.750 43.980 1.650
vertex 95.250 43.980 1.700
vertex 95.250 43.980 1.650
endloop
endfacet
facet normal 0 0 0
outer loop
vertex 95.250 43.980 1.650
vertex 95.250 43.980 1.700
vertex 95.250 23.800 1.700
endloop
endfacet
facet normal 0 0 0
outer loop
vertex 95.250 43.980 1.650
vertex 95.250 23.800 1.700
vertex 95.250 23.800 1.650
endloop
endfacet
facet normal 0 0 0
outer loop
vertex 64.850 43.480 1.650
vertex 123.750 43.480 1.650
vertex 123.750 43.980 1.650
endloop
endfacet
facet normal 0 0 0
outer loop
vertex 64.850 43.480 1.650
vertex 123.750 43.980 1.650
vertex 64.850 43.980 1.650
endloop
endfacet
facet normal 0 0 0
outer loop
vertex 64.850 43.480 1.700
vertex 123.750 43.980 1.700
vertex 123.750 43.480 1.700
endloop
endfacet
facet normal 0 0 0
outer loop
vertex 64.850 43.480 1.700
vertex 123.750 43.480 1.700
vertex 64.850 43.480 1.700
endloop
endfacet
facet normal 0 0 0
outer loop
vertex 64.850 43.480 1.650
vertex 64.850 43.480 1.700
vertex 123.750 43.480 1.700
endloop
endfacet
facet normal 0 0 0
outer loop
vertex 64.850 43.480 1.650
vertex 123.750 43.480 1.700
vertex 123.750 43.480 1.650
endloop
endfacet
facet normal 0 0 0
outer loop
vertex 123.750 43.480 1.650
vertex 123.750 43.480 1.700
vertex 123.750 43.980 1.700
endloop
endfacet
facet normal 0 0 0
outer loop
vertex 123.750 43.480 1.650
vertex 123.750 43.980 1.700
vertex 123.750 43.980 1.650
endloop
endfacet
facet normal 0 0 0
outer loop
vertex 123.750 43.980 1.650
vertex 123.750 43.980 1.700
vertex 64.850 43.980 1.700
endloop
endfacet
facet normal 0 0 0
outer loop
vertex 123.750 43.980 1.650
vertex 64.850 43.980 1.700
vertex 64.850 43.980 1.650
endloop
endfacet
facet normal 0 0 0
outer loop
vertex 64.850 43.980 1.650
vertex 64.850 43.980 1.700
vertex 64.850 43.480 1.700
endloop
endfacet
facet normal 0 0 0
outer loop
vertex 64.850 43.980 1.650
vertex 64.850 43.480 1.700
vertex 64.850 43.480 1.650
endloop
endfacet
facet normal 0 0 0
outer loop
vertex 123.250 23.800 1.650
vertex 123.750 23.800 1.650
vertex 123.750 43.980 1.650
endloop
endfacet
facet normal 0 0 0
outer loop
vertex 123.250 23.800 1.650
vertex 123.750 43.980 1.650
vertex 123.250 43.980 1.650
endloop
endfacet
facet normal 0 0 0
outer loop
vertex 123.250 23.800 1.700
vertex 123.750 43.980 1.700
vertex 123.750 23.800 1.700
endloop
endfacet
facet normal 0 0 0
outer loop
vertex 123.250 23.800 1.700
vertex 123.750 23.800 1.700
vertex 123.250 23.800 1.700
endloop
endfacet
facet normal 0 0 0
outer loop
vertex 123.250 23.800 1.650
vertex 123.250 23.800 1.700
vertex 123.750 23.800 1.700
endloop
endfacet
facet normal 0 0 0
outer loop
vertex 123.250 23.800 1.650
vertex 123.750 23.800 1.700
vertex 123.750 23.800 1.650
endloop
endfacet
facet normal 0 0 0
outer loop
vertex 123.750 23.800 1.650
vertex 123.750 23.800 1.700
vertex 123.750 43.980 1.700
endloop
endfacet
facet normal 0 0 0
outer loop
vertex 123.750 23.800 1.650
vertex 123.750 43.980 1.700
vertex 123.750 43.980 1.650
endloop
endfacet
facet normal 0 0 0
outer loop
vertex 123.750 43.980 1.650
vertex 123.750 43.980 1.700
vertex 123.250 43.980 1.700
endloop
endfacet
facet normal 0 0 0
outer loop
vertex 123.750 43.980 1.650
vertex 123.250 43.980 1.700
vertex 123.250 43.980 1.650
endloop
endfacet
facet normal 0 0 0
outer loop
vertex 123.250 43.980 1.650
vertex 123.250 43.980 1.700
vertex 123.250 23.800 1.700
endloop
endfacet
facet normal 0 0 0
outer loop
vertex 123.250 43.980 1.650
vertex 123.250 23.800 1.700
vertex 123.250 23.800 1.650
endloop
endfacet
facet normal 0 0 0
outer loop
vertex 64.850 23.800 1.650
vertex 65.350 23.800 1.650
vertex 65.350 43.980 1.650
endloop
endfacet
facet normal 0 0 0
outer loop
vertex 64.850 23.800 1.650
vertex 65.350 43.980 1.650
vertex 64.850 43.980 1.650
endloop
endfacet
facet normal 0 0 0
outer loop
vertex 64.850 23.800 1.700
vertex 65.350 43.980 1.700
vertex 65.350 23.800 1.700
endloop
endfacet
facet normal 0 0 0
outer loop
vertex 64.850 23.800 1.700
vertex 65.350 23.800 1.700
vertex 64.850 23.800 1.700
endloop
endfacet
facet normal 0 0 0
outer loop
vertex 64.850 23.800 1.650
vertex 64.850 23.800 1.700
vertex 65.350 23.800 1.700
endloop
endfacet
facet normal 0 0 0
outer loop
vertex 64.850 23.800 1.650
vertex 65.350 23.800 1.700
vertex 65.350 23.800 1.650
endloop
endfacet
facet normal 0 0 0
outer loop
vertex 65.350 23.800 1.650
vertex 65.350 23.800 1.700
vertex 65.350 43.980 1.700
endloop
endfacet
facet normal 0 0 0
outer loop
vertex 65.350 23.800 1.650
vertex 65.350 43.980 1.700
vertex 65.350 43.980 1.650
endloop
endfacet
facet normal 0 0 0
outer loop
vertex 65.350 43.980 1.650
vertex 65.350 43.980 1.700
vertex 64.850 43.980 1.700
endloop
endfacet
facet normal 0 0 0
outer loop
vertex 65.350 43.980 1.650
vertex 64.850 43.980 1.700
vertex 64.850 43.980 1.650
endloop
endfacet
facet normal 0 0 0
outer loop
vertex 64.850 43.980 1.650
vertex 64.850 43.980 1.700
vertex 64.850 23.800 1.700
endloop
endfacet
facet normal 0 0 0
outer loop
vertex 64.850 43.980 1.650
vertex 64.850 23.800 1.700
vertex 64.850 23.800 1.650
endloop
endfacet
facet normal 0 0 0
outer loop
vertex 64.850 23.800 1.650
vertex 67.750 23.800 1.650
vertex 67.750 24.300 1.650
endloop
endfacet
facet normal 0 0 0
outer loop
vertex 64.850 23.800 1.650
vertex 67.750 24.300 1.650
vertex 64.850 24.300 1.650
endloop
endfacet
facet normal 0 0 0
outer loop
vertex 64.850 23.800 1.700
vertex 67.750 24.300 1.700
vertex 67.750 23.800 1.700
endloop
endfacet
facet normal 0 0 0
outer loop
vertex 64.850 23.800 1.700
vertex 67.750 23.800 1.700
vertex 64.850 23.800 1.700
endloop
endfacet
facet normal 0 0 0
outer loop
vertex 64.850 23.800 1.650
vertex 64.850 23.800 1.700
vertex 67.750 23.800 1.700
endloop
endfacet
facet normal 0 0 0
outer loop
vertex 64.850 23.800 1.650
vertex 67.750 23.800 1.700
vertex 67.750 23.800 1.650
endloop
endfacet
facet normal 0 0 0
outer loop
vertex 67.750 23.800 1.650
vertex 67.750 23.800 1.700
vertex 67.750 24.300 1.700
endloop
endfacet
facet normal 0 0 0
outer loop
vertex 67.750 23.800 1.650
vertex 67.750 24.300 1.700
vertex 67.750 24.300 1.650
endloop
endfacet
facet normal 0 0 0
outer loop
vertex 67.750 24.300 1.650
vertex 67.750 24.300 1.700
vertex 64.850 24.300 1.700
endloop
endfacet
facet normal 0 0 0
outer loop
vertex 67.750 24.300 1.650
vertex 64.850 24.300 1.700
vertex 64.850 24.300 1.650
endloop
endfacet
facet normal 0 0 0
outer loop
vertex 64.850 24.300 1.650
vertex 64.850 24.300 1.700
vertex 64.850 23.800 1.700
endloop
endfacet
facet normal 0 0 0
outer loop
vertex 64.850 24.300 1.650
vertex 64.850 23.800 1.700
vertex 64.850 23.800 1.650
endloop
endfacet
facet normal 0 0 0
outer loop
vertex 25.600 12.750 1.950
vertex 91.750 12.750 1.950
vertex 91.750 13.250 1.950
endloop
endfacet
facet normal 0 0 0
outer loop
vertex 25.600 12.750 1.950
vertex 91.750 13.250 1.950
vertex 25.600 13.250 1.950
endloop
endfacet
facet normal 0 0 0
outer loop
vertex 25.600 12.750 2.000
vertex 91.750 13.250 2.000
vertex 91.750 12.750 2.000
endloop
endfacet
facet normal 0 0 0
outer loop
vertex 25.600 12.750 2.000
vertex 91.750 12.750 2.000
vertex 25.600 12.750 2.000
endloop
endfacet
facet normal 0 0 0
outer loop
vertex 25.600 12.750 1.950
vertex 25.600 12.750 2.000
vertex 91.750 12.750 2.000
endloop
endfacet
facet normal 0 0 0
outer loop
vertex 25.600 12.750 1.950
vertex 91.750 12.750 2.000
vertex 91.750 12.750 1.950
endloop
endfacet
facet normal 0 0 0
outer loop
vertex 91.750 12.750 1.950
vertex 91.750 12.750 2.000
vertex 91.750 13.250 2.000
endloop
endfacet
facet normal 0 0 0
outer loop
vertex 91.750 12.750 1.950
vertex 91.750 13.250 2.000
vertex 91.750 13.250 1.950
endloop
endfacet
facet normal 0 0 0
outer loop
vertex 91.750 13.250 1.950
vertex 91.750 13.250 2.000
vertex 25.600 13.250 2.000
endloop
endfacet
facet normal 0 0 0
outer loop
vertex 91.750 13.250 1.950
vertex 25.600 13.250 2.000
vertex 25.600 13.250 1.950
endloop
endfacet
facet normal 0 0 0
outer loop
vertex 25.600 13.250 1.950
vertex 25.600 13.250 2.000
vertex 25.600 12.750 2.000
endloop
endfacet
facet normal 0 0 0
outer loop
vertex 25.600 13.250 1.950
vertex 25.600 12.750 2.000
vertex 25.600 12.750 1.950
endloop
endfacet
facet normal 0 0 0
outer loop
vertex 91.250 12.750 1.950
vertex 91.750 12.750 1.950
vertex 91.750 23.300 1.950
endloop
endfacet
facet normal 0 0 0
outer loop
vertex 91.250 12.750 1.950
vertex 91.750 23.300 1.950
vertex 91.250 23.300 1.950
endloop
endfacet
facet normal 0 0 0
outer loop
vertex 91.250 12.750 2.000
vertex 91.750 23.300 2.000
vertex 91.750 12.750 2.000
endloop
endfacet
facet normal 0 0 0
outer loop
vertex 91.250 12.750 2.000
vertex 91.750 12.750 2.000
vertex 91.250 12.750 2.000
endloop
endfacet
facet normal 0 0 0
outer loop
vertex 91.250 12.750 1.950
vertex 91.250 12.750 2.000
vertex 91.750 12.750 2.000
endloop
endfacet
facet normal 0 0 0
outer loop
vertex 91.250 12.750 1.950
vertex 91.750 12.750 2.000
vertex 91.750 12.750 1.950
endloop
endfacet
facet normal 0 0 0
outer loop
vertex 91.750 12.750 1.950
vertex 91.750 12.750 2.000
vertex 91.750 23.300 2.000
endloop
endfacet
facet normal 0 0 0
outer loop
vertex 91.750 12.750 1.950
vertex 91.750 23.300 2.000
vertex 91.750 23.300 1.950
endloop
endfacet
facet normal 0 0 0
outer loop
vertex 91.750 23.300 1.950
vertex 91.750 23.300 2.000
vertex 91.250 23.300 2.000
endloop
endfacet
facet normal 0 0 0
outer loop
vertex 91.750 23.300 1.950
vertex 91.250 23.300 2.000
vertex 91.250 23.300 1.950
endloop
endfacet
facet normal 0 0 0
outer loop
vertex 91.250 23.300 1.950
vertex 91.250 23.300 2.000
vertex 91.250 12.750 2.000
endloop
endfacet
facet normal 0 0 0
outer loop
vertex 91.250 23.300 1.950
vertex 91.250 12.750 2.000
vertex 91.250 12.750 1.950
endloop
endfacet
facet normal 0 0 0
outer loop
vertex 25.600 12.750 1.950
vertex 86.300 12.750 1.950
vertex 86.300 13.250 1.950
endloop
endfacet
facet normal 0 0 0
outer loop
vertex 25.600 12.750 1.950
vertex 86.300 13.250 1.950
vertex 25.600 13.250 1.950
endloop
endfacet
facet normal 0 0 0
outer loop
vertex 25.600 12.750 2.000
vertex 86.300 13.250 2.000
vertex 86.300 12.750 2.000
endloop
endfacet
facet normal 0 0 0
outer loop
vertex 25.600 12.750 2.000
vertex 86.300 12.750 2.000
vertex 25.600 12.750 2.000
endloop
endfacet
facet normal 0 0 0
outer loop
vertex 25.600 12.750 1.950
vertex 25.600 12.750 2.000
vertex 86.300 12.750 2.000
endloop
endfacet
facet normal 0 0 0
outer loop
vertex 25.600 12.750 1.950
vertex 86.300 12.750 2.000
vertex 86.300 12.750 1.950
endloop
endfacet
facet normal 0 0 0
outer loop
vertex 86.300 12.750 1.950
vertex 86.300 12.750 2.000
vertex 86.300 13.250 2.000
endloop
endfacet
facet normal 0 0 0
outer loop
vertex 86.300 12.750 1.950
vertex 86.300 13.250 2.000
vertex 86.300 13.250 1.950
endloop
endfacet
facet normal 0 0 0
outer loop
vertex 86.300 13.250 1.950
vertex 86.300 13.250 2.000
vertex 25.600 13.250 2.000
endloop
endfacet
facet normal 0 0 0
outer loop
vertex 86.300 13.250 1.950
vertex 25.600 13.250 2.000
vertex 25.600 13.250 1.950
endloop
endfacet
facet normal 0 0 0
outer loop
vertex 25.600 13.250 1.950
vertex 25.600 13.250 2.000
vertex 25.600 12.750 2.000
endloop
endfacet
facet normal 0 0 0
outer loop
vertex 25.600 13.250 1.950
vertex 25.600 12.750 2.000
vertex 25.600 12.750 1.950
endloop
endfacet
facet normal 0 0 0
outer loop
vertex 85.800 12.750 1.950
vertex 86.300 12.750 1.950
vertex 86.300 30.800 1.950
endloop
endfacet
facet normal 0 0 0
outer loop
vertex 85.800 12.750 1.950
vertex 86.300 30.800 1.950
vertex 85.800 30.800 1.950
endloop
endfacet
facet normal 0 0 0
outer loop
vertex 85.800 12.750 2.000
vertex 86.300 30.800 2.000
vertex 86.300 12.750 2.000
endloop
endfacet
facet normal 0 0 0
outer loop
vertex 85.800 12.750 2.000
vertex 86.300 12.750 2.000
vertex 85.800 12.750 2.000
endloop
endfacet
facet normal 0 0 0
outer loop
vertex 85.800 12.750 1.950
vertex 85.800 12.750 2.000
vertex 86.300 12.750 2.000
endloop
endfacet
facet normal 0 0 0
outer loop
vertex 85.800 12.750 1.950
vertex 86.300 12.750 2.000
vertex 86.300 12.750 1.950
endloop
endfacet
facet normal 0 0 0
outer loop
vertex 86.300 12.750 1.950
vertex 86.300 12.750 2.000
vertex 86.300 30.800 2.000
endloop
endfacet
facet normal 0 0 0
outer loop
vertex 86.300 12.750 1.950
vertex 86.300 30.800 2.000
vertex 86.300 30.800 1.950
endloop
endfacet
facet normal 0 0 0
outer loop
vertex 86.300 30.800 1.950
vertex 86.300 30.800 2.000
vertex 85.800 30.800 2.000
endloop
endfacet
facet normal 0 0 0
outer loop
vertex 86.300 30.800 1.950
vertex 85.800 30.800 2.000
vertex 85.800 30.800 1.950
endloop
endfacet
facet normal 0 0 0
outer loop
vertex 85.800 30.800 1.950
vertex 85.800 30.800 2.000
vertex 85.800 12.750 2.000
endloop
endfacet
facet normal 0 0 0
outer loop
vertex 85.800 30.800 1.950
vertex 85.800 12.750 2.000
vertex 85.800 12.750 1.950
endloop
endfacet
facet normal 0 0 0
outer loop
vertex 25.600 12.750 1.950
vertex 119.750 12.750 1.950
vertex 119.750 13.250 1.950
endloop
endfacet
facet normal 0 0 0
outer loop
vertex 25.600 12.750 1.950
vertex 119.750 13.250 1.950
vertex 25.600 13.250 1.950
endloop
endfacet
facet normal 0 0 0
outer loop
vertex 25.600 12.750 2.000
vertex 119.750 13.250 2.000
vertex 119.750 12.750 2.000
endloop
endfacet
facet normal 0 0 0
outer loop
vertex 25.600 12.750 2.000
vertex 119.750 12.750 2.000
vertex 25.600 12.750 2.000
endloop
endfacet
facet normal 0 0 0
outer loop
vertex 25.600 12.750 1.950
vertex 25.600 12.750 2.000
vertex 119.750 12.750 2.000
endloop
endfacet
facet normal 0 0 0
outer loop
vertex 25.600 12.750 1.950
vertex 119.750 12.750 2.000
vertex 119.750 12.750 1.950
endloop
endfacet
facet normal 0 0 0
outer loop
vertex 119.750 12.750 1.950
vertex 119.750 12.750 2.000
vertex 119.750 13.250 2.000
endloop
endfacet
facet normal 0 0 0
outer loop
vertex 119.750 12.750 1.950
vertex 119.750 13.250 2.000
vertex 119.750 13.250 1.950
endloop
endfacet
facet normal 0 0 0
outer loop
vertex 119.750 13.250 1.950
vertex 119.750 13.250 2.000
vertex 25.600 13.250 2.000
endloop
endfacet
facet normal 0 0 0
outer loop
vertex 119.750 13.250 1.950
vertex 25.600 13.250 2.000
vertex 25.600 13.250 1.950
endloop
endfacet
facet normal 0 0 0
outer loop
vertex 25.600 13.250 1.950
vertex 25.600 13.250 2.000
vertex 25.600 12.750 2.000
endloop
endfacet
facet normal 0 0 0
outer loop
vertex 25.600 13.250 1.950
vertex 25.600 12.750 2.000
vertex 25.600 12.750 1.950
endloop
endfacet
facet normal 0 0 0
outer loop
vertex 119.250 12.750 1.950
vertex 119.750 12.750 1.950
vertex 119.750 23.300 1.950
endloop
endfacet
facet normal 0 0 0
outer loop
vertex 119.250 12.750 1.950
vertex 119.750 23.300 1.950
vertex 119.250 23.300 1.950
endloop
endfacet
facet normal 0 0 0
outer loop
vertex 119.250 12.750 2.000
vertex 119.750 23.300 2.000
vertex 119.750 12.750 2.000
endloop
endfacet
facet normal 0 0 0
outer loop
vertex 119.250 12.750 2.000
vertex 119.750 12.750 2.000
vertex 119.250 12.750 2.000
endloop
endfacet
facet normal 0 0 0
outer loop
vertex 119.250 12.750 1.950
vertex 119.250 12.750 2.000
vertex 119.750 12.750 2.000
endloop
endfacet
facet normal 0 0 0
outer loop
vertex 119.250 12.750 1.950
vertex 119.750 12.750 2.000
vertex 119.750 12.750 1.950
endloop
endfacet
facet normal 0 0 0
outer loop
vertex 119.750 12.750 1.950
vertex 119.750 12.750 2.000
vertex 119.750 23.300 2.000
endloop
endfacet
facet normal 0 0 0
outer loop
vertex 119.750 12.750 1.950
vertex 119.750 23.300 2.000
vertex 119.750 23.300 1.950
endloop
endfacet
facet normal 0 0 0
outer loop
vertex 119.750 23.300 1.950
vertex 119.750 23.300 2.000
vertex 119.250 23.300 2.000
endloop
endfacet
facet normal 0 0 0
outer loop
vertex 119.750 23.300 1.950
vertex 119.250 23.300 2.000
vertex 119.250 23.300 1.950
endloop
endfacet
facet normal 0 0 0
outer loop
vertex 119.250 23.300 1.950
vertex 119.250 23.300 2.000
vertex 119.250 12.750 2.000
endloop
endfacet
facet normal 0 0 0
outer loop
vertex 119.250 23.300 1.950
vertex 119.250 12.750 2.000
vertex 119.250 12.750 1.950
endloop
endfacet
facet normal 0 0 0
outer loop
vertex 25.600 12.750 1.950
vertex 114.300 12.750 1.950
vertex 114.300 13.250 1.950
endloop
endfacet
facet normal 0 0 0
outer loop
vertex 25.600 12.750 1.950
vertex 114.300 13.250 1.950
vertex 25.600 13.250 1.950
endloop
endfacet
facet normal 0 0 0
outer loop
vertex 25.600 12.750 2.000
vertex 114.300 13.250 2.000
vertex 114.300 12.750 2.000
endloop
endfacet
facet normal 0 0 0
outer loop
vertex 25.600 12.750 2.000
vertex 114.300 12.750 2.000
vertex 25.600 12.750 2.000
endloop
endfacet
facet normal 0 0 0
outer loop
vertex 25.600 12.750 1.950
vertex 25.600 12.750 2.000
vertex 114.300 12.750 2.000
endloop
endfacet
facet normal 0 0 0
outer loop
vertex 25.600 12.750 1.950
vertex 114.300 12.750 2.000
vertex 114.300 12.750 1.950
endloop
endfacet
facet normal 0 0 0
outer loop
vertex 114.300 12.750 1.950
vertex 114.300 12.750 2.000
vertex 114.300 13.250 2.000
endloop
endfacet
facet normal 0 0 0
outer loop
vertex 114.300 12.750 1.950
vertex 114.300 13.250 2.000
vertex 114.300 13.250 1.950
endloop
endfacet
facet normal 0 0 0
outer loop
vertex 114.300 13.250 1.950
vertex 114.300 13.250 2.000
vertex 25.600 13.250 2.000
endloop
endfacet
facet normal 0 0 0
outer loop
vertex 114.300 13.250 1.950
vertex 25.600 13.250 2.000
vertex 25.600 13.250 1.950
endloop
endfacet
facet normal 0 0 0
outer loop
vertex 25.600 13.250 1.950
vertex 25.600 13.250 2.000
vertex 25.600 12.750 2.000
endloop
endfacet
facet normal 0 0 0
outer loop
vertex 25.600 13.250 1.950
vertex 25.600 12.750 2.000
vertex 25.600 12.750 1.950
endloop
endfacet
facet normal 0 0 0
outer loop
vertex 113.800 12.750 1.950
vertex 114.300 12.750 1.950
vertex 114.300 30.800 1.950
endloop
endfacet
facet normal 0 0 0
outer loop
vertex 113.800 12.750 1.950
vertex 114.300 30.800 1.950
vertex 113.800 30.800 1.950
endloop
endfacet
facet normal 0 0 0
outer loop
vertex 113.800 12.750 2.000
vertex 114.300 30.800 2.000
vertex 114.300 12.750 2.000
endloop
endfacet
facet normal 0 0 0
outer loop
vertex 113.800 12.750 2.000
vertex 114.300 12.750 2.000
vertex 113.800 12.750 2.000
endloop
endfacet
facet normal 0 0 0
outer loop
vertex 113.800 12.750 1.950
vertex 113.800 12.750 2.000
vertex 114.300 12.750 2.000
endloop
endfacet
facet normal 0 0 0
outer loop
vertex 113.800 12.750 1.950
vertex 114.300 12.750 2.000
vertex 114.300 12.750 1.950
endloop
endfacet
facet normal 0 0 0
outer loop
vertex 114.300 12.750 1.950
vertex 114.300 12.750 2.000
vertex 114.300 30.800 2.000
endloop
endfacet
facet normal 0 0 0
outer loop
vertex 114.300 12.750 1.950
vertex 114.300 30.800 2.000
vertex 114.300 30.800 1.950
endloop
endfacet
facet normal 0 0 0
outer loop
vertex 114.300 30.800 1.950
vertex 114.300 30.800 2.000
vertex 113.800 30.800 2.000
endloop
endfacet
facet normal 0 0 0
outer loop
vertex 114.300 30.800 1.950
vertex 113.800 30.800 2.000
vertex 113.800 30.800 1.950
endloop
endfacet
facet normal 0 0 0
outer loop
vertex 113.800 30.800 1.950
vertex 113.800 30.800 2.000
vertex 113.800 12.750 2.000
endloop
endfacet
facet normal 0 0 0
outer loop
vertex 113.800 30.800 1.950
vertex 113.800 12.750 2.000
vertex 113.800 12.750 1.950
endloop
endfacet
facet normal 0 0 0
outer loop
vertex 25.600 12.750 1.950
vertex 63.750 12.750 1.950
vertex 63.750 13.250 1.950
endloop
endfacet
facet normal 0 0 0
outer loop
vertex 25.600 12.750 1.950
vertex 63.750 13.250 1.950
vertex 25.600 13.250 1.950
endloop
endfacet
facet normal 0 0 0
outer loop
vertex 25.600 12.750 2.000
vertex 63.750 13.250 2.000
vertex 63.750 12.750 2.000
endloop
endfacet
facet normal 0 0 0
outer loop
vertex 25.600 12.750 2.000
vertex 63.750 12.750 2.000
vertex 25.600 12.750 2.000
endloop
endfacet
facet normal 0 0 0
outer loop
vertex 25.600 12.750 1.950
vertex 25.600 12.750 2.000
vertex 63.750 12.750 2.000
endloop
endfacet
facet normal 0 0 0
outer loop
vertex 25.600 12.750 1.950
vertex 63.750 12.750 2.000
vertex 63.750 12.750 1.950
endloop
endfacet
facet normal 0 0 0
outer loop
vertex 63.750 12.750 1.950
vertex 63.750 12.750 2.000
vertex 63.750 13.250 2.000
endloop
endfacet
facet normal 0 0 0
outer loop
vertex 63.750 12.750 1.950
vertex 63.750 13.250 2.000
vertex 63.750 13.250 1.950
endloop
endfacet
facet normal 0 0 0
outer loop
vertex 63.750 13.250 1.950
vertex 63.750 13.250 2.000
vertex 25.600 13.250 2.000
endloop
endfacet
facet normal 0 0 0
outer loop
vertex 63.750 13.250 1.950
vertex 25.600 13.250 2.000
vertex 25.600 13.250 1.950
endloop
endfacet
facet normal 0 0 0
outer loop
vertex 25.600 13.250 1.950
vertex 25.600 13.250 2.000
vertex 25.600 12.750 2.000
endloop
endfacet
facet normal 0 0 0
outer loop
vertex 25.600 13.250 1.950
vertex 25.600 12.750 2.000
vertex 25.600 12.750 1.950
endloop
endfacet
facet normal 0 0 0
outer loop
vertex 63.250 12.750 1.950
vertex 63.750 12.750 1.950
vertex 63.750 23.300 1.950
endloop
endfacet
facet normal 0 0 0
outer loop
vertex 63.250 12.750 1.950
vertex 63.750 23.300 1.950
vertex 63.250 23.300 1.950
endloop
endfacet
facet normal 0 0 0
outer loop
vertex 63.250 12.750 2.000
vertex 63.750 23.300 2.000
vertex 63.750 12.750 2.000
endloop
endfacet
facet normal 0 0 0
outer loop
vertex 63.250 12.750 2.000
vertex 63.750 12.750 2.000
vertex 63.250 12.750 2.000
endloop
endfacet
facet normal 0 0 0
outer loop
vertex 63.250 12.750 1.950
vertex 63.250 12.750 2.000
vertex 63.750 12.750 2.000
endloop
endfacet
facet normal 0 0 0
outer loop
vertex 63.250 12.750 1.950
vertex 63.750 12.750 2.000
vertex 63.750 12.750 1.950
endloop
endfacet
facet normal 0 0 0
outer loop
vertex 63.750 12.750 1.950
vertex 63.750 12.750 2.000
vertex 63.750 23.300 2.000
endloop
endfacet
facet normal 0 0 0
outer loop
vertex 63.750 12.750 1.950
vertex 63.750 23.300 2.000
vertex 63.750 23.300 1.950
endloop
endfacet
facet normal 0 0 0
outer loop
vertex 63.750 23.300 1.950
vertex 63.750 23.300 2.000
vertex 63.250 23.300 2.000
endloop
endfacet
facet normal 0 0 0
outer loop
vertex 63.750 23.300 1.950
vertex 63.250 23.300 2.000
vertex 63.250 23.300 1.950
endloop
endfacet
facet normal 0 0 0
outer loop
vertex 63.250 23.300 1.950
vertex 63.250 23.300 2.000
vertex 63.250 12.750 2.000
endloop
endfacet
facet normal 0 0 0
outer loop
vertex 63.250 23.300 1.950
vertex 63.250 12.750 2.000
vertex 63.250 12.750 1.950
endloop
endfacet
facet normal 0 0 0
outer loop
vertex 25.600 12.750 1.950
vertex 58.300 12.750 1.950
vertex 58.300 13.250 1.950
endloop
endfacet
facet normal 0 0 0
outer loop
vertex 25.600 12.750 1.950
vertex 58.300 13.250 1.950
vertex 25.600 13.250 1.950
endloop
endfacet
facet normal 0 0 0
outer loop
vertex 25.600 12.750 2.000
vertex 58.300 13.250 2.000
vertex 58.300 12.750 2.000
endloop
endfacet
facet normal 0 0 0
outer loop
vertex 25.600 12.750 2.000
vertex 58.300 12.750 2.000
vertex 25.600 12.750 2.000
endloop
endfacet
facet normal 0 0 0
outer loop
vertex 25.600 12.750 1.950
vertex 25.600 12.750 2.000
vertex 58.300 12.750 2.000
endloop
endfacet
facet normal 0 0 0
outer loop
vertex 25.600 12.750 1.950
vertex 58.300 12.750 2.000
vertex 58.300 12.750 1.950
endloop
endfacet
facet normal 0 0 0
outer loop
vertex 58.300 12.750 1.950
vertex 58.300 12.750 2.000
vertex 58.300 13.250 2.000
endloop
endfacet
facet normal 0 0 0
outer loop
vertex 58.300 12.750 1.950
vertex 58.300 13.250 2.000
vertex 58.300 13.250 1.950
endloop
endfacet
facet normal 0 0 0
outer loop
vertex 58.300 13.250 1.950
vertex 58.300 13.250 2.000
vertex 25.600 13.250 2.000
endloop
endfacet
facet normal 0 0 0
outer loop
vertex 58.300 13.250 1.950
vertex 25.600 13.250 2.000
vertex 25.600 13.250 1.950
endloop
endfacet
facet normal 0 0 0
outer loop
vertex 25.600 13.250 1.950
vertex 25.600 13.250 2.000
vertex 25.600 12.750 2.000
endloop
endfacet
facet normal 0 0 0
outer loop
vertex 25.600 13.250 1.950
vertex 25.600 12.750 2.000
vertex 25.600 12.750 1.950
endloop
endfacet
facet normal 0 0 0
outer loop
vertex 57.800 12.750 1.950
vertex 58.300 12.750 1.950
vertex 58.300 30.800 1.950
endloop
endfacet
facet normal 0 0 0
outer loop
vertex 57.800 12.750 1.950
vertex 58.300 30.800 1.950
vertex 57.800 30.800 1.950
endloop
endfacet
facet normal 0 0 0
outer loop
vertex 57.800 12.750 2.000
vertex 58.300 30.800 2.000
vertex 58.300 12.750 2.000
endloop
endfacet
facet normal 0 0 0
outer loop
vertex 57.800 12.750 2.000
vertex 58.300 12.750 2.000
vertex 57.800 12.750 2.000
endloop
endfacet
facet normal 0 0 0
outer loop
vertex 57.800 12.750 1.950
vertex 57.800 12.750 2.000
vertex 58.300 12.750 2.000
endloop
endfacet
facet normal 0 0 0
outer loop
vertex 57.800 12.750 1.950
vertex 58.300 12.750 2.000
vertex 58.300 12.750 1.950
endloop
endfacet
facet normal 0 0 0
outer loop
vertex 58.300 12.750 1.950
vertex 58.300 12.750 2.000
vertex 58.300 30.800 2.000
endloop
endfacet
facet normal 0 0 0
outer loop
vertex 58.300 12.750 1.950
vertex 58.300 30.800 2.000
vertex 58.300 30.800 1.950
endloop
endfacet
facet normal 0 0 0
outer loop
vertex 58.300 30.800 1.950
vertex 58.300 30.800 2.000
vertex 57.800 30.800 2.000
endloop
endfacet
facet normal 0 0 0
outer loop
vertex 58.300 30.800 1.950
vertex 57.800 30.800 2.000
vertex 57.800 30.800 1.950
endloop
endfacet
facet normal 0 0 0
outer loop
vertex 57.800 30.800 1.950
vertex 57.800 30.800 2.000
vertex 57.800 12.750 2.000
endloop
endfacet
facet normal 0 0 0
outer loop
vertex 57.800 30.800 1.950
vertex 57.800 12.750 2.000
vertex 57.800 12.750 1.950
endloop
endfacet
facet normal 0 0 0
outer loop
vertex 37.010 46.120 1.650
vertex 95.650 46.120 1.650
vertex 95.650 46.420 1.650
endloop
endfacet
facet normal 0 0 0
outer loop
vertex 37.010 46.120 1.650
vertex 95.650 46.420 1.650
vertex 37.010 46.420 1.650
endloop
endfacet
facet normal 0 0 0
outer loop
vertex 37.010 46.120 1.700
vertex 95.650 46.420 1.700
vertex 95.650 46.120 1.700
endloop
endfacet
facet normal 0 0 0
outer loop
vertex 37.010 46.120 1.700
vertex 95.650 46.120 1.700
vertex 37.010 46.120 1.700
endloop
endfacet
facet normal 0 0 0
outer loop
vertex 37.010 46.120 1.650
vertex 37.010 46.120 1.700
vertex 95.650 46.120 1.700
endloop
endfacet
facet normal 0 0 0
outer loop
vertex 37.010 46.120 1.650
vertex 95.650 46.120 1.700
vertex 95.650 46.120 1.650
endloop
endfacet
facet normal 0 0 0
outer loop
vertex 95.650 46.120 1.650
vertex 95.650 46.120 1.700
vertex 95.650 46.420 1.700
endloop
endfacet
facet normal 0 0 0
outer loop
vertex 95.650 46.120 1.650
vertex 95.650 46.420 1.700
vertex 95.650 46.420 1.650
endloop
endfacet
facet normal 0 0 0
outer loop
vertex 95.650 46.420 1.650
vertex 95.650 46.420 1.700
vertex 37.010 46.420 1.700
endloop
endfacet
facet normal 0 0 0
outer loop
vertex 95.650 46.420 1.650
vertex 37.010 46.420 1.700
vertex 37.010 46.420 1.650
endloop
endfacet
facet normal 0 0 0
outer loop
vertex 37.010 46.420 1.650
vertex 37.010 46.420 1.700
vertex 37.010 46.120 1.700
endloop
endfacet
facet normal 0 0 0
outer loop
vertex 37.010 46.420 1.650
vertex 37.010 46.120 1.700
vertex 37.010 46.120 1.650
endloop
endfacet
facet normal 0 0 0
outer loop
vertex 95.350 25.900 1.650
vertex 95.650 25.900 1.650
vertex 95.650 46.420 1.650
endloop
endfacet
facet normal 0 0 0
outer loop
vertex 95.350 25.900 1.650
vertex 95.650 46.420 1.650
vertex 95.350 46.420 1.650
endloop
endfacet
facet normal 0 0 0
outer loop
vertex 95.350 25.900 1.700
vertex 95.650 46.420 1.700
vertex 95.650 25.900 1.700
endloop
endfacet
facet normal 0 0 0
outer loop
vertex 95.350 25.900 1.700
vertex 95.650 25.900 1.700
vertex 95.350 25.900 1.700
endloop
endfacet
facet normal 0 0 0
outer loop
vertex 95.350 25.900 1.650
vertex 95.350 25.900 1.700
vertex 95.650 25.900 1.700
endloop
endfacet
facet normal 0 0 0
outer loop
vertex 95.350 25.900 1.650
vertex 95.650 25.900 1.700
vertex 95.650 25.900 1.650
endloop
endfacet
facet normal 0 0 0
outer loop
vertex 95.650 25.900 1.650
vertex 95.650 25.900 1.700
vertex 95.650 46.420 1.700
endloop
endfacet
facet normal 0 0 0
outer loop
vertex 95.650 25.900 1.650
vertex 95.650 46.420 1.700
vertex 95.650 46.420 1.650
endloop
endfacet
facet normal 0 0 0
outer loop
vertex 95.650 46.420 1.650
vertex 95.650 46.420 1.700
vertex 95.350 46.420 1.700
endloop
endfacet
facet normal 0 0 0
outer loop
vertex 95.650 46.420 1.650
vertex 95.350 46.420 1.700
vertex 95.350 46.420 1.650
endloop
endfacet
facet normal 0 0 0
outer loop
vertex 95.350 46.420 1.650
vertex 95.350 46.420 1.700
vertex 95.350 25.900 1.700
endloop
endfacet
facet normal 0 0 0
outer loop
vertex 95.350 46.420 1.650
vertex 95.350 25.900 1.700
vertex 95.350 25.900 1.650
endloop
endfacet
facet normal 0 0 0
outer loop
vertex 52.250 46.120 1.650
vertex 90.650 46.120 1.650
vertex 90.650 46.420 1.650
endloop
endfacet
facet normal 0 0 0
outer loop
vertex 52.250 46.120 1.650
vertex 90.650 46.420 1.650
vertex 52.250 46.420 1.650
endloop
endfacet
facet normal 0 0 0
outer loop
vertex 52.250 46.120 1.700
vertex 90.650 46.420 1.700
vertex 90.650 46.120 1.700
endloop
endfacet
facet normal 0 0 0
outer loop
vertex 52.250 46.120 1.700
vertex 90.650 46.120 1.700
vertex 52.250 46.120 1.700
endloop
endfacet
facet normal 0 0 0
outer loop
vertex 52.250 46.120 1.650
vertex 52.250 46.120 1.700
vertex 90.650 46.120 1.700
endloop
endfacet
facet normal 0 0 0
outer loop
vertex 52.250 46.120 1.650
vertex 90.650 46.120 1.700
vertex 90.650 46.120 1.650
endloop
endfacet
facet normal 0 0 0
outer loop
vertex 90.650 46.120 1.650
vertex 90.650 46.120 1.700
vertex 90.650 46.420 1.700
endloop
endfacet
facet normal 0 0 0
outer loop
vertex 90.650 46.120 1.650
vertex 90.650 46.420 1.700
vertex 90.650 46.420 1.650
endloop
endfacet
facet normal 0 0 0
outer loop
vertex 90.650 46.420 1.650
vertex 90.650 46.420 1.700
vertex 52.250 46.420 1.700
endloop
endfacet
facet normal 0 0 0
outer loop
vertex 90.650 46.420 1.650
vertex 52.250 46.420 1.700
vertex 52.250 46.420 1.650
endloop
endfacet
facet normal 0 0 0
outer loop
vertex 52.250 46.420 1.650
vertex 52.250 46.420 1.700
vertex 52.250 46.120 1.700
endloop
endfacet
facet normal 0 0 0
outer loop
vertex 52.250 46.420 1.650
vertex 52.250 46.120 1.700
vertex 52.250 46.120 1.650
endloop
endfacet
facet normal 0 0 0
outer loop
vertex 90.350 26.400 1.650
vertex 90.650 26.400 1.650
vertex 90.650 46.420 1.650
endloop
endfacet
facet normal 0 0 0
outer loop
vertex 90.350 26.400 1.650
vertex 90.650 46.420 1.650
vertex 90.350 46.420 1.650
endloop
endfacet
facet normal 0 0 0
outer loop
vertex 90.350 26.400 1.700
vertex 90.650 46.420 1.700
vertex 90.650 26.400 1.700
endloop
endfacet
facet normal 0 0 0
outer loop
vertex 90.350 26.400 1.700
vertex 90.650 26.400 1.700
vertex 90.350 26.400 1.700
endloop
endfacet
facet normal 0 0 0
outer loop
vertex 90.350 26.400 1.650
vertex 90.350 26.400 1.700
vertex 90.650 26.400 1.700
endloop
endfacet
facet normal 0 0 0
outer loop
vertex 90.350 26.400 1.650
vertex 90.650 26.400 1.700
vertex 90.650 26.400 1.650
endloop
endfacet
facet normal 0 0 0
outer loop
vertex 90.650 26.400 1.650
vertex 90.650 26.400 1.700
vertex 90.650 46.420 1.700
endloop
endfacet
facet normal 0 0 0
outer loop
vertex 90.650 26.400 1.650
vertex 90.650 46.420 1.700
vertex 90.650 46.420 1.650
endloop
endfacet
facet normal 0 0 0
outer loop
vertex 90.650 46.420 1.650
vertex 90.650 46.420 1.700
vertex 90.350 46.420 1.700
endloop
endfacet
facet normal 0 0 0
outer loop
vertex 90.650 46.420 1.650
vertex 90.350 46.420 1.700
vertex 90.350 46.420 1.650
endloop
endfacet
facet normal 0 0 0
outer loop
vertex 90.350 46.420 1.650
vertex 90.350 46.420 1.700
vertex 90.350 26.400 1.700
endloop
endfacet
facet normal 0 0 0
outer loop
vertex 90.350 46.420 1.650
vertex 90.350 26.400 1.700
vertex 90.350 26.400 1.650
endloop
endfacet
facet normal 0 0 0
outer loop
vertex 34.470 46.120 1.950
vertex 92.150 46.120 1.950
vertex 92.150 46.420 1.950
endloop
endfacet
facet normal 0 0 0
outer loop
vertex 34.470 46.120 1.950
vertex 92.150 46.420 1.950
vertex 34.470 46.420 1.950
endloop
endfacet
facet normal 0 0 0
outer loop
vertex 34.470 46.120 2.000
vertex 92.150 46.420 2.000
vertex 92.150 46.120 2.000
endloop
endfacet
facet normal 0 0 0
outer loop
vertex 34.470 46.120 2.000
vertex 92.150 46.120 2.000
vertex 34.470 46.120 2.000
endloop
endfacet
facet normal 0 0 0
outer loop
vertex 34.470 46.120 1.950
vertex 34.470 46.120 2.000
vertex 92.150 46.120 2.000
endloop
endfacet
facet normal 0 0 0
outer loop
vertex 34.470 46.120 1.950
vertex 92.150 46.120 2.000
vertex 92.150 46.120 1.950
endloop
endfacet
facet normal 0 0 0
outer loop
vertex 92.150 46.120 1.950
vertex 92.150 46.120 2.000
vertex 92.150 46.420 2.000
endloop
endfacet
facet normal 0 0 0
outer loop
vertex 92.150 46.120 1.950
vertex 92.150 46.420 2.000
vertex 92.150 46.420 1.950
endloop
endfacet
facet normal 0 0 0
outer loop
vertex 92.150 46.420 1.950
vertex 92.150 46.420 2.000
vertex 34.470 46.420 2.000
endloop
endfacet
facet normal 0 0 0
outer loop
vertex 92.150 46.420 1.950
vertex 34.470 46.420 2.000
vertex 34.470 46.420 1.950
endloop
endfacet
facet normal 0 0 0
outer loop
vertex 34.470 46.420 1.950
vertex 34.470 46.420 2.000
vertex 34.470 46.120 2.000
endloop
endfacet
facet normal 0 0 0
outer loop
vertex 34.470 46.420 1.950
vertex 34.470 46.120 2.000
vertex 34.470 46.120 1.950
endloop
endfacet
facet normal 0 0 0
outer loop
vertex 91.850 27.900 1.950
vertex 92.150 27.900 1.950
vertex 92.150 46.420 1.950
endloop
endfacet
facet normal 0 0 0
outer loop
vertex 91.850 27.900 1.950
vertex 92.150 46.420 1.950
vertex 91.850 46.420 1.950
endloop
endfacet
facet normal 0 0 0
outer loop
vertex 91.850 27.900 2.000
vertex 92.150 46.420 2.000
vertex 92.150 27.900 2.000
endloop
endfacet
facet normal 0 0 0
outer loop
vertex 91.850 27.900 2.000
vertex 92.150 27.900 2.000
vertex 91.850 27.900 2.000
endloop
endfacet
facet normal 0 0 0
outer loop
vertex 91.850 27.900 1.950
vertex 91.850 27.900 2.000
vertex 92.150 27.900 2.000
endloop
endfacet
facet normal 0 0 0
outer loop
vertex 91.850 27.900 1.950
vertex 92.150 27.900 2.000
vertex 92.150 27.900 1.950
endloop
endfacet
facet normal 0 0 0
outer loop
vertex 92.150 27.900 1.950
vertex 92.150 27.900 2.000
vertex 92.150 46.420 2.000
endloop
endfacet
facet normal 0 0 0
outer loop
vertex 92.150 27.900 1.950
vertex 92.150 46.420 2.000
vertex 92.150 46.420 1.950
endloop
endfacet
facet normal 0 0 0
outer loop
vertex 92.150 46.420 1.950
vertex 92.150 46.420 2.000
vertex 91.850 46.420 2.000
endloop
endfacet
facet normal 0 0 0
outer loop
vertex 92.150 46.420 1.950
vertex 91.850 46.420 2.000
vertex 91.850 46.420 1.950
endloop
endfacet
facet normal 0 0 0
outer loop
vertex 91.850 46.420 1.950
vertex 91.850 46.420 2.000
vertex 91.850 27.900 2.000
endloop
endfacet
facet normal 0 0 0
outer loop
vertex 91.850 46.420 1.950
vertex 91.850 27.900 2.000
vertex 91.850 27.900 1.950
endloop
endfacet
facet normal 0 0 0
outer loop
vertex 42.090 46.120 1.950
vertex 123.650 46.120 1.950
vertex 123.650 46.420 1.950
endloop
endfacet
facet normal 0 0 0
outer loop
vertex 42.090 46.120 1.950
vertex 123.650 46.420 1.950
vertex 42.090 46.420 1.950
endloop
endfacet
facet normal 0 0 0
outer loop
vertex 42.090 46.120 2.000
vertex 123.650 46.420 2.000
vertex 123.650 46.120 2.000
endloop
endfacet
facet normal 0 0 0
outer loop
vertex 42.090 46.120 2.000
vertex 123.650 46.120 2.000
vertex 42.090 46.120 2.000
endloop
endfacet
facet normal 0 0 0
outer loop
vertex 42.090 46.120 1.950
vertex 42.090 46.120 2.000
vertex 123.650 46.120 2.000
endloop
endfacet
facet normal 0 0 0
outer loop
vertex 42.090 46.120 1.950
vertex 123.650 46.120 2.000
vertex 123.650 46.120 1.950
endloop
endfacet
facet normal 0 0 0
outer loop
vertex 123.650 46.120 1.950
vertex 123.650 46.120 2.000
vertex 123.650 46.420 2.000
endloop
endfacet
facet normal 0 0 0
outer loop
vertex 123.650 46.120 1.950
vertex 123.650 46.420 2.000
vertex 123.650 46.420 1.950
endloop
endfacet
facet normal 0 0 0
outer loop
vertex 123.650 46.420 1.950
vertex 123.650 46.420 2.000
vertex 42.090 46.420 2.000
endloop
endfacet
facet normal 0 0 0
outer loop
vertex 123.650 46.420 1.950
vertex 42.090 46.420 2.000
vertex 42.090 46.420 1.950
endloop
endfacet
facet normal 0 0 0
outer loop
vertex 42.090 46.420 1.950
vertex 42.090 46.420 2.000
vertex 42.090 46.120 2.000
endloop
endfacet
facet normal 0 0 0
outer loop
vertex 42.090 46.420 1.950
vertex 42.090 46.120 2.000
vertex 42.090 46.120 1.950
endloop
endfacet
facet normal 0 0 0
outer loop
vertex 123.350 25.900 1.950
vertex 123.650 25.900 1.950
vertex 123.650 46.420 1.950
endloop
endfacet
facet normal 0 0 0
outer loop
vertex 123.350 25.900 1.950
vertex 123.650 46.420 1.950
vertex 123.350 46.420 1.950
endloop
endfacet
facet normal 0 0 0
outer loop
vertex 123.350 25.900 2.000
vertex 123.650 46.420 2.000
vertex 123.650 25.900 2.000
endloop
endfacet
facet normal 0 0 0
outer loop
vertex 123.350 25.900 2.000
vertex 123.650 25.900 2.000
vertex 123.350 25.900 2.000
endloop
endfacet
facet normal 0 0 0
outer loop
vertex 123.350 25.900 1.950
vertex 123.350 25.900 2.000
vertex 123.650 25.900 2.000
endloop
endfacet
facet normal 0 0 0
outer loop
vertex 123.350 25.900 1.950
vertex 123.650 25.900 2.000
vertex 123.650 25.900 1.950
endloop
endfacet
facet normal 0 0 0
outer loop
vertex 123.650 25.900 1.950
vertex 123.650 25.900 2.000
vertex 123.650 46.420 2.000
endloop
endfacet
facet normal 0 0 0
outer loop
vertex 123.650 25.900 1.950
vertex 123.650 46.420 2.000
vertex 123.650 46.420 1.950
endloop
endfacet
facet normal 0 0 0
outer loop
vertex 123.650 46.420 1.950
vertex 123.650 46.420 2.000
vertex 123.350 46.420 2.000
endloop
endfacet
facet normal 0 0 0
outer loop
vertex 123.650 46.420 1.950
vertex 123.350 46.420 2.000
vertex 123.350 46.420 1.950
endloop
endfacet
facet normal 0 0 0
outer loop
vertex 123.350 46.420 1.950
vertex 123.350 46.420 2.000
vertex 123.350 25.900 2.000
endloop
endfacet
facet normal 0 0 0
outer loop
vertex 123.350 46.420 1.950
vertex 123.350 25.900 2.000
vertex 123.350 25.900 1.950
endloop
endfacet
facet normal 0 0 0
outer loop
vertex 54.790 46.120 1.650
vertex 118.650 46.120 1.650
vertex 118.650 46.420 1.650
endloop
endfacet
facet normal 0 0 0
outer loop
vertex 54.790 46.120 1.650
vertex 118.650 46.420 1.650
vertex 54.790 46.420 1.650
endloop
endfacet
facet normal 0 0 0
outer loop
vertex 54.790 46.120 1.700
vertex 118.650 46.420 1.700
vertex 118.650 46.120 1.700
endloop
endfacet
facet normal 0 0 0
outer loop
vertex 54.790 46.120 1.700
vertex 118.650 46.120 1.700
vertex 54.790 46.120 1.700
endloop
endfacet
facet normal 0 0 0
outer loop
vertex 54.790 46.120 1.650
vertex 54.790 46.120 1.700
vertex 118.650 46.120 1.700
endloop
endfacet
facet normal 0 0 0
outer loop
vertex 54.790 46.120 1.650
vertex 118.650 46.120 1.700
vertex 118.650 46.120 1.650
endloop
endfacet
facet normal 0 0 0
outer loop
vertex 118.650 46.120 1.650
vertex 118.650 46.120 1.700
vertex 118.650 46.420 1.700
endloop
endfacet
facet normal 0 0 0
outer loop
vertex 118.650 46.120 1.650
vertex 118.650 46.420 1.700
vertex 118.650 46.420 1.650
endloop
endfacet
facet normal 0 0 0
outer loop
vertex 118.650 46.420 1.650
vertex 118.650 46.420 1.700
vertex 54.790 46.420 1.700
endloop
endfacet
facet normal 0 0 0
outer loop
vertex 118.650 46.420 1.650
vertex 54.790 46.420 1.700
vertex 54.790 46.420 1.650
endloop
endfacet
facet normal 0 0 0
outer loop
vertex 54.790 46.420 1.650
vertex 54.790 46.420 1.700
vertex 54.790 46.120 1.700
endloop
endfacet
facet normal 0 0 0
outer loop
vertex 54.790 46.420 1.650
vertex 54.790 46.120 1.700
vertex 54.790 46.120 1.650
endloop
endfacet
facet normal 0 0 0
outer loop
vertex 118.350 26.400 1.650
vertex 118.650 26.400 1.650
vertex 118.650 46.420 1.650
endloop
endfacet
facet normal 0 0 0
outer loop
vertex 118.350 26.400 1.650
vertex 118.650 46.420 1.650
vertex 118.350 46.420 1.650
endloop
endfacet
facet normal 0 0 0
outer loop
vertex 118.350 26.400 1.700
vertex 118.650 46.420 1.700
vertex 118.650 26.400 1.700
endloop
endfacet
facet normal 0 0 0
outer loop
vertex 118.350 26.400 1.700
vertex 118.650 26.400 1.700
vertex 118.350 26.400 1.700
endloop
endfacet
facet normal 0 0 0
outer loop
vertex 118.350 26.400 1.650
vertex 118.350 26.400 1.700
vertex 118.650 26.400 1.700
endloop
endfacet
facet normal 0 0 0
outer loop
vertex 118.350 26.400 1.650
vertex 118.650 26.400 1.700
vertex 118.650 26.400 1.650
endloop
endfacet
facet normal 0 0 0
outer loop
vertex 118.650 26.400 1.650
vertex 118.650 26.400 1.700
vertex 118.650 46.420 1.700
endloop
endfacet
facet normal 0 0 0
outer loop
vertex 118.650 26.400 1.650
vertex 118.650 46.420 1.700
vertex 118.650 46.420 1.650
endloop
endfacet
facet normal 0 0 0
outer loop
vertex 118.650 46.420 1.650
vertex 118.650 46.420 1.700
vertex 118.350 46.420 1.700
endloop
endfacet
facet normal 0 0 0
outer loop
vertex 118.650 46.420 1.650
vertex 118.350 46.420 1.700
vertex 118.350 46.420 1.650
endloop
endfacet
facet normal 0 0 0
outer loop
vertex 118.350 46.420 1.650
vertex 118.350 46.420 1.700
vertex 118.350 26.400 1.700
endloop
endfacet
facet normal 0 0 0
outer loop
vertex 118.350 46.420 1.650
vertex 118.350 26.400 1.700
vertex 118.350 26.400 1.650
endloop
endfacet
facet normal 0 0 0
outer loop
vertex 39.550 46.120 1.950
vertex 120.150 46.120 1.950
vertex 120.150 46.420 1.950
endloop
endfacet
facet normal 0 0 0
outer loop
vertex 39.550 46.120 1.950
vertex 120.150 46.420 1.950
vertex 39.550 46.420 1.950
endloop
endfacet
facet normal 0 0 0
outer loop
vertex 39.550 46.120 2.000
vertex 120.150 46.420 2.000
vertex 120.150 46.120 2.000
endloop
endfacet
facet normal 0 0 0
outer loop
vertex 39.550 46.120 2.000
vertex 120.150 46.120 2.000
vertex 39.550 46.120 2.000
endloop
endfacet
facet normal 0 0 0
outer loop
vertex 39.550 46.120 1.950
vertex 39.550 46.120 2.000
vertex 120.150 46.120 2.000
endloop
endfacet
facet normal 0 0 0
outer loop
vertex 39.550 46.120 1.950
vertex 120.150 46.120 2.000
vertex 120.150 46.120 1.950
endloop
endfacet
facet normal 0 0 0
outer loop
vertex 120.150 46.120 1.950
vertex 120.150 46.120 2.000
vertex 120.150 46.420 2.000
endloop
endfacet
facet normal 0 0 0
outer loop
vertex 120.150 46.120 1.950
vertex 120.150 46.420 2.000
vertex 120.150 46.420 1.950
endloop
endfacet
facet normal 0 0 0
outer loop
vertex 120.150 46.420 1.950
vertex 120.150 46.420 2.000
vertex 39.550 46.420 2.000
endloop
endfacet
facet normal 0 0 0
outer loop
vertex 120.150 46.420 1.950
vertex 39.550 46.420 2.000
vertex 39.550 46.420 1.950
endloop
endfacet
facet normal 0 0 0
outer loop
vertex 39.550 46.420 1.950
vertex 39.550 46.420 2.000
vertex 39.550 46.120 2.000
endloop
endfacet
facet normal 0 0 0
outer loop
vertex 39.550 46.420 1.950
vertex 39.550 46.120 2.000
vertex 39.550 46.120 1.950
endloop
endfacet
facet normal 0 0 0
outer loop
vertex 119.850 27.900 1.950
vertex 120.150 27.900 1.950
vertex 120.150 46.420 1.950
endloop
endfacet
facet normal 0 0 0
outer loop
vertex 119.850 27.900 1.950
vertex 120.150 46.420 1.950
vertex 119.850 46.420 1.950
endloop
endfacet
facet normal 0 0 0
outer loop
vertex 119.850 27.900 2.000
vertex 120.150 46.420 2.000
vertex 120.150 27.900 2.000
endloop
endfacet
facet normal 0 0 0
outer loop
vertex 119.850 27.900 2.000
vertex 120.150 27.900 2.000
vertex 119.850 27.900 2.000
endloop
endfacet
facet normal 0 0 0
outer loop
vertex 119.850 27.900 1.950
vertex 119.850 27.900 2.000
vertex 120.150 27.900 2.000
endloop
endfacet
facet normal 0 0 0
outer loop
vertex 119.850 27.900 1.950
vertex 120.150 27.900 2.000
vertex 120.150 27.900 1.950
endloop
endfacet
facet normal 0 0 0
outer loop
vertex 120.150 27.900 1.950
vertex 120.150 27.900 2.000
vertex 120.150 46.420 2.000
endloop
endfacet
facet normal 0 0 0
outer loop
vertex 120.150 27.900 1.950
vertex 120.150 46.420 2.000
vertex 120.150 46.420 1.950
endloop
endfacet
facet normal 0 0 0
outer loop
vertex 120.150 46.420 1.950
vertex 120.150 46.420 2.000
vertex 119.850 46.420 2.000
endloop
endfacet
facet normal 0 0 0
outer loop
vertex 120.150 46.420 1.950
vertex 119.850 46.420 2.000
vertex 119.850 46.420 1.950
endloop
endfacet
facet normal 0 0 0
outer loop
vertex 119.850 46.420 1.950
vertex 119.850 46.420 2.000
vertex 119.850 27.900 2.000
endloop
endfacet
facet normal 0 0 0
outer loop
vertex 119.850 46.420 1.950
vertex 119.850 27.900 2.000
vertex 119.850 27.900 1.950
endloop
endfacet
facet normal 0 0 0
outer loop
vertex 49.710 25.900 1.650
vertex 50.010 25.900 1.650
vertex 50.010 46.420 1.650
endloop
endfacet
facet normal 0 0 0
outer loop
vertex 49.710 25.900 1.650
vertex 50.010 46.420 1.650
vertex 49.710 46.420 1.650
endloop
endfacet
facet normal 0 0 0
outer loop
vertex 49.710 25.900 1.700
vertex 50.010 46.420 1.700
vertex 50.010 25.900 1.700
endloop
endfacet
facet normal 0 0 0
outer loop
vertex 49.710 25.900 1.700
vertex 50.010 25.900 1.700
vertex 49.710 25.900 1.700
endloop
endfacet
facet normal 0 0 0
outer loop
vertex 49.710 25.900 1.650
vertex 49.710 25.900 1.700
vertex 50.010 25.900 1.700
endloop
endfacet
facet normal 0 0 0
outer loop
vertex 49.710 25.900 1.650
vertex 50.010 25.900 1.700
vertex 50.010 25.900 1.650
endloop
endfacet
facet normal 0 0 0
outer loop
vertex 50.010 25.900 1.650
vertex 50.010 25.900 1.700
vertex 50.010 46.420 1.700
endloop
endfacet
facet normal 0 0 0
outer loop
vertex 50.010 25.900 1.650
vertex 50.010 46.420 1.700
vertex 50.010 46.420 1.650
endloop
endfacet
facet normal 0 0 0
outer loop
vertex 50.010 46.420 1.650
vertex 50.010 46.420 1.700
vertex 49.710 46.420 1.700
endloop
endfacet
facet normal 0 0 0
outer loop
vertex 50.010 46.420 1.650
vertex 49.710 46.420 1.700
vertex 49.710 46.420 1.650
endloop
endfacet
facet normal 0 0 0
outer loop
vertex 49.710 46.420 1.650
vertex 49.710 46.420 1.700
vertex 49.710 25.900 1.700
endloop
endfacet
facet normal 0 0 0
outer loop
vertex 49.710 46.420 1.650
vertex 49.710 25.900 1.700
vertex 49.710 25.900 1.650
endloop
endfacet
facet normal 0 0 0
outer loop
vertex 49.710 25.900 1.650
vertex 67.650 25.900 1.650
vertex 67.650 26.200 1.650
endloop
endfacet
facet normal 0 0 0
outer loop
vertex 49.710 25.900 1.650
vertex 67.650 26.200 1.650
vertex 49.710 26.200 1.650
endloop
endfacet
facet normal 0 0 0
outer loop
vertex 49.710 25.900 1.700
vertex 67.650 26.200 1.700
vertex 67.650 25.900 1.700
endloop
endfacet
facet normal 0 0 0
outer loop
vertex 49.710 25.900 1.700
vertex 67.650 25.900 1.700
vertex 49.710 25.900 1.700
endloop
endfacet
facet normal 0 0 0
outer loop
vertex 49.710 25.900 1.650
vertex 49.710 25.900 1.700
vertex 67.650 25.900 1.700
endloop
endfacet
facet normal 0 0 0
outer loop
vertex 49.710 25.900 1.650
vertex 67.650 25.900 1.700
vertex 67.650 25.900 1.650
endloop
endfacet
facet normal 0 0 0
outer loop
vertex 67.650 25.900 1.650
vertex 67.650 25.900 1.700
vertex 67.650 26.200 1.700
endloop
endfacet
facet normal 0 0 0
outer loop
vertex 67.650 25.900 1.650
vertex 67.650 26.200 1.700
vertex 67.650 26.200 1.650
endloop
endfacet
facet normal 0 0 0
outer loop
vertex 67.650 26.200 1.650
vertex 67.650 26.200 1.700
vertex 49.710 26.200 1.700
endloop
endfacet
facet normal 0 0 0
outer loop
vertex 67.650 26.200 1.650
vertex 49.710 26.200 1.700
vertex 49.710 26.200 1.650
endloop
endfacet
facet normal 0 0 0
outer loop
vertex 49.710 26.200 1.650
vertex 49.710 26.200 1.700
vertex 49.710 25.900 1.700
endloop
endfacet
facet normal 0 0 0
outer loop
vertex 49.710 26.200 1.650
vertex 49.710 25.900 1.700
vertex 49.710 25.900 1.650
endloop
endfacet
facet normal 0 0 0
outer loop
vertex 59.870 26.400 1.650
vertex 60.170 26.400 1.650
vertex 60.170 46.420 1.650
endloop
endfacet
facet normal 0 0 0
outer loop
vertex 59.870 26.400 1.650
vertex 60.170 46.420 1.650
vertex 59.870 46.420 1.650
endloop
endfacet
facet normal 0 0 0
outer loop
vertex 59.870 26.400 1.700
vertex 60.170 46.420 1.700
vertex 60.170 26.400 1.700
endloop
endfacet
facet normal 0 0 0
outer loop
vertex 59.870 26.400 1.700
vertex 60.170 26.400 1.700
vertex 59.870 26.400 1.700
endloop
endfacet
facet normal 0 0 0
outer loop
vertex 59.870 26.400 1.650
vertex 59.870 26.400 1.700
vertex 60.170 26.400 1.700
endloop
endfacet
facet normal 0 0 0
outer loop
vertex 59.870 26.400 1.650
vertex 60.170 26.400 1.700
vertex 60.170 26.400 1.650
endloop
endfacet
facet normal 0 0 0
outer loop
vertex 60.170 26.400 1.650
vertex 60.170 26.400 1.700
vertex 60.170 46.420 1.700
endloop
endfacet
facet normal 0 0 0
outer loop
vertex 60.170 26.400 1.650
vertex 60.170 46.420 1.700
vertex 60.170 46.420 1.650
endloop
endfacet
facet normal 0 0 0
outer loop
vertex 60.170 46.420 1.650
vertex 60.170 46.420 1.700
vertex 59.870 46.420 1.700
endloop
endfacet
facet normal 0 0 0
outer loop
vertex 60.170 46.420 1.650
vertex 59.870 46.420 1.700
vertex 59.870 46.420 1.650
endloop
endfacet
facet normal 0 0 0
outer loop
vertex 59.870 46.420 1.650
vertex 59.870 46.420 1.700
vertex 59.870 26.400 1.700
endloop
endfacet
facet normal 0 0 0
outer loop
vertex 59.870 46.420 1.650
vertex 59.870 26.400 1.700
vertex 59.870 26.400 1.650
endloop
endfacet
facet normal 0 0 0
outer loop
vertex 59.870 26.400 1.650
vertex 62.650 26.400 1.650
vertex 62.650 26.700 1.650
endloop
endfacet
facet normal 0 0 0
outer loop
vertex 59.870 26.400 1.650
vertex 62.650 26.700 1.650
vertex 59.870 26.700 1.650
endloop
endfacet
facet normal 0 0 0
outer loop
vertex 59.870 26.400 1.700
vertex 62.650 26.700 1.700
vertex 62.650 26.400 1.700
endloop
endfacet
facet normal 0 0 0
outer loop
vertex 59.870 26.400 1.700
vertex 62.650 26.400 1.700
vertex 59.870 26.400 1.700
endloop
endfacet
facet normal 0 0 0
outer loop
vertex 59.870 26.400 1.650
vertex 59.870 26.400 1.700
vertex 62.650 26.400 1.700
endloop
endfacet
facet normal 0 0 0
outer loop
vertex 59.870 26.400 1.650
vertex 62.650 26.400 1.700
vertex 62.650 26.400 1.650
endloop
endfacet
facet normal 0 0 0
outer loop
vertex 62.650 26.400 1.650
vertex 62.650 26.400 1.700
vertex 62.650 26.700 1.700
endloop
endfacet
facet normal 0 0 0
outer loop
vertex 62.650 26.400 1.650
vertex 62.650 26.700 1.700
vertex 62.650 26.700 1.650
endloop
endfacet
facet normal 0 0 0
outer loop
vertex 62.650 26.700 1.650
vertex 62.650 26.700 1.700
vertex 59.870 26.700 1.700
endloop
endfacet
facet normal 0 0 0
outer loop
vertex 62.650 26.700 1.650
vertex 59.870 26.700 1.700
vertex 59.870 26.700 1.650
endloop
endfacet
facet normal 0 0 0
outer loop
vertex 59.870 26.700 1.650
vertex 59.870 26.700 1.700
vertex 59.870 26.400 1.700
endloop
endfacet
facet normal 0 0 0
outer loop
vertex 59.870 26.700 1.650
vertex 59.870 26.400 1.700
vertex 59.870 26.400 1.650
endloop
endfacet
facet normal 0 0 0
outer loop
vertex 47.170 27.900 1.950
vertex 47.470 27.900 1.950
vertex 47.470 46.420 1.950
endloop
endfacet
facet normal 0 0 0
outer loop
vertex 47.170 27.900 1.950
vertex 47.470 46.420 1.950
vertex 47.170 46.420 1.950
endloop
endfacet
facet normal 0 0 0
outer loop
vertex 47.170 27.900 2.000
vertex 47.470 46.420 2.000
vertex 47.470 27.900 2.000
endloop
endfacet
facet normal 0 0 0
outer loop
vertex 47.170 27.900 2.000
vertex 47.470 27.900 2.000
vertex 47.170 27.900 2.000
endloop
endfacet
facet normal 0 0 0
outer loop
vertex 47.170 27.900 1.950
vertex 47.170 27.900 2.000
vertex 47.470 27.900 2.000
endloop
endfacet
facet normal 0 0 0
outer loop
vertex 47.170 27.900 1.950
vertex 47.470 27.900 2.000
vertex 47.470 27.900 1.950
endloop
endfacet
facet normal 0 0 0
outer loop
vertex 47.470 27.900 1.950
vertex 47.470 27.900 2.000
vertex 47.470 46.420 2.000
endloop
endfacet
facet normal 0 0 0
outer loop
vertex 47.470 27.900 1.950
vertex 47.470 46.420 2.000
vertex 47.470 46.420 1.950
endloop
endfacet
facet normal 0 0 0
outer loop
vertex 47.470 46.420 1.950
vertex 47.470 46.420 2.000
vertex 47.170 46.420 2.000
endloop
endfacet
facet normal 0 0 0
outer loop
vertex 47.470 46.420 1.950
vertex 47.170 46.420 2.000
vertex 47.170 46.420 1.950
endloop
endfacet
facet normal 0 0 0
outer loop
vertex 47.170 46.420 1.950
vertex 47.170 46.420 2.000
vertex 47.170 27.900 2.000
endloop
endfacet
facet normal 0 0 0
outer loop
vertex 47.170 46.420 1.950
vertex 47.170 27.900 2.000
vertex 47.170 27.900 1.950
endloop
endfacet
facet normal 0 0 0
outer loop
vertex 47.170 27.900 1.950
vertex 64.150 27.900 1.950
vertex 64.150 28.200 1.950
endloop
endfacet
facet normal 0 0 0
outer loop
vertex 47.170 27.900 1.950
vertex 64.150 28.200 1.950
vertex 47.170 28.200 1.950
endloop
endfacet
facet normal 0 0 0
outer loop
vertex 47.170 27.900 2.000
vertex 64.150 28.200 2.000
vertex 64.150 27.900 2.000
endloop
endfacet
facet normal 0 0 0
outer loop
vertex 47.170 27.900 2.000
vertex 64.150 27.900 2.000
vertex 47.170 27.900 2.000
endloop
endfacet
facet normal 0 0 0
outer loop
vertex 47.170 27.900 1.950
vertex 47.170 27.900 2.000
vertex 64.150 27.900 2.000
endloop
endfacet
facet normal 0 0 0
outer loop
vertex 47.170 27.900 1.950
vertex 64.150 27.900 2.000
vertex 64.150 27.900 1.950
endloop
endfacet
facet normal 0 0 0
outer loop
vertex 64.150 27.900 1.950
vertex 64.150 27.900 2.000
vertex 64.150 28.200 2.000
endloop
endfacet
facet normal 0 0 0
outer loop
vertex 64.150 27.900 1.950
vertex 64.150 28.200 2.000
vertex 64.150 28.200 1.950
endloop
endfacet
facet normal 0 0 0
outer loop
vertex 64.150 28.200 1.950
vertex 64.150 28.200 2.000
vertex 47.170 28.200 2.000
endloop
endfacet
facet normal 0 0 0
outer loop
vertex 64.150 28.200 1.950
vertex 47.170 28.200 2.000
vertex 47.170 28.200 1.950
endloop
endfacet
facet normal 0 0 0
outer loop
vertex 47.170 28.200 1.950
vertex 47.170 28.200 2.000
vertex 47.170 27.900 2.000
endloop
endfacet
facet normal 0 0 0
outer loop
vertex 47.170 28.200 1.950
vertex 47.170 27.900 2.000
vertex 47.170 27.900 1.950
endloop
endfacet
facet normal 0 0 0
outer loop
vertex 92.850 25.400 1.950
vertex 121.150 25.400 1.950
vertex 121.150 25.700 1.950
endloop
endfacet
facet normal 0 0 0
outer loop
vertex 92.850 25.400 1.950
vertex 121.150 25.700 1.950
vertex 92.850 25.700 1.950
endloop
endfacet
facet normal 0 0 0
outer loop
vertex 92.850 25.400 2.000
vertex 121.150 25.700 2.000
vertex 121.150 25.400 2.000
endloop
endfacet
facet normal 0 0 0
outer loop
vertex 92.850 25.400 2.000
vertex 121.150 25.400 2.000
vertex 92.850 25.400 2.000
endloop
endfacet
facet normal 0 0 0
outer loop
vertex 92.850 25.400 1.950
vertex 92.850 25.400 2.000
vertex 121.150 25.400 2.000
endloop
endfacet
facet normal 0 0 0
outer loop
vertex 92.850 25.400 1.950
vertex 121.150 25.400 2.000
vertex 121.150 25.400 1.950
endloop
endfacet
facet normal 0 0 0
outer loop
vertex 121.150 25.400 1.950
vertex 121.150 25.400 2.000
vertex 121.150 25.700 2.000
endloop
endfacet
facet normal 0 0 0
outer loop
vertex 121.150 25.400 1.950
vertex 121.150 25.700 2.000
vertex 121.150 25.700 1.950
endloop
endfacet
facet normal 0 0 0
outer loop
vertex 121.150 25.700 1.950
vertex 121.150 25.700 2.000
vertex 92.850 25.700 2.000
endloop
endfacet
facet normal 0 0 0
outer loop
vertex 121.150 25.700 1.950
vertex 92.850 25.700 2.000
vertex 92.850 25.700 1.950
endloop
endfacet
facet normal 0 0 0
outer loop
vertex 92.850 25.700 1.950
vertex 92.850 25.700 2.000
vertex 92.850 25.400 2.000
endloop
endfacet
facet normal 0 0 0
outer loop
vertex 92.850 25.700 1.950
vertex 92.850 25.400 2.000
vertex 92.850 25.400 1.950
endloop
endfacet
facet normal 0 0 0
outer loop
vertex 64.850 25.400 1.950
vertex 93.150 25.400 1.950
vertex 93.150 25.700 1.950
endloop
endfacet
facet normal 0 0 0
outer loop
vertex 64.850 25.400 1.950
vertex 93.150 25.700 1.950
vertex 64.850 25.700 1.950
endloop
endfacet
facet normal 0 0 0
outer loop
vertex 64.850 25.400 2.000
vertex 93.150 25.700 2.000
vertex 93.150 25.400 2.000
endloop
endfacet
facet normal 0 0 0
outer loop
vertex 64.850 25.400 2.000
vertex 93.150 25.400 2.000
vertex 64.850 25.400 2.000
endloop
endfacet
facet normal 0 0 0
outer loop
vertex 64.850 25.400 1.950
vertex 64.850 25.400 2.000
vertex 93.150 25.400 2.000
endloop
endfacet
facet normal 0 0 0
outer loop
vertex 64.850 25.400 1.950
vertex 93.150 25.400 2.000
vertex 93.150 25.400 1.950
endloop
endfacet
facet normal 0 0 0
outer loop
vertex 93.150 25.400 1.950
vertex 93.150 25.400 2.000
vertex 93.150 25.700 2.000
endloop
endfacet
facet normal 0 0 0
outer loop
vertex 93.150 25.400 1.950
vertex 93.150 25.700 2.000
vertex 93.150 25.700 1.950
endloop
endfacet
facet normal 0 0 0
outer loop
vertex 93.150 25.700 1.950
vertex 93.150 25.700 2.000
vertex 64.850 25.700 2.000
endloop
endfacet
facet normal 0 0 0
outer loop
vertex 93.150 25.700 1.950
vertex 64.850 25.700 2.000
vertex 64.850 25.700 1.950
endloop
endfacet
facet normal 0 0 0
outer loop
vertex 64.850 25.700 1.950
vertex 64.850 25.700 2.000
vertex 64.850 25.400 2.000
endloop
endfacet
facet normal 0 0 0
outer loop
vertex 64.850 25.700 1.950
vertex 64.850 25.400 2.000
vertex 64.850 25.400 1.950
endloop
endfacet
facet normal 0 0 0
outer loop
vertex 98.600 32.175 1.620
vertex 99.400 32.175 1.620
vertex 99.400 32.375 1.620
endloop
endfacet
facet normal 0 0 0
outer loop
vertex 98.600 32.175 1.620
vertex 99.400 32.375 1.620
vertex 98.600 32.375 1.620
endloop
endfacet
facet normal 0 0 0
outer loop
vertex 98.600 32.175 1.640
vertex 99.400 32.375 1.640
vertex 99.400 32.175 1.640
endloop
endfacet
facet normal 0 0 0
outer loop
vertex 98.600 32.175 1.640
vertex 99.400 32.175 1.640
vertex 98.600 32.175 1.640
endloop
endfacet
facet normal 0 0 0
outer loop
vertex 98.600 32.175 1.620
vertex 98.600 32.175 1.640
vertex 99.400 32.175 1.640
endloop
endfacet
facet normal 0 0 0
outer loop
vertex 98.600 32.175 1.620
vertex 99.400 32.175 1.640
vertex 99.400 32.175 1.620
endloop
endfacet
facet normal 0 0 0
outer loop
vertex 99.400 32.175 1.620
vertex 99.400 32.175 1.640
vertex 99.400 32.375 1.640
endloop
endfacet
facet normal 0 0 0
outer loop
vertex 99.400 32.175 1.620
vertex 99.400 32.375 1.640
vertex 99.400 32.375 1.620
endloop
endfacet
facet normal 0 0 0
outer loop
vertex 99.400 32.375 1.620
vertex 99.400 32.375 1.640
vertex 98.600 32.375 1.640
endloop
endfacet
facet normal 0 0 0
outer loop
vertex 99.400 32.375 1.620
vertex 98.600 32.375 1.640
vertex 98.600 32.375 1.620
endloop
endfacet
facet normal 0 0 0
outer loop
vertex 98.600 32.375 1.620
vertex 98.600 32.375 1.640
vertex 98.600 32.175 1.640
endloop
endfacet
facet normal 0 0 0
outer loop
vertex 98.600 32.375 1.620
vertex 98.600 32.175 1.640
vertex 98.600 32.175 1.620
endloop
endfacet
facet normal 0 0 0
outer loop
vertex 98.600 28.525 1.620
vertex 99.400 28.525 1.620
vertex 99.400 28.725 1.620
endloop
endfacet
facet normal 0 0 0
outer loop
vertex 98.600 28.525 1.620
vertex 99.400 28.725 1.620
vertex 98.600 28.725 1.620
endloop
endfacet
facet normal 0 0 0
outer loop
vertex 98.600 28.525 1.640
vertex 99.400 28.725 1.640
vertex 99.400 28.525 1.640
endloop
endfacet
facet normal 0 0 0
outer loop
vertex 98.600 28.525 1.640
vertex 99.400 28.525 1.640
vertex 98.600 28.525 1.640
endloop
endfacet
facet normal 0 0 0
outer loop
vertex 98.600 28.525 1.620
vertex 98.600 28.525 1.640
vertex 99.400 28.525 1.640
endloop
endfacet
facet normal 0 0 0
outer loop
vertex 98.600 28.525 1.620
vertex 99.400 28.525 1.640
vertex 99.400 28.525 1.620
endloop
endfacet
facet normal 0 0 0
outer loop
vertex 99.400 28.525 1.620
vertex 99.400 28.525 1.640
vertex 99.400 28.725 1.640
endloop
endfacet
facet normal 0 0 0
outer loop
vertex 99.400 28.525 1.620
vertex 99.400 28.725 1.640
vertex 99.400 28.725 1.620
endloop
endfacet
facet normal 0 0 0
outer loop
vertex 99.400 28.725 1.620
vertex 99.400 28.725 1.640
vertex 98.600 28.725 1.640
endloop
endfacet
facet normal 0 0 0
outer loop
vertex 99.400 28.725 1.620
vertex 98.600 28.725 1.640
vertex 98.600 28.725 1.620
endloop
endfacet
facet normal 0 0 0
outer loop
vertex 98.600 28.725 1.620
vertex 98.600 28.725 1.640
vertex 98.600 28.525 1.640
endloop
endfacet
facet normal 0 0 0
outer loop
vertex 98.600 28.725 1.620
vertex 98.600 28.525 1.640
vertex 98.600 28.525 1.620
endloop
endfacet
facet normal 0 0 0
outer loop
vertex 86.600 32.175 1.620
vertex 87.400 32.175 1.620
vertex 87.400 32.375 1.620
endloop
endfacet
facet normal 0 0 0
outer loop
vertex 86.600 32.175 1.620
vertex 87.400 32.375 1.620
vertex 86.600 32.375 1.620
endloop
endfacet
facet normal 0 0 0
outer loop
vertex 86.600 32.175 1.640
vertex 87.400 32.375 1.640
vertex 87.400 32.175 1.640
endloop
endfacet
facet normal 0 0 0
outer loop
vertex 86.600 32.175 1.640
vertex 87.400 32.175 1.640
vertex 86.600 32.175 1.640
endloop
endfacet
facet normal 0 0 0
outer loop
vertex 86.600 32.175 1.620
vertex 86.600 32.175 1.640
vertex 87.400 32.175 1.640
endloop
endfacet
facet normal 0 0 0
outer loop
vertex 86.600 32.175 1.620
vertex 87.400 32.175 1.640
vertex 87.400 32.175 1.620
endloop
endfacet
facet normal 0 0 0
outer loop
vertex 87.400 32.175 1.620
vertex 87.400 32.175 1.640
vertex 87.400 32.375 1.640
endloop
endfacet
facet normal 0 0 0
outer loop
vertex 87.400 32.175 1.620
vertex 87.400 32.375 1.640
vertex 87.400 32.375 1.620
endloop
endfacet
facet normal 0 0 0
outer loop
vertex 87.400 32.375 1.620
vertex 87.400 32.375 1.640
vertex 86.600 32.375 1.640
endloop
endfacet
facet normal 0 0 0
outer loop
vertex 87.400 32.375 1.620
vertex 86.600 32.375 1.640
vertex 86.600 32.375 1.620
endloop
endfacet
facet normal 0 0 0
outer loop
vertex 86.600 32.375 1.620
vertex 86.600 32.375 1.640
vertex 86.600 32.175 1.640
endloop
endfacet
facet normal 0 0 0
outer loop
vertex 86.600 32.375 1.620
vertex 86.600 32.175 1.640
vertex 86.600 32.175 1.620
endloop
endfacet
facet normal 0 0 0
outer loop
vertex 86.600 28.525 1.620
vertex 87.400 28.525 1.620
vertex 87.400 28.725 1.620
endloop
endfacet
facet normal 0 0 0
outer loop
vertex 86.600 28.525 1.620
vertex 87.400 28.725 1.620
vertex 86.600 28.725 1.620
endloop
endfacet
facet normal 0 0 0
outer loop
vertex 86.600 28.525 1.640
vertex 87.400 28.725 1.640
vertex 87.400 28.525 1.640
endloop
endfacet
facet normal 0 0 0
outer loop
vertex 86.600 28.525 1.640
vertex 87.400 28.525 1.640
vertex 86.600 28.525 1.640
endloop
endfacet
facet normal 0 0 0
outer loop
vertex 86.600 28.525 1.620
vertex 86.600 28.525 1.640
vertex 87.400 28.525 1.640
endloop
endfacet
facet normal 0 0 0
outer loop
vertex 86.600 28.525 1.620
vertex 87.400 28.525 1.640
vertex 87.400 28.525 1.620
endloop
endfacet
facet normal 0 0 0
outer loop
vertex 87.400 28.525 1.620
vertex 87.400 28.525 1.640
vertex 87.400 28.725 1.640
endloop
endfacet
facet normal 0 0 0
outer loop
vertex 87.400 28.525 1.620
vertex 87.400 28.725 1.640
vertex 87.400 28.725 1.620
endloop
endfacet
facet normal 0 0 0
outer loop
vertex 87.400 28.725 1.620
vertex 87.400 28.725 1.640
vertex 86.600 28.725 1.640
endloop
endfacet
facet normal 0 0 0
outer loop
vertex 87.400 28.725 1.620
vertex 86.600 28.725 1.640
vertex 86.600 28.725 1.620
endloop
endfacet
facet normal 0 0 0
outer loop
vertex 86.600 28.725 1.620
vertex 86.600 28.725 1.640
vertex 86.600 28.525 1.640
endloop
endfacet
facet normal 0 0 0
outer loop
vertex 86.600 28.725 1.620
vertex 86.600 28.525 1.640
vertex 86.600 28.525 1.620
endloop
endfacet
facet normal 0 0 0
outer loop
vertex 126.600 32.175 1.620
vertex 127.400 32.175 1.620
vertex 127.400 32.375 1.620
endloop
endfacet
facet normal 0 0 0
outer loop
vertex 126.600 32.175 1.620
vertex 127.400 32.375 1.620
vertex 126.600 32.375 1.620
endloop
endfacet
facet normal 0 0 0
outer loop
vertex 126.600 32.175 1.640
vertex 127.400 32.375 1.640
vertex 127.400 32.175 1.640
endloop
endfacet
facet normal 0 0 0
outer loop
vertex 126.600 32.175 1.640
vertex 127.400 32.175 1.640
vertex 126.600 32.175 1.640
endloop
endfacet
facet normal 0 0 0
outer loop
vertex 126.600 32.175 1.620
vertex 126.600 32.175 1.640
vertex 127.400 32.175 1.640
endloop
endfacet
facet normal 0 0 0
outer loop
vertex 126.600 32.175 1.620
vertex 127.400 32.175 1.640
vertex 127.400 32.175 1.620
endloop
endfacet
facet normal 0 0 0
outer loop
vertex 127.400 32.175 1.620
vertex 127.400 32.175 1.640
vertex 127.400 32.375 1.640
endloop
endfacet
facet normal 0 0 0
outer loop
vertex 127.400 32.175 1.620
vertex 127.400 32.375 1.640
vertex 127.400 32.375 1.620
endloop
endfacet
facet normal 0 0 0
outer loop
vertex 127.400 32.375 1.620
vertex 127.400 32.375 1.640
vertex 126.600 32.375 1.640
endloop
endfacet
facet normal 0 0 0
outer loop
vertex 127.400 32.375 1.620
vertex 126.600 32.375 1.640
vertex 126.600 32.375 1.620
endloop
endfacet
facet normal 0 0 0
outer loop
vertex 126.600 32.375 1.620
vertex 126.600 32.375 1.640
vertex 126.600 32.175 1.640
endloop
endfacet
facet normal 0 0 0
outer loop
vertex 126.600 32.375 1.620
vertex 126.600 32.175 1.640
vertex 126.600 32.175 1.620
endloop
endfacet
facet normal 0 0 0
outer loop
vertex 126.600 28.525 1.620
vertex 127.400 28.525 1.620
vertex 127.400 28.725 1.620
endloop
endfacet
facet normal 0 0 0
outer loop
vertex 126.600 28.525 1.620
vertex 127.400 28.725 1.620
vertex 126.600 28.725 1.620
endloop
endfacet
facet normal 0 0 0
outer loop
vertex 126.600 28.525 1.640
vertex 127.400 28.725 1.640
vertex 127.400 28.525 1.640
endloop
endfacet
facet normal 0 0 0
outer loop
vertex 126.600 28.525 1.640
vertex 127.400 28.525 1.640
vertex 126.600 28.525 1.640
endloop
endfacet
facet normal 0 0 0
outer loop
vertex 126.600 28.525 1.620
vertex 126.600 28.525 1.640
vertex 127.400 28.525 1.640
endloop
endfacet
facet normal 0 0 0
outer loop
vertex 126.600 28.525 1.620
vertex 127.400 28.525 1.640
vertex 127.400 28.525 1.620
endloop
endfacet
facet normal 0 0 0
outer loop
vertex 127.400 28.525 1.620
vertex 127.400 28.525 1.640
vertex 127.400 28.725 1.640
endloop
endfacet
facet normal 0 0 0
outer loop
vertex 127.400 28.525 1.620
vertex 127.400 28.725 1.640
vertex 127.400 28.725 1.620
endloop
endfacet
facet normal 0 0 0
outer loop
vertex 127.400 28.725 1.620
vertex 127.400 28.725 1.640
vertex 126.600 28.725 1.640
endloop
endfacet
facet normal 0 0 0
outer loop
vertex 127.400 28.725 1.620
vertex 126.600 28.725 1.640
vertex 126.600 28.725 1.620
endloop
endfacet
facet normal 0 0 0
outer loop
vertex 126.600 28.725 1.620
vertex 126.600 28.725 1.640
vertex 126.600 28.525 1.640
endloop
endfacet
facet normal 0 0 0
outer loop
vertex 126.600 28.725 1.620
vertex 126.600 28.525 1.640
vertex 126.600 28.525 1.620
endloop
endfacet
facet normal 0 0 0
outer loop
vertex 114.600 32.175 1.620
vertex 115.400 32.175 1.620
vertex 115.400 32.375 1.620
endloop
endfacet
facet normal 0 0 0
outer loop
vertex 114.600 32.175 1.620
vertex 115.400 32.375 1.620
vertex 114.600 32.375 1.620
endloop
endfacet
facet normal 0 0 0
outer loop
vertex 114.600 32.175 1.640
vertex 115.400 32.375 1.640
vertex 115.400 32.175 1.640
endloop
endfacet
facet normal 0 0 0
outer loop
vertex 114.600 32.175 1.640
vertex 115.400 32.175 1.640
vertex 114.600 32.175 1.640
endloop
endfacet
facet normal 0 0 0
outer loop
vertex 114.600 32.175 1.620
vertex 114.600 32.175 1.640
vertex 115.400 32.175 1.640
endloop
endfacet
facet normal 0 0 0
outer loop
vertex 114.600 32.175 1.620
vertex 115.400 32.175 1.640
vertex 115.400 32.175 1.620
endloop
endfacet
facet normal 0 0 0
outer loop
vertex 115.400 32.175 1.620
vertex 115.400 32.175 1.640
vertex 115.400 32.375 1.640
endloop
endfacet
facet normal 0 0 0
outer loop
vertex 115.400 32.175 1.620
vertex 115.400 32.375 1.640
vertex 115.400 32.375 1.620
endloop
endfacet
facet normal 0 0 0
outer loop
vertex 115.400 32.375 1.620
vertex 115.400 32.375 1.640
vertex 114.600 32.375 1.640
endloop
endfacet
facet normal 0 0 0
outer loop
vertex 115.400 32.375 1.620
vertex 114.600 32.375 1.640
vertex 114.600 32.375 1.620
endloop
endfacet
facet normal 0 0 0
outer loop
vertex 114.600 32.375 1.620
vertex 114.600 32.375 1.640
vertex 114.600 32.175 1.640
endloop
endfacet
facet normal 0 0 0
outer loop
vertex 114.600 32.375 1.620
vertex 114.600 32.175 1.640
vertex 114.600 32.175 1.620
endloop
endfacet
facet normal 0 0 0
outer loop
vertex 114.600 28.525 1.620
vertex 115.400 28.525 1.620
vertex 115.400 28.725 1.620
endloop
endfacet
facet normal 0 0 0
outer loop
vertex 114.600 28.525 1.620
vertex 115.400 28.725 1.620
vertex 114.600 28.725 1.620
endloop
endfacet
facet normal 0 0 0
outer loop
vertex 114.600 28.525 1.640
vertex 115.400 28.725 1.640
vertex 115.400 28.525 1.640
endloop
endfacet
facet normal 0 0 0
outer loop
vertex 114.600 28.525 1.640
vertex 115.400 28.525 1.640
vertex 114.600 28.525 1.640
endloop
endfacet
facet normal 0 0 0
outer loop
vertex 114.600 28.525 1.620
vertex 114.600 28.525 1.640
vertex 115.400 28.525 1.640
endloop
endfacet
facet normal 0 0 0
outer loop
vertex 114.600 28.525 1.620
vertex 115.400 28.525 1.640
vertex 115.400 28.525 1.620
endloop
endfacet
facet normal 0 0 0
outer loop
vertex 115.400 28.525 1.620
vertex 115.400 28.525 1.640
vertex 115.400 28.725 1.640
endloop
endfacet
facet normal 0 0 0
outer loop
vertex 115.400 28.525 1.620
vertex 115.400 28.725 1.640
vertex 115.400 28.725 1.620
endloop
endfacet
facet normal 0 0 0
outer loop
vertex 115.400 28.725 1.620
vertex 115.400 28.725 1.640
vertex 114.600 28.725 1.640
endloop
endfacet
facet normal 0 0 0
outer loop
vertex 115.400 28.725 1.620
vertex 114.600 28.725 1.640
vertex 114.600 28.725 1.620
endloop
endfacet
facet normal 0 0 0
outer loop
vertex 114.600 28.725 1.620
vertex 114.600 28.725 1.640
vertex 114.600 28.525 1.640
endloop
endfacet
facet normal 0 0 0
outer loop
vertex 114.600 28.725 1.620
vertex 114.600 28.525 1.640
vertex 114.600 28.525 1.620
endloop
endfacet
facet normal 0 0 0
outer loop
vertex 70.600 32.175 1.620
vertex 71.400 32.175 1.620
vertex 71.400 32.375 1.620
endloop
endfacet
facet normal 0 0 0
outer loop
vertex 70.600 32.175 1.620
vertex 71.400 32.375 1.620
vertex 70.600 32.375 1.620
endloop
endfacet
facet normal 0 0 0
outer loop
vertex 70.600 32.175 1.640
vertex 71.400 32.375 1.640
vertex 71.400 32.175 1.640
endloop
endfacet
facet normal 0 0 0
outer loop
vertex 70.600 32.175 1.640
vertex 71.400 32.175 1.640
vertex 70.600 32.175 1.640
endloop
endfacet
facet normal 0 0 0
outer loop
vertex 70.600 32.175 1.620
vertex 70.600 32.175 1.640
vertex 71.400 32.175 1.640
endloop
endfacet
facet normal 0 0 0
outer loop
vertex 70.600 32.175 1.620
vertex 71.400 32.175 1.640
vertex 71.400 32.175 1.620
endloop
endfacet
facet normal 0 0 0
outer loop
vertex 71.400 32.175 1.620
vertex 71.400 32.175 1.640
vertex 71.400 32.375 1.640
endloop
endfacet
facet normal 0 0 0
outer loop
vertex 71.400 32.175 1.620
vertex 71.400 32.375 1.640
vertex 71.400 32.375 1.620
endloop
endfacet
facet normal 0 0 0
outer loop
vertex 71.400 32.375 1.620
vertex 71.400 32.375 1.640
vertex 70.600 32.375 1.640
endloop
endfacet
facet normal 0 0 0
outer loop
vertex 71.400 32.375 1.620
vertex 70.600 32.375 1.640
vertex 70.600 32.375 1.620
endloop
endfacet
facet normal 0 0 0
outer loop
vertex 70.600 32.375 1.620
vertex 70.600 32.375 1.640
vertex 70.600 32.175 1.640
endloop
endfacet
facet normal 0 0 0
outer loop
vertex 70.600 32.375 1.620
vertex 70.600 32.175 1.640
vertex 70.600 32.175 1.620
endloop
endfacet
facet normal 0 0 0
outer loop
vertex 70.600 28.525 1.620
vertex 71.400 28.525 1.620
vertex 71.400 28.725 1.620
endloop
endfacet
facet normal 0 0 0
outer loop
vertex 70.600 28.525 1.620
vertex 71.400 28.725 1.620
vertex 70.600 28.725 1.620
endloop
endfacet
facet normal 0 0 0
outer loop
vertex 70.600 28.525 1.640
vertex 71.400 28.725 1.640
vertex 71.400 28.525 1.640
endloop
endfacet
facet normal 0 0 0
outer loop
vertex 70.600 28.525 1.640
vertex 71.400 28.525 1.640
vertex 70.600 28.525 1.640
endloop
endfacet
facet normal 0 0 0
outer loop
vertex 70.600 28.525 1.620
vertex 70.600 28.525 1.640
vertex 71.400 28.525 1.640
endloop
endfacet
facet normal 0 0 0
outer loop
vertex 70.600 28.525 1.620
vertex 71.400 28.525 1.640
vertex 71.400 28.525 1.620
endloop
endfacet
facet normal 0 0 0
outer loop
vertex 71.400 28.525 1.620
vertex 71.400 28.525 1.640
vertex 71.400 28.725 1.640
endloop
endfacet
facet normal 0 0 0
outer loop
vertex 71.400 28.525 1.620
vertex 71.400 28.725 1.640
vertex 71.400 28.725 1.620
endloop
endfacet
facet normal 0 0 0
outer loop
vertex 71.400 28.725 1.620
vertex 71.400 28.725 1.640
vertex 70.600 28.725 1.640
endloop
endfacet
facet normal 0 0 0
outer loop
vertex 71.400 28.725 1.620
vertex 70.600 28.725 1.640
vertex 70.600 28.725 1.620
endloop
endfacet
facet normal 0 0 0
outer loop
vertex 70.600 28.725 1.620
vertex 70.600 28.725 1.640
vertex 70.600 28.525 1.640
endloop
endfacet
facet normal 0 0 0
outer loop
vertex 70.600 28.725 1.620
vertex 70.600 28.525 1.640
vertex 70.600 28.525 1.620
endloop
endfacet
facet normal 0 0 0
outer loop
vertex 58.600 32.175 1.620
vertex 59.400 32.175 1.620
vertex 59.400 32.375 1.620
endloop
endfacet
facet normal 0 0 0
outer loop
vertex 58.600 32.175 1.620
vertex 59.400 32.375 1.620
vertex 58.600 32.375 1.620
endloop
endfacet
facet normal 0 0 0
outer loop
vertex 58.600 32.175 1.640
vertex 59.400 32.375 1.640
vertex 59.400 32.175 1.640
endloop
endfacet
facet normal 0 0 0
outer loop
vertex 58.600 32.175 1.640
vertex 59.400 32.175 1.640
vertex 58.600 32.175 1.640
endloop
endfacet
facet normal 0 0 0
outer loop
vertex 58.600 32.175 1.620
vertex 58.600 32.175 1.640
vertex 59.400 32.175 1.640
endloop
endfacet
facet normal 0 0 0
outer loop
vertex 58.600 32.175 1.620
vertex 59.400 32.175 1.640
vertex 59.400 32.175 1.620
endloop
endfacet
facet normal 0 0 0
outer loop
vertex 59.400 32.175 1.620
vertex 59.400 32.175 1.640
vertex 59.400 32.375 1.640
endloop
endfacet
facet normal 0 0 0
outer loop
vertex 59.400 32.175 1.620
vertex 59.400 32.375 1.640
vertex 59.400 32.375 1.620
endloop
endfacet
facet normal 0 0 0
outer loop
vertex 59.400 32.375 1.620
vertex 59.400 32.375 1.640
vertex 58.600 32.375 1.640
endloop
endfacet
facet normal 0 0 0
outer loop
vertex 59.400 32.375 1.620
vertex 58.600 32.375 1.640
vertex 58.600 32.375 1.620
endloop
endfacet
facet normal 0 0 0
outer loop
vertex 58.600 32.375 1.620
vertex 58.600 32.375 1.640
vertex 58.600 32.175 1.640
endloop
endfacet
facet normal 0 0 0
outer loop
vertex 58.600 32.375 1.620
vertex 58.600 32.175 1.640
vertex 58.600 32.175 1.620
endloop
endfacet
facet normal 0 0 0
outer loop
vertex 58.600 28.525 1.620
vertex 59.400 28.525 1.620
vertex 59.400 28.725 1.620
endloop
endfacet
facet normal 0 0 0
outer loop
vertex 58.600 28.525 1.620
vertex 59.400 28.725 1.620
vertex 58.600 28.725 1.620
endloop
endfacet
facet normal 0 0 0
outer loop
vertex 58.600 28.525 1.640
vertex 59.400 28.725 1.640
vertex 59.400 28.525 1.640
endloop
endfacet
facet normal 0 0 0
outer loop
vertex 58.600 28.525 1.640
vertex 59.400 28.525 1.640
vertex 58.600 28.525 1.640
endloop
endfacet
facet normal 0 0 0
outer loop
vertex 58.600 28.525 1.620
vertex 58.600 28.525 1.640
vertex 59.400 28.525 1.640
endloop
endfacet
facet normal 0 0 0
outer loop
vertex 58.600 28.525 1.620
vertex 59.400 28.525 1.640
vertex 59.400 28.525 1.620
endloop
endfacet
facet normal 0 0 0
outer loop
vertex 59.400 28.525 1.620
vertex 59.400 28.525 1.640
vertex 59.400 28.725 1.640
endloop
endfacet
facet normal 0 0 0
outer loop
vertex 59.400 28.525 1.620
vertex 59.400 28.725 1.640
vertex 59.400 28.725 1.620
endloop
endfacet
facet normal 0 0 0
outer loop
vertex 59.400 28.725 1.620
vertex 59.400 28.725 1.640
vertex 58.600 28.725 1.640
endloop
endfacet
facet normal 0 0 0
outer loop
vertex 59.400 28.725 1.620
vertex 58.600 28.725 1.640
vertex 58.600 28.725 1.620
endloop
endfacet
facet normal 0 0 0
outer loop
vertex 58.600 28.725 1.620
vertex 58.600 28.725 1.640
vertex 58.600 28.525 1.640
endloop
endfacet
facet normal 0 0 0
outer loop
vertex 58.600 28.725 1.620
vertex 58.600 28.525 1.640
vertex 58.600 28.525 1.620
endloop
endfacet
facet normal 0 0 0
outer loop
vertex 26.600 15.250 1.620
vertex 27.400 15.250 1.620
vertex 27.400 15.450 1.620
endloop
endfacet
facet normal 0 0 0
outer loop
vertex 26.600 15.250 1.620
vertex 27.400 15.450 1.620
vertex 26.600 15.450 1.620
endloop
endfacet
facet normal 0 0 0
outer loop
vertex 26.600 15.250 1.640
vertex 27.400 15.450 1.640
vertex 27.400 15.250 1.640
endloop
endfacet
facet normal 0 0 0
outer loop
vertex 26.600 15.250 1.640
vertex 27.400 15.250 1.640
vertex 26.600 15.250 1.640
endloop
endfacet
facet normal 0 0 0
outer loop
vertex 26.600 15.250 1.620
vertex 26.600 15.250 1.640
vertex 27.400 15.250 1.640
endloop
endfacet
facet normal 0 0 0
outer loop
vertex 26.600 15.250 1.620
vertex 27.400 15.250 1.640
vertex 27.400 15.250 1.620
endloop
endfacet
facet normal 0 0 0
outer loop
vertex 27.400 15.250 1.620
vertex 27.400 15.250 1.640
vertex 27.400 15.450 1.640
endloop
endfacet
facet normal 0 0 0
outer loop
vertex 27.400 15.250 1.620
vertex 27.400 15.450 1.640
vertex 27.400 15.450 1.620
endloop
endfacet
facet normal 0 0 0
outer loop
vertex 27.400 15.450 1.620
vertex 27.400 15.450 1.640
vertex 26.600 15.450 1.640
endloop
endfacet
facet normal 0 0 0
outer loop
vertex 27.400 15.450 1.620
vertex 26.600 15.450 1.640
vertex 26.600 15.450 1.620
endloop
endfacet
facet normal 0 0 0
outer loop
vertex 26.600 15.450 1.620
vertex 26.600 15.450 1.640
vertex 26.600 15.250 1.640
endloop
endfacet
facet normal 0 0 0
outer loop
vertex 26.600 15.450 1.620
vertex 26.600 15.250 1.640
vertex 26.600 15.250 1.620
endloop
endfacet
facet normal 0 0 0
outer loop
vertex 26.600 10.350 1.620
vertex 27.400 10.350 1.620
vertex 27.400 10.550 1.620
endloop
endfacet
facet normal 0 0 0
outer loop
vertex 26.600 10.350 1.620
vertex 27.400 10.550 1.620
vertex 26.600 10.550 1.620
endloop
endfacet
facet normal 0 0 0
outer loop
vertex 26.600 10.350 1.640
vertex 27.400 10.550 1.640
vertex 27.400 10.350 1.640
endloop
endfacet
facet normal 0 0 0
outer loop
vertex 26.600 10.350 1.640
vertex 27.400 10.350 1.640
vertex 26.600 10.350 1.640
endloop
endfacet
facet normal 0 0 0
outer loop
vertex 26.600 10.350 1.620
vertex 26.600 10.350 1.640
vertex 27.400 10.350 1.640
endloop
endfacet
facet normal 0 0 0
outer loop
vertex 26.600 10.350 1.620
vertex 27.400 10.350 1.640
vertex 27.400 10.350 1.620
endloop
endfacet
facet normal 0 0 0
outer loop
vertex 27.400 10.350 1.620
vertex 27.400 10.350 1.640
vertex 27.400 10.550 1.640
endloop
endfacet
facet normal 0 0 0
outer loop
vertex 27.400 10.350 1.620
vertex 27.400 10.550 1.640
vertex 27.400 10.550 1.620
endloop
endfacet
facet normal 0 0 0
outer loop
vertex 27.400 10.550 1.620
vertex 27.400 10.550 1.640
vertex 26.600 10.550 1.640
endloop
endfacet
facet normal 0 0 0
outer loop
vertex 27.400 10.550 1.620
vertex 26.600 10.550 1.640
vertex 26.600 10.550 1.620
endloop
endfacet
facet normal 0 0 0
outer loop
vertex 26.600 10.550 1.620
vertex 26.600 10.550 1.640
vertex 26.600 10.350 1.640
endloop
endfacet
facet normal 0 0 0
outer loop
vertex 26.600 10.550 1.620
vertex 26.600 10.350 1.640
vertex 26.600 10.350 1.620
endloop
endfacet
facet normal 0 0 0
outer loop
vertex 92.600 16.320 1.620
vertex 93.400 16.320 1.620
vertex 93.400 16.520 1.620
endloop
endfacet
facet normal 0 0 0
outer loop
vertex 92.600 16.320 1.620
vertex 93.400 16.520 1.620
vertex 92.600 16.520 1.620
endloop
endfacet
facet normal 0 0 0
outer loop
vertex 92.600 16.320 1.640
vertex 93.400 16.520 1.640
vertex 93.400 16.320 1.640
endloop
endfacet
facet normal 0 0 0
outer loop
vertex 92.600 16.320 1.640
vertex 93.400 16.320 1.640
vertex 92.600 16.320 1.640
endloop
endfacet
facet normal 0 0 0
outer loop
vertex 92.600 16.320 1.620
vertex 92.600 16.320 1.640
vertex 93.400 16.320 1.640
endloop
endfacet
facet normal 0 0 0
outer loop
vertex 92.600 16.320 1.620
vertex 93.400 16.320 1.640
vertex 93.400 16.320 1.620
endloop
endfacet
facet normal 0 0 0
outer loop
vertex 93.400 16.320 1.620
vertex 93.400 16.320 1.640
vertex 93.400 16.520 1.640
endloop
endfacet
facet normal 0 0 0
outer loop
vertex 93.400 16.320 1.620
vertex 93.400 16.520 1.640
vertex 93.400 16.520 1.620
endloop
endfacet
facet normal 0 0 0
outer loop
vertex 93.400 16.520 1.620
vertex 93.400 16.520 1.640
vertex 92.600 16.520 1.640
endloop
endfacet
facet normal 0 0 0
outer loop
vertex 93.400 16.520 1.620
vertex 92.600 16.520 1.640
vertex 92.600 16.520 1.620
endloop
endfacet
facet normal 0 0 0
outer loop
vertex 92.600 16.520 1.620
vertex 92.600 16.520 1.640
vertex 92.600 16.320 1.640
endloop
endfacet
facet normal 0 0 0
outer loop
vertex 92.600 16.520 1.620
vertex 92.600 16.320 1.640
vertex 92.600 16.320 1.620
endloop
endfacet
facet normal 0 0 0
outer loop
vertex 120.600 16.320 1.620
vertex 121.400 16.320 1.620
vertex 121.400 16.520 1.620
endloop
endfacet
facet normal 0 0 0
outer loop
vertex 120.600 16.320 1.620
vertex 121.400 16.520 1.620
vertex 120.600 16.520 1.620
endloop
endfacet
facet normal 0 0 0
outer loop
vertex 120.600 16.320 1.640
vertex 121.400 16.520 1.640
vertex 121.400 16.320 1.640
endloop
endfacet
facet normal 0 0 0
outer loop
vertex 120.600 16.320 1.640
vertex 121.400 16.320 1.640
vertex 120.600 16.320 1.640
endloop
endfacet
facet normal 0 0 0
outer loop
vertex 120.600 16.320 1.620
vertex 120.600 16.320 1.640
vertex 121.400 16.320 1.640
endloop
endfacet
facet normal 0 0 0
outer loop
vertex 120.600 16.320 1.620
vertex 121.400 16.320 1.640
vertex 121.400 16.320 1.620
endloop
endfacet
facet normal 0 0 0
outer loop
vertex 121.400 16.320 1.620
vertex 121.400 16.320 1.640
vertex 121.400 16.520 1.640
endloop
endfacet
facet normal 0 0 0
outer loop
vertex 121.400 16.320 1.620
vertex 121.400 16.520 1.640
vertex 121.400 16.520 1.620
endloop
endfacet
facet normal 0 0 0
outer loop
vertex 121.400 16.520 1.620
vertex 121.400 16.520 1.640
vertex 120.600 16.520 1.640
endloop
endfacet
facet normal 0 0 0
outer loop
vertex 121.400 16.520 1.620
vertex 120.600 16.520 1.640
vertex 120.600 16.520 1.620
endloop
endfacet
facet normal 0 0 0
outer loop
vertex 120.600 16.520 1.620
vertex 120.600 16.520 1.640
vertex 120.600 16.320 1.640
endloop
endfacet
facet normal 0 0 0
outer loop
vertex 120.600 16.520 1.620
vertex 120.600 16.320 1.640
vertex 120.600 16.320 1.620
endloop
endfacet
facet normal 0 0 0
outer loop
vertex 64.600 16.320 1.620
vertex 65.400 16.320 1.620
vertex 65.400 16.520 1.620
endloop
endfacet
facet normal 0 0 0
outer loop
vertex 64.600 16.320 1.620
vertex 65.400 16.520 1.620
vertex 64.600 16.520 1.620
endloop
endfacet
facet normal 0 0 0
outer loop
vertex 64.600 16.320 1.640
vertex 65.400 16.520 1.640
vertex 65.400 16.320 1.640
endloop
endfacet
facet normal 0 0 0
outer loop
vertex 64.600 16.320 1.640
vertex 65.400 16.320 1.640
vertex 64.600 16.320 1.640
endloop
endfacet
facet normal 0 0 0
outer loop
vertex 64.600 16.320 1.620
vertex 64.600 16.320 1.640
vertex 65.400 16.320 1.640
endloop
endfacet
facet normal 0 0 0
outer loop
vertex 64.600 16.320 1.620
vertex 65.400 16.320 1.640
vertex 65.400 16.320 1.620
endloop
endfacet
facet normal 0 0 0
outer loop
vertex 65.400 16.320 1.620
vertex 65.400 16.320 1.640
vertex 65.400 16.520 1.640
endloop
endfacet
facet normal 0 0 0
outer loop
vertex 65.400 16.320 1.620
vertex 65.400 16.520 1.640
vertex 65.400 16.520 1.620
endloop
endfacet
facet normal 0 0 0
outer loop
vertex 65.400 16.520 1.620
vertex 65.400 16.520 1.640
vertex 64.600 16.520 1.640
endloop
endfacet
facet normal 0 0 0
outer loop
vertex 65.400 16.520 1.620
vertex 64.600 16.520 1.640
vertex 64.600 16.520 1.620
endloop
endfacet
facet normal 0 0 0
outer loop
vertex 64.600 16.520 1.620
vertex 64.600 16.520 1.640
vertex 64.600 16.320 1.640
endloop
endfacet
facet normal 0 0 0
outer loop
vertex 64.600 16.520 1.620
vertex 64.600 16.320 1.640
vertex 64.600 16.320 1.620
endloop
endfacet
facet normal 0 0 0
outer loop
vertex 26.600 49.040 1.620
vertex 27.400 49.040 1.620
vertex 27.400 49.240 1.620
endloop
endfacet
facet normal 0 0 0
outer loop
vertex 26.600 49.040 1.620
vertex 27.400 49.240 1.620
vertex 26.600 49.240 1.620
endloop
endfacet
facet normal 0 0 0
outer loop
vertex 26.600 49.040 1.640
vertex 27.400 49.240 1.640
vertex 27.400 49.040 1.640
endloop
endfacet
facet normal 0 0 0
outer loop
vertex 26.600 49.040 1.640
vertex 27.400 49.040 1.640
vertex 26.600 49.040 1.640
endloop
endfacet
facet normal 0 0 0
outer loop
vertex 26.600 49.040 1.620
vertex 26.600 49.040 1.640
vertex 27.400 49.040 1.640
endloop
endfacet
facet normal 0 0 0
outer loop
vertex 26.600 49.040 1.620
vertex 27.400 49.040 1.640
vertex 27.400 49.040 1.620
endloop
endfacet
facet normal 0 0 0
outer loop
vertex 27.400 49.040 1.620
vertex 27.400 49.040 1.640
vertex 27.400 49.240 1.640
endloop
endfacet
facet normal 0 0 0
outer loop
vertex 27.400 49.040 1.620
vertex 27.400 49.240 1.640
vertex 27.400 49.240 1.620
endloop
endfacet
facet normal 0 0 0
outer loop
vertex 27.400 49.240 1.620
vertex 27.400 49.240 1.640
vertex 26.600 49.240 1.640
endloop
endfacet
facet normal 0 0 0
outer loop
vertex 27.400 49.240 1.620
vertex 26.600 49.240 1.640
vertex 26.600 49.240 1.620
endloop
endfacet
facet normal 0 0 0
outer loop
vertex 26.600 49.240 1.620
vertex 26.600 49.240 1.640
vertex 26.600 49.040 1.640
endloop
endfacet
facet normal 0 0 0
outer loop
vertex 26.600 49.240 1.620
vertex 26.600 49.040 1.640
vertex 26.600 49.040 1.620
endloop
endfacet
facet normal 0 0 0
outer loop
vertex 86.600 22.350 1.620
vertex 87.400 22.350 1.620
vertex 87.400 22.550 1.620
endloop
endfacet
facet normal 0 0 0
outer loop
vertex 86.600 22.350 1.620
vertex 87.400 22.550 1.620
vertex 86.600 22.550 1.620
endloop
endfacet
facet normal 0 0 0
outer loop
vertex 86.600 22.350 1.640
vertex 87.400 22.550 1.640
vertex 87.400 22.350 1.640
endloop
endfacet
facet normal 0 0 0
outer loop
vertex 86.600 22.350 1.640
vertex 87.400 22.350 1.640
vertex 86.600 22.350 1.640
endloop
endfacet
facet normal 0 0 0
outer loop
vertex 86.600 22.350 1.620
vertex 86.600 22.350 1.640
vertex 87.400 22.350 1.640
endloop
endfacet
facet normal 0 0 0
outer loop
vertex 86.600 22.350 1.620
vertex 87.400 22.350 1.640
vertex 87.400 22.350 1.620
endloop
endfacet
facet normal 0 0 0
outer loop
vertex 87.400 22.350 1.620
vertex 87.400 22.350 1.640
vertex 87.400 22.550 1.640
endloop
endfacet
facet normal 0 0 0
outer loop
vertex 87.400 22.350 1.620
vertex 87.400 22.550 1.640
vertex 87.400 22.550 1.620
endloop
endfacet
facet normal 0 0 0
outer loop
vertex 87.400 22.550 1.620
vertex 87.400 22.550 1.640
vertex 86.600 22.550 1.640
endloop
endfacet
facet normal 0 0 0
outer loop
vertex 87.400 22.550 1.620
vertex 86.600 22.550 1.640
vertex 86.600 22.550 1.620
endloop
endfacet
facet normal 0 0 0
outer loop
vertex 86.600 22.550 1.620
vertex 86.600 22.550 1.640
vertex 86.600 22.350 1.640
endloop
endfacet
facet normal 0 0 0
outer loop
vertex 86.600 22.550 1.620
vertex 86.600 22.350 1.640
vertex 86.600 22.350 1.620
endloop
endfacet
facet normal 0 0 0
outer loop
vertex 86.600 18.350 1.620
vertex 87.400 18.350 1.620
vertex 87.400 18.550 1.620
endloop
endfacet
facet normal 0 0 0
outer loop
vertex 86.600 18.350 1.620
vertex 87.400 18.550 1.620
vertex 86.600 18.550 1.620
endloop
endfacet
facet normal 0 0 0
outer loop
vertex 86.600 18.350 1.640
vertex 87.400 18.550 1.640
vertex 87.400 18.350 1.640
endloop
endfacet
facet normal 0 0 0
outer loop
vertex 86.600 18.350 1.640
vertex 87.400 18.350 1.640
vertex 86.600 18.350 1.640
endloop
endfacet
facet normal 0 0 0
outer loop
vertex 86.600 18.350 1.620
vertex 86.600 18.350 1.640
vertex 87.400 18.350 1.640
endloop
endfacet
facet normal 0 0 0
outer loop
vertex 86.600 18.350 1.620
vertex 87.400 18.350 1.640
vertex 87.400 18.350 1.620
endloop
endfacet
facet normal 0 0 0
outer loop
vertex 87.400 18.350 1.620
vertex 87.400 18.350 1.640
vertex 87.400 18.550 1.640
endloop
endfacet
facet normal 0 0 0
outer loop
vertex 87.400 18.350 1.620
vertex 87.400 18.550 1.640
vertex 87.400 18.550 1.620
endloop
endfacet
facet normal 0 0 0
outer loop
vertex 87.400 18.550 1.620
vertex 87.400 18.550 1.640
vertex 86.600 18.550 1.640
endloop
endfacet
facet normal 0 0 0
outer loop
vertex 87.400 18.550 1.620
vertex 86.600 18.550 1.640
vertex 86.600 18.550 1.620
endloop
endfacet
facet normal 0 0 0
outer loop
vertex 86.600 18.550 1.620
vertex 86.600 18.550 1.640
vertex 86.600 18.350 1.640
endloop
endfacet
facet normal 0 0 0
outer loop
vertex 86.600 18.550 1.620
vertex 86.600 18.350 1.640
vertex 86.600 18.350 1.620
endloop
endfacet
facet normal 0 0 0
outer loop
vertex 98.600 22.350 1.620
vertex 99.400 22.350 1.620
vertex 99.400 22.550 1.620
endloop
endfacet
facet normal 0 0 0
outer loop
vertex 98.600 22.350 1.620
vertex 99.400 22.550 1.620
vertex 98.600 22.550 1.620
endloop
endfacet
facet normal 0 0 0
outer loop
vertex 98.600 22.350 1.640
vertex 99.400 22.550 1.640
vertex 99.400 22.350 1.640
endloop
endfacet
facet normal 0 0 0
outer loop
vertex 98.600 22.350 1.640
vertex 99.400 22.350 1.640
vertex 98.600 22.350 1.640
endloop
endfacet
facet normal 0 0 0
outer loop
vertex 98.600 22.350 1.620
vertex 98.600 22.350 1.640
vertex 99.400 22.350 1.640
endloop
endfacet
facet normal 0 0 0
outer loop
vertex 98.600 22.350 1.620
vertex 99.400 22.350 1.640
vertex 99.400 22.350 1.620
endloop
endfacet
facet normal 0 0 0
outer loop
vertex 99.400 22.350 1.620
vertex 99.400 22.350 1.640
vertex 99.400 22.550 1.640
endloop
endfacet
facet normal 0 0 0
outer loop
vertex 99.400 22.350 1.620
vertex 99.400 22.550 1.640
vertex 99.400 22.550 1.620
endloop
endfacet
facet normal 0 0 0
outer loop
vertex 99.400 22.550 1.620
vertex 99.400 22.550 1.640
vertex 98.600 22.550 1.640
endloop
endfacet
facet normal 0 0 0
outer loop
vertex 99.400 22.550 1.620
vertex 98.600 22.550 1.640
vertex 98.600 22.550 1.620
endloop
endfacet
facet normal 0 0 0
outer loop
vertex 98.600 22.550 1.620
vertex 98.600 22.550 1.640
vertex 98.600 22.350 1.640
endloop
endfacet
facet normal 0 0 0
outer loop
vertex 98.600 22.550 1.620
vertex 98.600 22.350 1.640
vertex 98.600 22.350 1.620
endloop
endfacet
facet normal 0 0 0
outer loop
vertex 98.600 18.350 1.620
vertex 99.400 18.350 1.620
vertex 99.400 18.550 1.620
endloop
endfacet
facet normal 0 0 0
outer loop
vertex 98.600 18.350 1.620
vertex 99.400 18.550 1.620
vertex 98.600 18.550 1.620
endloop
endfacet
facet normal 0 0 0
outer loop
vertex 98.600 18.350 1.640
vertex 99.400 18.550 1.640
vertex 99.400 18.350 1.640
endloop
endfacet
facet normal 0 0 0
outer loop
vertex 98.600 18.350 1.640
vertex 99.400 18.350 1.640
vertex 98.600 18.350 1.640
endloop
endfacet
facet normal 0 0 0
outer loop
vertex 98.600 18.350 1.620
vertex 98.600 18.350 1.640
vertex 99.400 18.350 1.640
endloop
endfacet
facet normal 0 0 0
outer loop
vertex 98.600 18.350 1.620
vertex 99.400 18.350 1.640
vertex 99.400 18.350 1.620
endloop
endfacet
facet normal 0 0 0
outer loop
vertex 99.400 18.350 1.620
vertex 99.400 18.350 1.640
vertex 99.400 18.550 1.640
endloop
endfacet
facet normal 0 0 0
outer loop
vertex 99.400 18.350 1.620
vertex 99.400 18.550 1.640
vertex 99.400 18.550 1.620
endloop
endfacet
facet normal 0 0 0
outer loop
vertex 99.400 18.550 1.620
vertex 99.400 18.550 1.640
vertex 98.600 18.550 1.640
endloop
endfacet
facet normal 0 0 0
outer loop
vertex 99.400 18.550 1.620
vertex 98.600 18.550 1.640
vertex 98.600 18.550 1.620
endloop
endfacet
facet normal 0 0 0
outer loop
vertex 98.600 18.550 1.620
vertex 98.600 18.550 1.640
vertex 98.600 18.350 1.640
endloop
endfacet
facet normal 0 0 0
outer loop
vertex 98.600 18.550 1.620
vertex 98.600 18.350 1.640
vertex 98.600 18.350 1.620
endloop
endfacet
facet normal 0 0 0
outer loop
vertex 114.600 22.350 1.620
vertex 115.400 22.350 1.620
vertex 115.400 22.550 1.620
endloop
endfacet
facet normal 0 0 0
outer loop
vertex 114.600 22.350 1.620
vertex 115.400 22.550 1.620
vertex 114.600 22.550 1.620
endloop
endfacet
facet normal 0 0 0
outer loop
vertex 114.600 22.350 1.640
vertex 115.400 22.550 1.640
vertex 115.400 22.350 1.640
endloop
endfacet
facet normal 0 0 0
outer loop
vertex 114.600 22.350 1.640
vertex 115.400 22.350 1.640
vertex 114.600 22.350 1.640
endloop
endfacet
facet normal 0 0 0
outer loop
vertex 114.600 22.350 1.620
vertex 114.600 22.350 1.640
vertex 115.400 22.350 1.640
endloop
endfacet
facet normal 0 0 0
outer loop
vertex 114.600 22.350 1.620
vertex 115.400 22.350 1.640
vertex 115.400 22.350 1.620
endloop
endfacet
facet normal 0 0 0
outer loop
vertex 115.400 22.350 1.620
vertex 115.400 22.350 1.640
vertex 115.400 22.550 1.640
endloop
endfacet
facet normal 0 0 0
outer loop
vertex 115.400 22.350 1.620
vertex 115.400 22.550 1.640
vertex 115.400 22.550 1.620
endloop
endfacet
facet normal 0 0 0
outer loop
vertex 115.400 22.550 1.620
vertex 115.400 22.550 1.640
vertex 114.600 22.550 1.640
endloop
endfacet
facet normal 0 0 0
outer loop
vertex 115.400 22.550 1.620
vertex 114.600 22.550 1.640
vertex 114.600 22.550 1.620
endloop
endfacet
facet normal 0 0 0
outer loop
vertex 114.600 22.550 1.620
vertex 114.600 22.550 1.640
vertex 114.600 22.350 1.640
endloop
endfacet
facet normal 0 0 0
outer loop
vertex 114.600 22.550 1.620
vertex 114.600 22.350 1.640
vertex 114.600 22.350 1.620
endloop
endfacet
facet normal 0 0 0
outer loop
vertex 114.600 18.350 1.620
vertex 115.400 18.350 1.620
vertex 115.400 18.550 1.620
endloop
endfacet
facet normal 0 0 0
outer loop
vertex 114.600 18.350 1.620
vertex 115.400 18.550 1.620
vertex 114.600 18.550 1.620
endloop
endfacet
facet normal 0 0 0
outer loop
vertex 114.600 18.350 1.640
vertex 115.400 18.550 1.640
vertex 115.400 18.350 1.640
endloop
endfacet
facet normal 0 0 0
outer loop
vertex 114.600 18.350 1.640
vertex 115.400 18.350 1.640
vertex 114.600 18.350 1.640
endloop
endfacet
facet normal 0 0 0
outer loop
vertex 114.600 18.350 1.620
vertex 114.600 18.350 1.640
vertex 115.400 18.350 1.640
endloop
endfacet
facet normal 0 0 0
outer loop
vertex 114.600 18.350 1.620
vertex 115.400 18.350 1.640
vertex 115.400 18.350 1.620
endloop
endfacet
facet normal 0 0 0
outer loop
vertex 115.400 18.350 1.620
vertex 115.400 18.350 1.640
vertex 115.400 18.550 1.640
endloop
endfacet
facet normal 0 0 0
outer loop
vertex 115.400 18.350 1.620
vertex 115.400 18.550 1.640
vertex 115.400 18.550 1.620
endloop
endfacet
facet normal 0 0 0
outer loop
vertex 115.400 18.550 1.620
vertex 115.400 18.550 1.640
vertex 114.600 18.550 1.640
endloop
endfacet
facet normal 0 0 0
outer loop
vertex 115.400 18.550 1.620
vertex 114.600 18.550 1.640
vertex 114.600 18.550 1.620
endloop
endfacet
facet normal 0 0 0
outer loop
vertex 114.600 18.550 1.620
vertex 114.600 18.550 1.640
vertex 114.600 18.350 1.640
endloop
endfacet
facet normal 0 0 0
outer loop
vertex 114.600 18.550 1.620
vertex 114.600 18.350 1.640
vertex 114.600 18.350 1.620
endloop
endfacet
facet normal 0 0 0
outer loop
vertex 126.600 22.350 1.620
vertex 127.400 22.350 1.620
vertex 127.400 22.550 1.620
endloop
endfacet
facet normal 0 0 0
outer loop
vertex 126.600 22.350 1.620
vertex 127.400 22.550 1.620
vertex 126.600 22.550 1.620
endloop
endfacet
facet normal 0 0 0
outer loop
vertex 126.600 22.350 1.640
vertex 127.400 22.550 1.640
vertex 127.400 22.350 1.640
endloop
endfacet
facet normal 0 0 0
outer loop
vertex 126.600 22.350 1.640
vertex 127.400 22.350 1.640
vertex 126.600 22.350 1.640
endloop
endfacet
facet normal 0 0 0
outer loop
vertex 126.600 22.350 1.620
vertex 126.600 22.350 1.640
vertex 127.400 22.350 1.640
endloop
endfacet
facet normal 0 0 0
outer loop
vertex 126.600 22.350 1.620
vertex 127.400 22.350 1.640
vertex 127.400 22.350 1.620
endloop
endfacet
facet normal 0 0 0
outer loop
vertex 127.400 22.350 1.620
vertex 127.400 22.350 1.640
vertex 127.400 22.550 1.640
endloop
endfacet
facet normal 0 0 0
outer loop
vertex 127.400 22.350 1.620
vertex 127.400 22.550 1.640
vertex 127.400 22.550 1.620
endloop
endfacet
facet normal 0 0 0
outer loop
vertex 127.400 22.550 1.620
vertex 127.400 22.550 1.640
vertex 126.600 22.550 1.640
endloop
endfacet
facet normal 0 0 0
outer loop
vertex 127.400 22.550 1.620
vertex 126.600 22.550 1.640
vertex 126.600 22.550 1.620
endloop
endfacet
facet normal 0 0 0
outer loop
vertex 126.600 22.550 1.620
vertex 126.600 22.550 1.640
vertex 126.600 22.350 1.640
endloop
endfacet
facet normal 0 0 0
outer loop
vertex 126.600 22.550 1.620
vertex 126.600 22.350 1.640
vertex 126.600 22.350 1.620
endloop
endfacet
facet normal 0 0 0
outer loop
vertex 126.600 18.350 1.620
vertex 127.400 18.350 1.620
vertex 127.400 18.550 1.620
endloop
endfacet
facet normal 0 0 0
outer loop
vertex 126.600 18.350 1.620
vertex 127.400 18.550 1.620
vertex 126.600 18.550 1.620
endloop
endfacet
facet normal 0 0 0
outer loop
vertex 126.600 18.350 1.640
vertex 127.400 18.550 1.640
vertex 127.400 18.350 1.640
endloop
endfacet
facet normal 0 0 0
outer loop
vertex 126.600 18.350 1.640
vertex 127.400 18.350 1.640
vertex 126.600 18.350 1.640
endloop
endfacet
facet normal 0 0 0
outer loop
vertex 126.600 18.350 1.620
vertex 126.600 18.350 1.640
vertex 127.400 18.350 1.640
endloop
endfacet
facet normal 0 0 0
outer loop
vertex 126.600 18.350 1.620
vertex 127.400 18.350 1.640
vertex 127.400 18.350 1.620
endloop
endfacet
facet normal 0 0 0
outer loop
vertex 127.400 18.350 1.620
vertex 127.400 18.350 1.640
vertex 127.400 18.550 1.640
endloop
endfacet
facet normal 0 0 0
outer loop
vertex 127.400 18.350 1.620
vertex 127.400 18.550 1.640
vertex 127.400 18.550 1.620
endloop
endfacet
facet normal 0 0 0
outer loop
vertex 127.400 18.550 1.620
vertex 127.400 18.550 1.640
vertex 126.600 18.550 1.640
endloop
endfacet
facet normal 0 0 0
outer loop
vertex 127.400 18.550 1.620
vertex 126.600 18.550 1.640
vertex 126.600 18.550 1.620
endloop
endfacet
facet normal 0 0 0
outer loop
vertex 126.600 18.550 1.620
vertex 126.600 18.550 1.640
vertex 126.600 18.350 1.640
endloop
endfacet
facet normal 0 0 0
outer loop
vertex 126.600 18.550 1.620
vertex 126.600 18.350 1.640
vertex 126.600 18.350 1.620
endloop
endfacet
facet normal 0 0 0
outer loop
vertex 58.600 22.350 1.620
vertex 59.400 22.350 1.620
vertex 59.400 22.550 1.620
endloop
endfacet
facet normal 0 0 0
outer loop
vertex 58.600 22.350 1.620
vertex 59.400 22.550 1.620
vertex 58.600 22.550 1.620
endloop
endfacet
facet normal 0 0 0
outer loop
vertex 58.600 22.350 1.640
vertex 59.400 22.550 1.640
vertex 59.400 22.350 1.640
endloop
endfacet
facet normal 0 0 0
outer loop
vertex 58.600 22.350 1.640
vertex 59.400 22.350 1.640
vertex 58.600 22.350 1.640
endloop
endfacet
facet normal 0 0 0
outer loop
vertex 58.600 22.350 1.620
vertex 58.600 22.350 1.640
vertex 59.400 22.350 1.640
endloop
endfacet
facet normal 0 0 0
outer loop
vertex 58.600 22.350 1.620
vertex 59.400 22.350 1.640
vertex 59.400 22.350 1.620
endloop
endfacet
facet normal 0 0 0
outer loop
vertex 59.400 22.350 1.620
vertex 59.400 22.350 1.640
vertex 59.400 22.550 1.640
endloop
endfacet
facet normal 0 0 0
outer loop
vertex 59.400 22.350 1.620
vertex 59.400 22.550 1.640
vertex 59.400 22.550 1.620
endloop
endfacet
facet normal 0 0 0
outer loop
vertex 59.400 22.550 1.620
vertex 59.400 22.550 1.640
vertex 58.600 22.550 1.640
endloop
endfacet
facet normal 0 0 0
outer loop
vertex 59.400 22.550 1.620
vertex 58.600 22.550 1.640
vertex 58.600 22.550 1.620
endloop
endfacet
facet normal 0 0 0
outer loop
vertex 58.600 22.550 1.620
vertex 58.600 22.550 1.640
vertex 58.600 22.350 1.640
endloop
endfacet
facet normal 0 0 0
outer loop
vertex 58.600 22.550 1.620
vertex 58.600 22.350 1.640
vertex 58.600 22.350 1.620
endloop
endfacet
facet normal 0 0 0
outer loop
vertex 58.600 18.350 1.620
vertex 59.400 18.350 1.620
vertex 59.400 18.550 1.620
endloop
endfacet
facet normal 0 0 0
outer loop
vertex 58.600 18.350 1.620
vertex 59.400 18.550 1.620
vertex 58.600 18.550 1.620
endloop
endfacet
facet normal 0 0 0
outer loop
vertex 58.600 18.350 1.640
vertex 59.400 18.550 1.640
vertex 59.400 18.350 1.640
endloop
endfacet
facet normal 0 0 0
outer loop
vertex 58.600 18.350 1.640
vertex 59.400 18.350 1.640
vertex 58.600 18.350 1.640
endloop
endfacet
facet normal 0 0 0
outer loop
vertex 58.600 18.350 1.620
vertex 58.600 18.350 1.640
vertex 59.400 18.350 1.640
endloop
endfacet
facet normal 0 0 0
outer loop
vertex 58.600 18.350 1.620
vertex 59.400 18.350 1.640
vertex 59.400 18.350 1.620
endloop
endfacet
facet normal 0 0 0
outer loop
vertex 59.400 18.350 1.620
vertex 59.400 18.350 1.640
vertex 59.400 18.550 1.640
endloop
endfacet
facet normal 0 0 0
outer loop
vertex 59.400 18.350 1.620
vertex 59.400 18.550 1.640
vertex 59.400 18.550 1.620
endloop
endfacet
facet normal 0 0 0
outer loop
vertex 59.400 18.550 1.620
vertex 59.400 18.550 1.640
vertex 58.600 18.550 1.640
endloop
endfacet
facet normal 0 0 0
outer loop
vertex 59.400 18.550 1.620
vertex 58.600 18.550 1.640
vertex 58.600 18.550 1.620
endloop
endfacet
facet normal 0 0 0
outer loop
vertex 58.600 18.550 1.620
vertex 58.600 18.550 1.640
vertex 58.600 18.350 1.640
endloop
endfacet
facet normal 0 0 0
outer loop
vertex 58.600 18.550 1.620
vertex 58.600 18.350 1.640
vertex 58.600 18.350 1.620
endloop
endfacet
facet normal 0 0 0
outer loop
vertex 70.600 22.350 1.620
vertex 71.400 22.350 1.620
vertex 71.400 22.550 1.620
endloop
endfacet
facet normal 0 0 0
outer loop
vertex 70.600 22.350 1.620
vertex 71.400 22.550 1.620
vertex 70.600 22.550 1.620
endloop
endfacet
facet normal 0 0 0
outer loop
vertex 70.600 22.350 1.640
vertex 71.400 22.550 1.640
vertex 71.400 22.350 1.640
endloop
endfacet
facet normal 0 0 0
outer loop
vertex 70.600 22.350 1.640
vertex 71.400 22.350 1.640
vertex 70.600 22.350 1.640
endloop
endfacet
facet normal 0 0 0
outer loop
vertex 70.600 22.350 1.620
vertex 70.600 22.350 1.640
vertex 71.400 22.350 1.640
endloop
endfacet
facet normal 0 0 0
outer loop
vertex 70.600 22.350 1.620
vertex 71.400 22.350 1.640
vertex 71.400 22.350 1.620
endloop
endfacet
facet normal 0 0 0
outer loop
vertex 71.400 22.350 1.620
vertex 71.400 22.350 1.640
vertex 71.400 22.550 1.640
endloop
endfacet
facet normal 0 0 0
outer loop
vertex 71.400 22.350 1.620
vertex 71.400 22.550 1.640
vertex 71.400 22.550 1.620
endloop
endfacet
facet normal 0 0 0
outer loop
vertex 71.400 22.550 1.620
vertex 71.400 22.550 1.640
vertex 70.600 22.550 1.640
endloop
endfacet
facet normal 0 0 0
outer loop
vertex 71.400 22.550 1.620
vertex 70.600 22.550 1.640
vertex 70.600 22.550 1.620
endloop
endfacet
facet normal 0 0 0
outer loop
vertex 70.600 22.550 1.620
vertex 70.600 22.550 1.640
vertex 70.600 22.350 1.640
endloop
endfacet
facet normal 0 0 0
outer loop
vertex 70.600 22.550 1.620
vertex 70.600 22.350 1.640
vertex 70.600 22.350 1.620
endloop
endfacet
facet normal 0 0 0
outer loop
vertex 70.600 18.350 1.620
vertex 71.400 18.350 1.620
vertex 71.400 18.550 1.620
endloop
endfacet
facet normal 0 0 0
outer loop
vertex 70.600 18.350 1.620
vertex 71.400 18.550 1.620
vertex 70.600 18.550 1.620
endloop
endfacet
facet normal 0 0 0
outer loop
vertex 70.600 18.350 1.640
vertex 71.400 18.550 1.640
vertex 71.400 18.350 1.640
endloop
endfacet
facet normal 0 0 0
outer loop
vertex 70.600 18.350 1.640
vertex 71.400 18.350 1.640
vertex 70.600 18.350 1.640
endloop
endfacet
facet normal 0 0 0
outer loop
vertex 70.600 18.350 1.620
vertex 70.600 18.350 1.640
vertex 71.400 18.350 1.640
endloop
endfacet
facet normal 0 0 0
outer loop
vertex 70.600 18.350 1.620
vertex 71.400 18.350 1.640
vertex 71.400 18.350 1.620
endloop
endfacet
facet normal 0 0 0
outer loop
vertex 71.400 18.350 1.620
vertex 71.400 18.350 1.640
vertex 71.400 18.550 1.640
endloop
endfacet
facet normal 0 0 0
outer loop
vertex 71.400 18.350 1.620
vertex 71.400 18.550 1.640
vertex 71.400 18.550 1.620
endloop
endfacet
facet normal 0 0 0
outer loop
vertex 71.400 18.550 1.620
vertex 71.400 18.550 1.640
vertex 70.600 18.550 1.640
endloop
endfacet
facet normal 0 0 0
outer loop
vertex 71.400 18.550 1.620
vertex 70.600 18.550 1.640
vertex 70.600 18.550 1.620
endloop
endfacet
facet normal 0 0 0
outer loop
vertex 70.600 18.550 1.620
vertex 70.600 18.550 1.640
vertex 70.600 18.350 1.640
endloop
endfacet
facet normal 0 0 0
outer loop
vertex 70.600 18.550 1.620
vertex 70.600 18.350 1.640
vertex 70.600 18.350 1.620
endloop
endfacet
facet normal 0 0 0
outer loop
vertex 92.600 29.650 1.620
vertex 93.400 29.650 1.620
vertex 93.400 29.850 1.620
endloop
endfacet
facet normal 0 0 0
outer loop
vertex 92.600 29.650 1.620
vertex 93.400 29.850 1.620
vertex 92.600 29.850 1.620
endloop
endfacet
facet normal 0 0 0
outer loop
vertex 92.600 29.650 1.640
vertex 93.400 29.850 1.640
vertex 93.400 29.650 1.640
endloop
endfacet
facet normal 0 0 0
outer loop
vertex 92.600 29.650 1.640
vertex 93.400 29.650 1.640
vertex 92.600 29.650 1.640
endloop
endfacet
facet normal 0 0 0
outer loop
vertex 92.600 29.650 1.620
vertex 92.600 29.650 1.640
vertex 93.400 29.650 1.640
endloop
endfacet
facet normal 0 0 0
outer loop
vertex 92.600 29.650 1.620
vertex 93.400 29.650 1.640
vertex 93.400 29.650 1.620
endloop
endfacet
facet normal 0 0 0
outer loop
vertex 93.400 29.650 1.620
vertex 93.400 29.650 1.640
vertex 93.400 29.850 1.640
endloop
endfacet
facet normal 0 0 0
outer loop
vertex 93.400 29.650 1.620
vertex 93.400 29.850 1.640
vertex 93.400 29.850 1.620
endloop
endfacet
facet normal 0 0 0
outer loop
vertex 93.400 29.850 1.620
vertex 93.400 29.850 1.640
vertex 92.600 29.850 1.640
endloop
endfacet
facet normal 0 0 0
outer loop
vertex 93.400 29.850 1.620
vertex 92.600 29.850 1.640
vertex 92.600 29.850 1.620
endloop
endfacet
facet normal 0 0 0
outer loop
vertex 92.600 29.850 1.620
vertex 92.600 29.850 1.640
vertex 92.600 29.650 1.640
endloop
endfacet
facet normal 0 0 0
outer loop
vertex 92.600 29.850 1.620
vertex 92.600 29.650 1.640
vertex 92.600 29.650 1.620
endloop
endfacet
facet normal 0 0 0
outer loop
vertex 120.600 29.650 1.620
vertex 121.400 29.650 1.620
vertex 121.400 29.850 1.620
endloop
endfacet
facet normal 0 0 0
outer loop
vertex 120.600 29.650 1.620
vertex 121.400 29.850 1.620
vertex 120.600 29.850 1.620
endloop
endfacet
facet normal 0 0 0
outer loop
vertex 120.600 29.650 1.640
vertex 121.400 29.850 1.640
vertex 121.400 29.650 1.640
endloop
endfacet
facet normal 0 0 0
outer loop
vertex 120.600 29.650 1.640
vertex 121.400 29.650 1.640
vertex 120.600 29.650 1.640
endloop
endfacet
facet normal 0 0 0
outer loop
vertex 120.600 29.650 1.620
vertex 120.600 29.650 1.640
vertex 121.400 29.650 1.640
endloop
endfacet
facet normal 0 0 0
outer loop
vertex 120.600 29.650 1.620
vertex 121.400 29.650 1.640
vertex 121.400 29.650 1.620
endloop
endfacet
facet normal 0 0 0
outer loop
vertex 121.400 29.650 1.620
vertex 121.400 29.650 1.640
vertex 121.400 29.850 1.640
endloop
endfacet
facet normal 0 0 0
outer loop
vertex 121.400 29.650 1.620
vertex 121.400 29.850 1.640
vertex 121.400 29.850 1.620
endloop
endfacet
facet normal 0 0 0
outer loop
vertex 121.400 29.850 1.620
vertex 121.400 29.850 1.640
vertex 120.600 29.850 1.640
endloop
endfacet
facet normal 0 0 0
outer loop
vertex 121.400 29.850 1.620
vertex 120.600 29.850 1.640
vertex 120.600 29.850 1.620
endloop
endfacet
facet normal 0 0 0
outer loop
vertex 120.600 29.850 1.620
vertex 120.600 29.850 1.640
vertex 120.600 29.650 1.640
endloop
endfacet
facet normal 0 0 0
outer loop
vertex 120.600 29.850 1.620
vertex 120.600 29.650 1.640
vertex 120.600 29.650 1.620
endloop
endfacet
facet normal 0 0 0
outer loop
vertex 64.600 29.650 1.620
vertex 65.400 29.650 1.620
vertex 65.400 29.850 1.620
endloop
endfacet
facet normal 0 0 0
outer loop
vertex 64.600 29.650 1.620
vertex 65.400 29.850 1.620
vertex 64.600 29.850 1.620
endloop
endfacet
facet normal 0 0 0
outer loop
vertex 64.600 29.650 1.640
vertex 65.400 29.850 1.640
vertex 65.400 29.650 1.640
endloop
endfacet
facet normal 0 0 0
outer loop
vertex 64.600 29.650 1.640
vertex 65.400 29.650 1.640
vertex 64.600 29.650 1.640
endloop
endfacet
facet normal 0 0 0
outer loop
vertex 64.600 29.650 1.620
vertex 64.600 29.650 1.640
vertex 65.400 29.650 1.640
endloop
endfacet
facet normal 0 0 0
outer loop
vertex 64.600 29.650 1.620
vertex 65.400 29.650 1.640
vertex 65.400 29.650 1.620
endloop
endfacet
facet normal 0 0 0
outer loop
vertex 65.400 29.650 1.620
vertex 65.400 29.650 1.640
vertex 65.400 29.850 1.640
endloop
endfacet
facet normal 0 0 0
outer loop
vertex 65.400 29.650 1.620
vertex 65.400 29.850 1.640
vertex 65.400 29.850 1.620
endloop
endfacet
facet normal 0 0 0
outer loop
vertex 65.400 29.850 1.620
vertex 65.400 29.850 1.640
vertex 64.600 29.850 1.640
endloop
endfacet
facet normal 0 0 0
outer loop
vertex 65.400 29.850 1.620
vertex 64.600 29.850 1.640
vertex 64.600 29.850 1.620
endloop
endfacet
facet normal 0 0 0
outer loop
vertex 64.600 29.850 1.620
vertex 64.600 29.850 1.640
vertex 64.600 29.650 1.640
endloop
endfacet
facet normal 0 0 0
outer loop
vertex 64.600 29.850 1.620
vertex 64.600 29.650 1.640
vertex 64.600 29.650 1.620
endloop
endfacet
facet normal 0 0 0
outer loop
vertex 98.500 30.238 1.600
vertex 99.500 30.238 1.600
vertex 99.500 30.863 1.600
endloop
endfacet
facet normal 0 0 0
outer loop
vertex 98.500 30.238 1.600
vertex 99.500 30.863 1.600
vertex 98.500 30.863 1.600
endloop
endfacet
facet normal 0 0 0
outer loop
vertex 98.500 30.238 2.500
vertex 99.500 30.863 2.500
vertex 99.500 30.238 2.500
endloop
endfacet
facet normal 0 0 0
outer loop
vertex 98.500 30.238 2.500
vertex 99.500 30.238 2.500
vertex 98.500 30.238 2.500
endloop
endfacet
facet normal 0 0 0
outer loop
vertex 98.500 30.238 1.600
vertex 98.500 30.238 2.500
vertex 99.500 30.238 2.500
endloop
endfacet
facet normal 0 0 0
outer loop
vertex 98.500 30.238 1.600
vertex 99.500 30.238 2.500
vertex 99.500 30.238 1.600
endloop
endfacet
facet normal 0 0 0
outer loop
vertex 99.500 30.238 1.600
vertex 99.500 30.238 2.500
vertex 99.500 30.863 2.500
endloop
endfacet
facet normal 0 0 0
outer loop
vertex 99.500 30.238 1.600
vertex 99.500 30.863 2.500
vertex 99.500 30.863 1.600
endloop
endfacet
facet normal 0 0 0
outer loop
vertex 99.500 30.863 1.600
vertex 99.500 30.863 2.500
vertex 98.500 30.863 2.500
endloop
endfacet
facet normal 0 0 0
outer loop
vertex 99.500 30.863 1.600
vertex 98.500 30.863 2.500
vertex 98.500 30.863 1.600
endloop
endfacet
facet normal 0 0 0
outer loop
vertex 98.500 30.863 1.600
vertex 98.500 30.863 2.500
vertex 98.500 30.238 2.500
endloop
endfacet
facet normal 0 0 0
outer loop
vertex 98.500 30.863 1.600
vertex 98.500 30.238 2.500
vertex 98.500 30.238 1.600
endloop
endfacet
facet normal 0 0 0
outer loop
vertex 86.500 30.238 1.600
vertex 87.500 30.238 1.600
vertex 87.500 30.863 1.600
endloop
endfacet
facet normal 0 0 0
outer loop
vertex 86.500 30.238 1.600
vertex 87.500 30.863 1.600
vertex 86.500 30.863 1.600
endloop
endfacet
facet normal 0 0 0
outer loop
vertex 86.500 30.238 2.500
vertex 87.500 30.863 2.500
vertex 87.500 30.238 2.500
endloop
endfacet
facet normal 0 0 0
outer loop
vertex 86.500 30.238 2.500
vertex 87.500 30.238 2.500
vertex 86.500 30.238 2.500
endloop
endfacet
facet normal 0 0 0
outer loop
vertex 86.500 30.238 1.600
vertex 86.500 30.238 2.500
vertex 87.500 30.238 2.500
endloop
endfacet
facet normal 0 0 0
outer loop
vertex 86.500 30.238 1.600
vertex 87.500 30.238 2.500
vertex 87.500 30.238 1.600
endloop
endfacet
facet normal 0 0 0
outer loop
vertex 87.500 30.238 1.600
vertex 87.500 30.238 2.500
vertex 87.500 30.863 2.500
endloop
endfacet
facet normal 0 0 0
outer loop
vertex 87.500 30.238 1.600
vertex 87.500 30.863 2.500
vertex 87.500 30.863 1.600
endloop
endfacet
facet normal 0 0 0
outer loop
vertex 87.500 30.863 1.600
vertex 87.500 30.863 2.500
vertex 86.500 30.863 2.500
endloop
endfacet
facet normal 0 0 0
outer loop
vertex 87.500 30.863 1.600
vertex 86.500 30.863 2.500
vertex 86.500 30.863 1.600
endloop
endfacet
facet normal 0 0 0
outer loop
vertex 86.500 30.863 1.600
vertex 86.500 30.863 2.500
vertex 86.500 30.238 2.500
endloop
endfacet
facet normal 0 0 0
outer loop
vertex 86.500 30.863 1.600
vertex 86.500 30.238 2.500
vertex 86.500 30.238 1.600
endloop
endfacet
facet normal 0 0 0
outer loop
vertex 126.500 30.238 1.600
vertex 127.500 30.238 1.600
vertex 127.500 30.863 1.600
endloop
endfacet
facet normal 0 0 0
outer loop
vertex 126.500 30.238 1.600
vertex 127.500 30.863 1.600
vertex 126.500 30.863 1.600
endloop
endfacet
facet normal 0 0 0
outer loop
vertex 126.500 30.238 2.500
vertex 127.500 30.863 2.500
vertex 127.500 30.238 2.500
endloop
endfacet
facet normal 0 0 0
outer loop
vertex 126.500 30.238 2.500
vertex 127.500 30.238 2.500
vertex 126.500 30.238 2.500
endloop
endfacet
facet normal 0 0 0
outer loop
vertex 126.500 30.238 1.600
vertex 126.500 30.238 2.500
vertex 127.500 30.238 2.500
endloop
endfacet
facet normal 0 0 0
outer loop
vertex 126.500 30.238 1.600
vertex 127.500 30.238 2.500
vertex 127.500 30.238 1.600
endloop
endfacet
facet normal 0 0 0
outer loop
vertex 127.500 30.238 1.600
vertex 127.500 30.238 2.500
vertex 127.500 30.863 2.500
endloop
endfacet
facet normal 0 0 0
outer loop
vertex 127.500 30.238 1.600
vertex 127.500 30.863 2.500
vertex 127.500 30.863 1.600
endloop
endfacet
facet normal 0 0 0
outer loop
vertex 127.500 30.863 1.600
vertex 127.500 30.863 2.500
vertex 126.500 30.863 2.500
endloop
endfacet
facet normal 0 0 0
outer loop
vertex 127.500 30.863 1.600
vertex 126.500 30.863 2.500
vertex 126.500 30.863 1.600
endloop
endfacet
facet normal 0 0 0
outer loop
vertex 126.500 30.863 1.600
vertex 126.500 30.863 2.500
vertex 126.500 30.238 2.500
endloop
endfacet
facet normal 0 0 0
outer loop
vertex 126.500 30.863 1.600
vertex 126.500 30.238 2.500
vertex 126.500 30.238 1.600
endloop
endfacet
facet normal 0 0 0
outer loop
vertex 114.500 30.238 1.600
vertex 115.500 30.238 1.600
vertex 115.500 30.863 1.600
endloop
endfacet
facet normal 0 0 0
outer loop
vertex 114.500 30.238 1.600
vertex 115.500 30.863 1.600
vertex 114.500 30.863 1.600
endloop
endfacet
facet normal 0 0 0
outer loop
vertex 114.500 30.238 2.500
vertex 115.500 30.863 2.500
vertex 115.500 30.238 2.500
endloop
endfacet
facet normal 0 0 0
outer loop
vertex 114.500 30.238 2.500
vertex 115.500 30.238 2.500
vertex 114.500 30.238 2.500
endloop
endfacet
facet normal 0 0 0
outer loop
vertex 114.500 30.238 1.600
vertex 114.500 30.238 2.500
vertex 115.500 30.238 2.500
endloop
endfacet
facet normal 0 0 0
outer loop
vertex 114.500 30.238 1.600
vertex 115.500 30.238 2.500
vertex 115.500 30.238 1.600
endloop
endfacet
facet normal 0 0 0
outer loop
vertex 115.500 30.238 1.600
vertex 115.500 30.238 2.500
vertex 115.500 30.863 2.500
endloop
endfacet
facet normal 0 0 0
outer loop
vertex 115.500 30.238 1.600
vertex 115.500 30.863 2.500
vertex 115.500 30.863 1.600
endloop
endfacet
facet normal 0 0 0
outer loop
vertex 115.500 30.863 1.600
vertex 115.500 30.863 2.500
vertex 114.500 30.863 2.500
endloop
endfacet
facet normal 0 0 0
outer loop
vertex 115.500 30.863 1.600
vertex 114.500 30.863 2.500
vertex 114.500 30.863 1.600
endloop
endfacet
facet normal 0 0 0
outer loop
vertex 114.500 30.863 1.600
vertex 114.500 30.863 2.500
vertex 114.500 30.238 2.500
endloop
endfacet
facet normal 0 0 0
outer loop
vertex 114.500 30.863 1.600
vertex 114.500 30.238 2.500
vertex 114.500 30.238 1.600
endloop
endfacet
facet normal 0 0 0
outer loop
vertex 70.500 30.238 1.600
vertex 71.500 30.238 1.600
vertex 71.500 30.863 1.600
endloop
endfacet
facet normal 0 0 0
outer loop
vertex 70.500 30.238 1.600
vertex 71.500 30.863 1.600
vertex 70.500 30.863 1.600
endloop
endfacet
facet normal 0 0 0
outer loop
vertex 70.500 30.238 2.500
vertex 71.500 30.863 2.500
vertex 71.500 30.238 2.500
endloop
endfacet
facet normal 0 0 0
outer loop
vertex 70.500 30.238 2.500
vertex 71.500 30.238 2.500
vertex 70.500 30.238 2.500
endloop
endfacet
facet normal 0 0 0
outer loop
vertex 70.500 30.238 1.600
vertex 70.500 30.238 2.500
vertex 71.500 30.238 2.500
endloop
endfacet
facet normal 0 0 0
outer loop
vertex 70.500 30.238 1.600
vertex 71.500 30.238 2.500
vertex 71.500 30.238 1.600
endloop
endfacet
facet normal 0 0 0
outer loop
vertex 71.500 30.238 1.600
vertex 71.500 30.238 2.500
vertex 71.500 30.863 2.500
endloop
endfacet
facet normal 0 0 0
outer loop
vertex 71.500 30.238 1.600
vertex 71.500 30.863 2.500
vertex 71.500 30.863 1.600
endloop
endfacet
facet normal 0 0 0
outer loop
vertex 71.500 30.863 1.600
vertex 71.500 30.863 2.500
vertex 70.500 30.863 2.500
endloop
endfacet
facet normal 0 0 0
outer loop
vertex 71.500 30.863 1.600
vertex 70.500 30.863 2.500
vertex 70.500 30.863 1.600
endloop
endfacet
facet normal 0 0 0
outer loop
vertex 70.500 30.863 1.600
vertex 70.500 30.863 2.500
vertex 70.500 30.238 2.500
endloop
endfacet
facet normal 0 0 0
outer loop
vertex 70.500 30.863 1.600
vertex 70.500 30.238 2.500
vertex 70.500 30.238 1.600
endloop
endfacet
facet normal 0 0 0
outer loop
vertex 58.500 30.238 1.600
vertex 59.500 30.238 1.600
vertex 59.500 30.863 1.600
endloop
endfacet
facet normal 0 0 0
outer loop
vertex 58.500 30.238 1.600
vertex 59.500 30.863 1.600
vertex 58.500 30.863 1.600
endloop
endfacet
facet normal 0 0 0
outer loop
vertex 58.500 30.238 2.500
vertex 59.500 30.863 2.500
vertex 59.500 30.238 2.500
endloop
endfacet
facet normal 0 0 0
outer loop
vertex 58.500 30.238 2.500
vertex 59.500 30.238 2.500
vertex 58.500 30.238 2.500
endloop
endfacet
facet normal 0 0 0
outer loop
vertex 58.500 30.238 1.600
vertex 58.500 30.238 2.500
vertex 59.500 30.238 2.500
endloop
endfacet
facet normal 0 0 0
outer loop
vertex 58.500 30.238 1.600
vertex 59.500 30.238 2.500
vertex 59.500 30.238 1.600
endloop
endfacet
facet normal 0 0 0
outer loop
vertex 59.500 30.238 1.600
vertex 59.500 30.238 2.500
vertex 59.500 30.863 2.500
endloop
endfacet
facet normal 0 0 0
outer loop
vertex 59.500 30.238 1.600
vertex 59.500 30.863 2.500
vertex 59.500 30.863 1.600
endloop
endfacet
facet normal 0 0 0
outer loop
vertex 59.500 30.863 1.600
vertex 59.500 30.863 2.500
vertex 58.500 30.863 2.500
endloop
endfacet
facet normal 0 0 0
outer loop
vertex 59.500 30.863 1.600
vertex 58.500 30.863 2.500
vertex 58.500 30.863 1.600
endloop
endfacet
facet normal 0 0 0
outer loop
vertex 58.500 30.863 1.600
vertex 58.500 30.863 2.500
vertex 58.500 30.238 2.500
endloop
endfacet
facet normal 0 0 0
outer loop
vertex 58.500 30.863 1.600
vertex 58.500 30.238 2.500
vertex 58.500 30.238 1.600
endloop
endfacet
facet normal 0 0 0
outer loop
vertex 26.200 12.375 1.600
vertex 27.800 12.375 1.600
vertex 27.800 13.625 1.600
endloop
endfacet
facet normal 0 0 0
outer loop
vertex 26.200 12.375 1.600
vertex 27.800 13.625 1.600
vertex 26.200 13.625 1.600
endloop
endfacet
facet normal 0 0 0
outer loop
vertex 26.200 12.375 3.000
vertex 27.800 13.625 3.000
vertex 27.800 12.375 3.000
endloop
endfacet
facet normal 0 0 0
outer loop
vertex 26.200 12.375 3.000
vertex 27.800 12.375 3.000
vertex 26.200 12.375 3.000
endloop
endfacet
facet normal 0 0 0
outer loop
vertex 26.200 12.375 1.600
vertex 26.200 12.375 3.000
vertex 27.800 12.375 3.000
endloop
endfacet
facet normal 0 0 0
outer loop
vertex 26.200 12.375 1.600
vertex 27.800 12.375 3.000
vertex 27.800 12.375 1.600
endloop
endfacet
facet normal 0 0 0
outer loop
vertex 27.800 12.375 1.600
vertex 27.800 12.375 3.000
vertex 27.800 13.625 3.000
endloop
endfacet
facet normal 0 0 0
outer loop
vertex 27.800 12.375 1.600
vertex 27.800 13.625 3.000
vertex 27.800 13.625 1.600
endloop
endfacet
facet normal 0 0 0
outer loop
vertex 27.800 13.625 1.600
vertex 27.800 13.625 3.000
vertex 26.200 13.625 3.000
endloop
endfacet
facet normal 0 0 0
outer loop
vertex 27.800 13.625 1.600
vertex 26.200 13.625 3.000
vertex 26.200 13.625 1.600
endloop
endfacet
facet normal 0 0 0
outer loop
vertex 26.200 13.625 1.600
vertex 26.200 13.625 3.000
vertex 26.200 12.375 3.000
endloop
endfacet
facet normal 0 0 0
outer loop
vertex 26.200 13.625 1.600
vertex 26.200 12.375 3.000
vertex 26.200 12.375 1.600
endloop
endfacet
facet normal 0 0 0
outer loop
vertex 88.690 12.750 1.600
vertex 97.310 12.750 1.600
vertex 97.310 14.350 1.600
endloop
endfacet
facet normal 0 0 0
outer loop
vertex 88.690 12.750 1.600
vertex 97.310 14.350 1.600
vertex 88.690 14.350 1.600
endloop
endfacet
facet normal 0 0 0
outer loop
vertex 88.690 12.750 4.100
vertex 97.310 14.350 4.100
vertex 97.310 12.750 4.100
endloop
endfacet
facet normal 0 0 0
outer loop
vertex 88.690 12.750 4.100
vertex 97.310 12.750 4.100
vertex 88.690 12.750 4.100
endloop
endfacet
facet normal 0 0 0
outer loop
vertex 88.690 12.750 1.600
vertex 88.690 12.750 4.100
vertex 97.310 12.750 4.100
endloop
endfacet
facet normal 0 0 0
outer loop
vertex 88.690 12.750 1.600
vertex 97.310 12.750 4.100
vertex 97.310 12.750 1.600
endloop
endfacet
facet normal 0 0 0
outer loop
vertex 97.310 12.750 1.600
vertex 97.310 12.750 4.100
vertex 97.310 14.350 4.100
endloop
endfacet
facet normal 0 0 0
outer loop
vertex 97.310 12.750 1.600
vertex 97.310 14.350 4.100
vertex 97.310 14.350 1.600
endloop
endfacet
facet normal 0 0 0
outer loop
vertex 97.310 14.350 1.600
vertex 97.310 14.350 4.100
vertex 88.690 14.350 4.100
endloop
endfacet
facet normal 0 0 0
outer loop
vertex 97.310 14.350 1.600
vertex 88.690 14.350 4.100
vertex 88.690 14.350 1.600
endloop
endfacet
facet normal 0 0 0
outer loop
vertex 88.690 14.350 1.600
vertex 88.690 14.350 4.100
vertex 88.690 12.750 4.100
endloop
endfacet
facet normal 0 0 0
outer loop
vertex 88.690 14.350 1.600
vertex 88.690 12.750 4.100
vertex 88.690 12.750 1.600
endloop
endfacet
facet normal 0 0 0
outer loop
vertex 92.680 13.230 4.100
vertex 93.320 13.230 4.100
vertex 93.320 13.870 4.100
endloop
endfacet
facet normal 0 0 0
outer loop
vertex 92.680 13.230 4.100
vertex 93.320 13.870 4.100
vertex 92.680 13.870 4.100
endloop
endfacet
facet normal 0 0 0
outer loop
vertex 92.680 13.230 12.600
vertex 93.320 13.870 12.600
vertex 93.320 13.230 12.600
endloop
endfacet
facet normal 0 0 0
outer loop
vertex 92.680 13.230 12.600
vertex 93.320 13.230 12.600
vertex 92.680 13.230 12.600
endloop
endfacet
facet normal 0 0 0
outer loop
vertex 92.680 13.230 4.100
vertex 92.680 13.230 12.600
vertex 93.320 13.230 12.600
endloop
endfacet
facet normal 0 0 0
outer loop
vertex 92.680 13.230 4.100
vertex 93.320 13.230 12.600
vertex 93.320 13.230 4.100
endloop
endfacet
facet normal 0 0 0
outer loop
vertex 93.320 13.230 4.100
vertex 93.320 13.230 12.600
vertex 93.320 13.870 12.600
endloop
endfacet
facet normal 0 0 0
outer loop
vertex 93.320 13.230 4.100
vertex 93.320 13.870 12.600
vertex 93.320 13.870 4.100
endloop
endfacet
facet normal 0 0 0
outer loop
vertex 93.320 13.870 4.100
vertex 93.320 13.870 12.600
vertex 92.680 13.870 12.600
endloop
endfacet
facet normal 0 0 0
outer loop
vertex 93.320 13.870 4.100
vertex 92.680 13.870 12.600
vertex 92.680 13.870 4.100
endloop
endfacet
facet normal 0 0 0
outer loop
vertex 92.680 13.870 4.100
vertex 92.680 13.870 12.600
vertex 92.680 13.230 12.600
endloop
endfacet
facet normal 0 0 0
outer loop
vertex 92.680 13.870 4.100
vertex 92.680 13.230 12.600
vertex 92.680 13.230 4.100
endloop
endfacet
facet normal 0 0 0
outer loop
vertex 95.220 13.230 4.100
vertex 95.860 13.230 4.100
vertex 95.860 13.870 4.100
endloop
endfacet
facet normal 0 0 0
outer loop
vertex 95.220 13.230 4.100
vertex 95.860 13.870 4.100
vertex 95.220 13.870 4.100
endloop
endfacet
facet normal 0 0 0
outer loop
vertex 95.220 13.230 12.600
vertex 95.860 13.870 12.600
vertex 95.860 13.230 12.600
endloop
endfacet
facet normal 0 0 0
outer loop
vertex 95.220 13.230 12.600
vertex 95.860 13.230 12.600
vertex 95.220 13.230 12.600
endloop
endfacet
facet normal 0 0 0
outer loop
vertex 95.220 13.230 4.100
vertex 95.220 13.230 12.600
vertex 95.860 13.230 12.600
endloop
endfacet
facet normal 0 0 0
outer loop
vertex 95.220 13.230 4.100
vertex 95.860 13.230 12.600
vertex 95.860 13.230 4.100
endloop
endfacet
facet normal 0 0 0
outer loop
vertex 95.860 13.230 4.100
vertex 95.860 13.230 12.600
vertex 95.860 13.870 12.600
endloop
endfacet
facet normal 0 0 0
outer loop
vertex 95.860 13.230 4.100
vertex 95.860 13.870 12.600
vertex 95.860 13.870 4.100
endloop
endfacet
facet normal 0 0 0
outer loop
vertex 95.860 13.870 4.100
vertex 95.860 13.870 12.600
vertex 95.220 13.870 12.600
endloop
endfacet
facet normal 0 0 0
outer loop
vertex 95.860 13.870 4.100
vertex 95.220 13.870 12.600
vertex 95.220 13.870 4.100
endloop
endfacet
facet normal 0 0 0
outer loop
vertex 95.220 13.870 4.100
vertex 95.220 13.870 12.600
vertex 95.220 13.230 12.600
endloop
endfacet
facet normal 0 0 0
outer loop
vertex 95.220 13.870 4.100
vertex 95.220 13.230 12.600
vertex 95.220 13.230 4.100
endloop
endfacet
facet normal 0 0 0
outer loop
vertex 97.760 13.230 4.100
vertex 98.400 13.230 4.100
vertex 98.400 13.870 4.100
endloop
endfacet
facet normal 0 0 0
outer loop
vertex 97.760 13.230 4.100
vertex 98.400 13.870 4.100
vertex 97.760 13.870 4.100
endloop
endfacet
facet normal 0 0 0
outer loop
vertex 97.760 13.230 12.600
vertex 98.400 13.870 12.600
vertex 98.400 13.230 12.600
endloop
endfacet
facet normal 0 0 0
outer loop
vertex 97.760 13.230 12.600
vertex 98.400 13.230 12.600
vertex 97.760 13.230 12.600
endloop
endfacet
facet normal 0 0 0
outer loop
vertex 97.760 13.230 4.100
vertex 97.760 13.230 12.600
vertex 98.400 13.230 12.600
endloop
endfacet
facet normal 0 0 0
outer loop
vertex 97.760 13.230 4.100
vertex 98.400 13.230 12.600
vertex 98.400 13.230 4.100
endloop
endfacet
facet normal 0 0 0
outer loop
vertex 98.400 13.230 4.100
vertex 98.400 13.230 12.600
vertex 98.400 13.870 12.600
endloop
endfacet
facet normal 0 0 0
outer loop
vertex 98.400 13.230 4.100
vertex 98.400 13.870 12.600
vertex 98.400 13.870 4.100
endloop
endfacet
facet normal 0 0 0
outer loop
vertex 98.400 13.870 4.100
vertex 98.400 13.870 12.600
vertex 97.760 13.870 12.600
endloop
endfacet
facet normal 0 0 0
outer loop
vertex 98.400 13.870 4.100
vertex 97.760 13.870 12.600
vertex 97.760 13.870 4.100
endloop
endfacet
facet normal 0 0 0
outer loop
vertex 97.760 13.870 4.100
vertex 97.760 13.870 12.600
vertex 97.760 13.230 12.600
endloop
endfacet
facet normal 0 0 0
outer loop
vertex 97.760 13.870 4.100
vertex 97.760 13.230 12.600
vertex 97.760 13.230 4.100
endloop
endfacet
facet normal 0 0 0
outer loop
vertex 100.300 13.230 4.100
vertex 100.940 13.230 4.100
vertex 100.940 13.870 4.100
endloop
endfacet
facet normal 0 0 0
outer loop
vertex 100.300 13.230 4.100
vertex 100.940 13.870 4.100
vertex 100.300 13.870 4.100
endloop
endfacet
facet normal 0 0 0
outer loop
vertex 100.300 13.230 12.600
vertex 100.940 13.870 12.600
vertex 100.940 13.230 12.600
endloop
endfacet
facet normal 0 0 0
outer loop
vertex 100.300 13.230 12.600
vertex 100.940 13.230 12.600
vertex 100.300 13.230 12.600
endloop
endfacet
facet normal 0 0 0
outer loop
vertex 100.300 13.230 4.100
vertex 100.300 13.230 12.600
vertex 100.940 13.230 12.600
endloop
endfacet
facet normal 0 0 0
outer loop
vertex 100.300 13.230 4.100
vertex 100.940 13.230 12.600
vertex 100.940 13.230 4.100
endloop
endfacet
facet normal 0 0 0
outer loop
vertex 100.940 13.230 4.100
vertex 100.940 13.230 12.600
vertex 100.940 13.870 12.600
endloop
endfacet
facet normal 0 0 0
outer loop
vertex 100.940 13.230 4.100
vertex 100.940 13.870 12.600
vertex 100.940 13.870 4.100
endloop
endfacet
facet normal 0 0 0
outer loop
vertex 100.940 13.870 4.100
vertex 100.940 13.870 12.600
vertex 100.300 13.870 12.600
endloop
endfacet
facet normal 0 0 0
outer loop
vertex 100.940 13.870 4.100
vertex 100.300 13.870 12.600
vertex 100.300 13.870 4.100
endloop
endfacet
facet normal 0 0 0
outer loop
vertex 100.300 13.870 4.100
vertex 100.300 13.870 12.600
vertex 100.300 13.230 12.600
endloop
endfacet
facet normal 0 0 0
outer loop
vertex 100.300 13.870 4.100
vertex 100.300 13.230 12.600
vertex 100.300 13.230 4.100
endloop
endfacet
facet normal 0 0 0
outer loop
vertex 116.690 12.750 1.600
vertex 125.310 12.750 1.600
vertex 125.310 14.350 1.600
endloop
endfacet
facet normal 0 0 0
outer loop
vertex 116.690 12.750 1.600
vertex 125.310 14.350 1.600
vertex 116.690 14.350 1.600
endloop
endfacet
facet normal 0 0 0
outer loop
vertex 116.690 12.750 4.100
vertex 125.310 14.350 4.100
vertex 125.310 12.750 4.100
endloop
endfacet
facet normal 0 0 0
outer loop
vertex 116.690 12.750 4.100
vertex 125.310 12.750 4.100
vertex 116.690 12.750 4.100
endloop
endfacet
facet normal 0 0 0
outer loop
vertex 116.690 12.750 1.600
vertex 116.690 12.750 4.100
vertex 125.310 12.750 4.100
endloop
endfacet
facet normal 0 0 0
outer loop
vertex 116.690 12.750 1.600
vertex 125.310 12.750 4.100
vertex 125.310 12.750 1.600
endloop
endfacet
facet normal 0 0 0
outer loop
vertex 125.310 12.750 1.600
vertex 125.310 12.750 4.100
vertex 125.310 14.350 4.100
endloop
endfacet
facet normal 0 0 0
outer loop
vertex 125.310 12.750 1.600
vertex 125.310 14.350 4.100
vertex 125.310 14.350 1.600
endloop
endfacet
facet normal 0 0 0
outer loop
vertex 125.310 14.350 1.600
vertex 125.310 14.350 4.100
vertex 116.690 14.350 4.100
endloop
endfacet
facet normal 0 0 0
outer loop
vertex 125.310 14.350 1.600
vertex 116.690 14.350 4.100
vertex 116.690 14.350 1.600
endloop
endfacet
facet normal 0 0 0
outer loop
vertex 116.690 14.350 1.600
vertex 116.690 14.350 4.100
vertex 116.690 12.750 4.100
endloop
endfacet
facet normal 0 0 0
outer loop
vertex 116.690 14.350 1.600
vertex 116.690 12.750 4.100
vertex 116.690 12.750 1.600
endloop
endfacet
facet normal 0 0 0
outer loop
vertex 120.680 13.230 4.100
vertex 121.320 13.230 4.100
vertex 121.320 13.870 4.100
endloop
endfacet
facet normal 0 0 0
outer loop
vertex 120.680 13.230 4.100
vertex 121.320 13.870 4.100
vertex 120.680 13.870 4.100
endloop
endfacet
facet normal 0 0 0
outer loop
vertex 120.680 13.230 12.600
vertex 121.320 13.870 12.600
vertex 121.320 13.230 12.600
endloop
endfacet
facet normal 0 0 0
outer loop
vertex 120.680 13.230 12.600
vertex 121.320 13.230 12.600
vertex 120.680 13.230 12.600
endloop
endfacet
facet normal 0 0 0
outer loop
vertex 120.680 13.230 4.100
vertex 120.680 13.230 12.600
vertex 121.320 13.230 12.600
endloop
endfacet
facet normal 0 0 0
outer loop
vertex 120.680 13.230 4.100
vertex 121.320 13.230 12.600
vertex 121.320 13.230 4.100
endloop
endfacet
facet normal 0 0 0
outer loop
vertex 121.320 13.230 4.100
vertex 121.320 13.230 12.600
vertex 121.320 13.870 12.600
endloop
endfacet
facet normal 0 0 0
outer loop
vertex 121.320 13.230 4.100
vertex 121.320 13.870 12.600
vertex 121.320 13.870 4.100
endloop
endfacet
facet normal 0 0 0
outer loop
vertex 121.320 13.870 4.100
vertex 121.320 13.870 12.600
vertex 120.680 13.870 12.600
endloop
endfacet
facet normal 0 0 0
outer loop
vertex 121.320 13.870 4.100
vertex 120.680 13.870 12.600
vertex 120.680 13.870 4.100
endloop
endfacet
facet normal 0 0 0
outer loop
vertex 120.680 13.870 4.100
vertex 120.680 13.870 12.600
vertex 120.680 13.230 12.600
endloop
endfacet
facet normal 0 0 0
outer loop
vertex 120.680 13.870 4.100
vertex 120.680 13.230 12.600
vertex 120.680 13.230 4.100
endloop
endfacet
facet normal 0 0 0
outer loop
vertex 123.220 13.230 4.100
vertex 123.860 13.230 4.100
vertex 123.860 13.870 4.100
endloop
endfacet
facet normal 0 0 0
outer loop
vertex 123.220 13.230 4.100
vertex 123.860 13.870 4.100
vertex 123.220 13.870 4.100
endloop
endfacet
facet normal 0 0 0
outer loop
vertex 123.220 13.230 12.600
vertex 123.860 13.870 12.600
vertex 123.860 13.230 12.600
endloop
endfacet
facet normal 0 0 0
outer loop
vertex 123.220 13.230 12.600
vertex 123.860 13.230 12.600
vertex 123.220 13.230 12.600
endloop
endfacet
facet normal 0 0 0
outer loop
vertex 123.220 13.230 4.100
vertex 123.220 13.230 12.600
vertex 123.860 13.230 12.600
endloop
endfacet
facet normal 0 0 0
outer loop
vertex 123.220 13.230 4.100
vertex 123.860 13.230 12.600
vertex 123.860 13.230 4.100
endloop
endfacet
facet normal 0 0 0
outer loop
vertex 123.860 13.230 4.100
vertex 123.860 13.230 12.600
vertex 123.860 13.870 12.600
endloop
endfacet
facet normal 0 0 0
outer loop
vertex 123.860 13.230 4.100
vertex 123.860 13.870 12.600
vertex 123.860 13.870 4.100
endloop
endfacet
facet normal 0 0 0
outer loop
vertex 123.860 13.870 4.100
vertex 123.860 13.870 12.600
vertex 123.220 13.870 12.600
endloop
endfacet
facet normal 0 0 0
outer loop
vertex 123.860 13.870 4.100
vertex 123.220 13.870 12.600
vertex 123.220 13.870 4.100
endloop
endfacet
facet normal 0 0 0
outer loop
vertex 123.220 13.870 4.100
vertex 123.220 13.870 12.600
vertex 123.220 13.230 12.600
endloop
endfacet
facet normal 0 0 0
outer loop
vertex 123.220 13.870 4.100
vertex 123.220 13.230 12.600
vertex 123.220 13.230 4.100
endloop
endfacet
facet normal 0 0 0
outer loop
vertex 125.760 13.230 4.100
vertex 126.400 13.230 4.100
vertex 126.400 13.870 4.100
endloop
endfacet
facet normal 0 0 0
outer loop
vertex 125.760 13.230 4.100
vertex 126.400 13.870 4.100
vertex 125.760 13.870 4.100
endloop
endfacet
facet normal 0 0 0
outer loop
vertex 125.760 13.230 12.600
vertex 126.400 13.870 12.600
vertex 126.400 13.230 12.600
endloop
endfacet
facet normal 0 0 0
outer loop
vertex 125.760 13.230 12.600
vertex 126.400 13.230 12.600
vertex 125.760 13.230 12.600
endloop
endfacet
facet normal 0 0 0
outer loop
vertex 125.760 13.230 4.100
vertex 125.760 13.230 12.600
vertex 126.400 13.230 12.600
endloop
endfacet
facet normal 0 0 0
outer loop
vertex 125.760 13.230 4.100
vertex 126.400 13.230 12.600
vertex 126.400 13.230 4.100
endloop
endfacet
facet normal 0 0 0
outer loop
vertex 126.400 13.230 4.100
vertex 126.400 13.230 12.600
vertex 126.400 13.870 12.600
endloop
endfacet
facet normal 0 0 0
outer loop
vertex 126.400 13.230 4.100
vertex 126.400 13.870 12.600
vertex 126.400 13.870 4.100
endloop
endfacet
facet normal 0 0 0
outer loop
vertex 126.400 13.870 4.100
vertex 126.400 13.870 12.600
vertex 125.760 13.870 12.600
endloop
endfacet
facet normal 0 0 0
outer loop
vertex 126.400 13.870 4.100
vertex 125.760 13.870 12.600
vertex 125.760 13.870 4.100
endloop
endfacet
facet normal 0 0 0
outer loop
vertex 125.760 13.870 4.100
vertex 125.760 13.870 12.600
vertex 125.760 13.230 12.600
endloop
endfacet
facet normal 0 0 0
outer loop
vertex 125.760 13.870 4.100
vertex 125.760 13.230 12.600
vertex 125.760 13.230 4.100
endloop
endfacet
facet normal 0 0 0
outer loop
vertex 128.300 13.230 4.100
vertex 128.940 13.230 4.100
vertex 128.940 13.870 4.100
endloop
endfacet
facet normal 0 0 0
outer loop
vertex 128.300 13.230 4.100
vertex 128.940 13.870 4.100
vertex 128.300 13.870 4.100
endloop
endfacet
facet normal 0 0 0
outer loop
vertex 128.300 13.230 12.600
vertex 128.940 13.870 12.600
vertex 128.940 13.230 12.600
endloop
endfacet
facet normal 0 0 0
outer loop
vertex 128.300 13.230 12.600
vertex 128.940 13.230 12.600
vertex 128.300 13.230 12.600
endloop
endfacet
facet normal 0 0 0
outer loop
vertex 128.300 13.230 4.100
vertex 128.300 13.230 12.600
vertex 128.940 13.230 12.600
endloop
endfacet
facet normal 0 0 0
outer loop
vertex 128.300 13.230 4.100
vertex 128.940 13.230 12.600
vertex 128.940 13.230 4.100
endloop
endfacet
facet normal 0 0 0
outer loop
vertex 128.940 13.230 4.100
vertex 128.940 13.230 12.600
vertex 128.940 13.870 12.600
endloop
endfacet
facet normal 0 0 0
outer loop
vertex 128.940 13.230 4.100
vertex 128.940 13.870 12.600
vertex 128.940 13.870 4.100
endloop
endfacet
facet normal 0 0 0
outer loop
vertex 128.940 13.870 4.100
vertex 128.940 13.870 12.600
vertex 128.300 13.870 12.600
endloop
endfacet
facet normal 0 0 0
outer loop
vertex 128.940 13.870 4.100
vertex 128.300 13.870 12.600
vertex 128.300 13.870 4.100
endloop
endfacet
facet normal 0 0 0
outer loop
vertex 128.300 13.870 4.100
vertex 128.300 13.870 12.600
vertex 128.300 13.230 12.600
endloop
endfacet
facet normal 0 0 0
outer loop
vertex 128.300 13.870 4.100
vertex 128.300 13.230 12.600
vertex 128.300 13.230 4.100
endloop
endfacet
facet normal 0 0 0
outer loop
vertex 60.690 12.750 1.600
vertex 69.310 12.750 1.600
vertex 69.310 14.350 1.600
endloop
endfacet
facet normal 0 0 0
outer loop
vertex 60.690 12.750 1.600
vertex 69.310 14.350 1.600
vertex 60.690 14.350 1.600
endloop
endfacet
facet normal 0 0 0
outer loop
vertex 60.690 12.750 4.100
vertex 69.310 14.350 4.100
vertex 69.310 12.750 4.100
endloop
endfacet
facet normal 0 0 0
outer loop
vertex 60.690 12.750 4.100
vertex 69.310 12.750 4.100
vertex 60.690 12.750 4.100
endloop
endfacet
facet normal 0 0 0
outer loop
vertex 60.690 12.750 1.600
vertex 60.690 12.750 4.100
vertex 69.310 12.750 4.100
endloop
endfacet
facet normal 0 0 0
outer loop
vertex 60.690 12.750 1.600
vertex 69.310 12.750 4.100
vertex 69.310 12.750 1.600
endloop
endfacet
facet normal 0 0 0
outer loop
vertex 69.310 12.750 1.600
vertex 69.310 12.750 4.100
vertex 69.310 14.350 4.100
endloop
endfacet
facet normal 0 0 0
outer loop
vertex 69.310 12.750 1.600
vertex 69.310 14.350 4.100
vertex 69.310 14.350 1.600
endloop
endfacet
facet normal 0 0 0
outer loop
vertex 69.310 14.350 1.600
vertex 69.310 14.350 4.100
vertex 60.690 14.350 4.100
endloop
endfacet
facet normal 0 0 0
outer loop
vertex 69.310 14.350 1.600
vertex 60.690 14.350 4.100
vertex 60.690 14.350 1.600
endloop
endfacet
facet normal 0 0 0
outer loop
vertex 60.690 14.350 1.600
vertex 60.690 14.350 4.100
vertex 60.690 12.750 4.100
endloop
endfacet
facet normal 0 0 0
outer loop
vertex 60.690 14.350 1.600
vertex 60.690 12.750 4.100
vertex 60.690 12.750 1.600
endloop
endfacet
facet normal 0 0 0
outer loop
vertex 64.680 13.230 4.100
vertex 65.320 13.230 4.100
vertex 65.320 13.870 4.100
endloop
endfacet
facet normal 0 0 0
outer loop
vertex 64.680 13.230 4.100
vertex 65.320 13.870 4.100
vertex 64.680 13.870 4.100
endloop
endfacet
facet normal 0 0 0
outer loop
vertex 64.680 13.230 12.600
vertex 65.320 13.870 12.600
vertex 65.320 13.230 12.600
endloop
endfacet
facet normal 0 0 0
outer loop
vertex 64.680 13.230 12.600
vertex 65.320 13.230 12.600
vertex 64.680 13.230 12.600
endloop
endfacet
facet normal 0 0 0
outer loop
vertex 64.680 13.230 4.100
vertex 64.680 13.230 12.600
vertex 65.320 13.230 12.600
endloop
endfacet
facet normal 0 0 0
outer loop
vertex 64.680 13.230 4.100
vertex 65.320 13.230 12.600
vertex 65.320 13.230 4.100
endloop
endfacet
facet normal 0 0 0
outer loop
vertex 65.320 13.230 4.100
vertex 65.320 13.230 12.600
vertex 65.320 13.870 12.600
endloop
endfacet
facet normal 0 0 0
outer loop
vertex 65.320 13.230 4.100
vertex 65.320 13.870 12.600
vertex 65.320 13.870 4.100
endloop
endfacet
facet normal 0 0 0
outer loop
vertex 65.320 13.870 4.100
vertex 65.320 13.870 12.600
vertex 64.680 13.870 12.600
endloop
endfacet
facet normal 0 0 0
outer loop
vertex 65.320 13.870 4.100
vertex 64.680 13.870 12.600
vertex 64.680 13.870 4.100
endloop
endfacet
facet normal 0 0 0
outer loop
vertex 64.680 13.870 4.100
vertex 64.680 13.870 12.600
vertex 64.680 13.230 12.600
endloop
endfacet
facet normal 0 0 0
outer loop
vertex 64.680 13.870 4.100
vertex 64.680 13.230 12.600
vertex 64.680 13.230 4.100
endloop
endfacet
facet normal 0 0 0
outer loop
vertex 67.220 13.230 4.100
vertex 67.860 13.230 4.100
vertex 67.860 13.870 4.100
endloop
endfacet
facet normal 0 0 0
outer loop
vertex 67.220 13.230 4.100
vertex 67.860 13.870 4.100
vertex 67.220 13.870 4.100
endloop
endfacet
facet normal 0 0 0
outer loop
vertex 67.220 13.230 12.600
vertex 67.860 13.870 12.600
vertex 67.860 13.230 12.600
endloop
endfacet
facet normal 0 0 0
outer loop
vertex 67.220 13.230 12.600
vertex 67.860 13.230 12.600
vertex 67.220 13.230 12.600
endloop
endfacet
facet normal 0 0 0
outer loop
vertex 67.220 13.230 4.100
vertex 67.220 13.230 12.600
vertex 67.860 13.230 12.600
endloop
endfacet
facet normal 0 0 0
outer loop
vertex 67.220 13.230 4.100
vertex 67.860 13.230 12.600
vertex 67.860 13.230 4.100
endloop
endfacet
facet normal 0 0 0
outer loop
vertex 67.860 13.230 4.100
vertex 67.860 13.230 12.600
vertex 67.860 13.870 12.600
endloop
endfacet
facet normal 0 0 0
outer loop
vertex 67.860 13.230 4.100
vertex 67.860 13.870 12.600
vertex 67.860 13.870 4.100
endloop
endfacet
facet normal 0 0 0
outer loop
vertex 67.860 13.870 4.100
vertex 67.860 13.870 12.600
vertex 67.220 13.870 12.600
endloop
endfacet
facet normal 0 0 0
outer loop
vertex 67.860 13.870 4.100
vertex 67.220 13.870 12.600
vertex 67.220 13.870 4.100
endloop
endfacet
facet normal 0 0 0
outer loop
vertex 67.220 13.870 4.100
vertex 67.220 13.870 12.600
vertex 67.220 13.230 12.600
endloop
endfacet
facet normal 0 0 0
outer loop
vertex 67.220 13.870 4.100
vertex 67.220 13.230 12.600
vertex 67.220 13.230 4.100
endloop
endfacet
facet normal 0 0 0
outer loop
vertex 69.760 13.230 4.100
vertex 70.400 13.230 4.100
vertex 70.400 13.870 4.100
endloop
endfacet
facet normal 0 0 0
outer loop
vertex 69.760 13.230 4.100
vertex 70.400 13.870 4.100
vertex 69.760 13.870 4.100
endloop
endfacet
facet normal 0 0 0
outer loop
vertex 69.760 13.230 12.600
vertex 70.400 13.870 12.600
vertex 70.400 13.230 12.600
endloop
endfacet
facet normal 0 0 0
outer loop
vertex 69.760 13.230 12.600
vertex 70.400 13.230 12.600
vertex 69.760 13.230 12.600
endloop
endfacet
facet normal 0 0 0
outer loop
vertex 69.760 13.230 4.100
vertex 69.760 13.230 12.600
vertex 70.400 13.230 12.600
endloop
endfacet
facet normal 0 0 0
outer loop
vertex 69.760 13.230 4.100
vertex 70.400 13.230 12.600
vertex 70.400 13.230 4.100
endloop
endfacet
facet normal 0 0 0
outer loop
vertex 70.400 13.230 4.100
vertex 70.400 13.230 12.600
vertex 70.400 13.870 12.600
endloop
endfacet
facet normal 0 0 0
outer loop
vertex 70.400 13.230 4.100
vertex 70.400 13.870 12.600
vertex 70.400 13.870 4.100
endloop
endfacet
facet normal 0 0 0
outer loop
vertex 70.400 13.870 4.100
vertex 70.400 13.870 12.600
vertex 69.760 13.870 12.600
endloop
endfacet
facet normal 0 0 0
outer loop
vertex 70.400 13.870 4.100
vertex 69.760 13.870 12.600
vertex 69.760 13.870 4.100
endloop
endfacet
facet normal 0 0 0
outer loop
vertex 69.760 13.870 4.100
vertex 69.760 13.870 12.600
vertex 69.760 13.230 12.600
endloop
endfacet
facet normal 0 0 0
outer loop
vertex 69.760 13.870 4.100
vertex 69.760 13.230 12.600
vertex 69.760 13.230 4.100
endloop
endfacet
facet normal 0 0 0
outer loop
vertex 72.300 13.230 4.100
vertex 72.940 13.230 4.100
vertex 72.940 13.870 4.100
endloop
endfacet
facet normal 0 0 0
outer loop
vertex 72.300 13.230 4.100
vertex 72.940 13.870 4.100
vertex 72.300 13.870 4.100
endloop
endfacet
facet normal 0 0 0
outer loop
vertex 72.300 13.230 12.600
vertex 72.940 13.870 12.600
vertex 72.940 13.230 12.600
endloop
endfacet
facet normal 0 0 0
outer loop
vertex 72.300 13.230 12.600
vertex 72.940 13.230 12.600
vertex 72.300 13.230 12.600
endloop
endfacet
facet normal 0 0 0
outer loop
vertex 72.300 13.230 4.100
vertex 72.300 13.230 12.600
vertex 72.940 13.230 12.600
endloop
endfacet
facet normal 0 0 0
outer loop
vertex 72.300 13.230 4.100
vertex 72.940 13.230 12.600
vertex 72.940 13.230 4.100
endloop
endfacet
facet normal 0 0 0
outer loop
vertex 72.940 13.230 4.100
vertex 72.940 13.230 12.600
vertex 72.940 13.870 12.600
endloop
endfacet
facet normal 0 0 0
outer loop
vertex 72.940 13.230 4.100
vertex 72.940 13.870 12.600
vertex 72.940 13.870 4.100
endloop
endfacet
facet normal 0 0 0
outer loop
vertex 72.940 13.870 4.100
vertex 72.940 13.870 12.600
vertex 72.300 13.870 12.600
endloop
endfacet
facet normal 0 0 0
outer loop
vertex 72.940 13.870 4.100
vertex 72.300 13.870 12.600
vertex 72.300 13.870 4.100
endloop
endfacet
facet normal 0 0 0
outer loop
vertex 72.300 13.870 4.100
vertex 72.300 13.870 12.600
vertex 72.300 13.230 12.600
endloop
endfacet
facet normal 0 0 0
outer loop
vertex 72.300 13.870 4.100
vertex 72.300 13.230 12.600
vertex 72.300 13.230 4.100
endloop
endfacet
facet normal 0 0 0
outer loop
vertex 2.370 42.460 1.600
vertex 51.630 42.460 1.600
vertex 51.630 47.540 1.600
endloop
endfacet
facet normal 0 0 0
outer loop
vertex 2.370 42.460 1.600
vertex 51.630 47.540 1.600
vertex 2.370 47.540 1.600
endloop
endfacet
facet normal 0 0 0
outer loop
vertex 2.370 42.460 4.100
vertex 51.630 47.540 4.100
vertex 51.630 42.460 4.100
endloop
endfacet
facet normal 0 0 0
outer loop
vertex 2.370 42.460 4.100
vertex 51.630 42.460 4.100
vertex 2.370 42.460 4.100
endloop
endfacet
facet normal 0 0 0
outer loop
vertex 2.370 42.460 1.600
vertex 2.370 42.460 4.100
vertex 51.630 42.460 4.100
endloop
endfacet
facet normal 0 0 0
outer loop
vertex 2.370 42.460 1.600
vertex 51.630 42.460 4.100
vertex 51.630 42.460 1.600
endloop
endfacet
facet normal 0 0 0
outer loop
vertex 51.630 42.460 1.600
vertex 51.630 42.460 4.100
vertex 51.630 47.540 4.100
endloop
endfacet
facet normal 0 0 0
outer loop
vertex 51.630 42.460 1.600
vertex 51.630 47.540 4.100
vertex 51.630 47.540 1.600
endloop
endfacet
facet normal 0 0 0
outer loop
vertex 51.630 47.540 1.600
vertex 51.630 47.540 4.100
vertex 2.370 47.540 4.100
endloop
endfacet
facet normal 0 0 0
outer loop
vertex 51.630 47.540 1.600
vertex 2.370 47.540 4.100
vertex 2.370 47.540 1.600
endloop
endfacet
facet normal 0 0 0
outer loop
vertex 2.370 47.540 1.600
vertex 2.370 47.540 4.100
vertex 2.370 42.460 4.100
endloop
endfacet
facet normal 0 0 0
outer loop
vertex 2.370 47.540 1.600
vertex 2.370 42.460 4.100
vertex 2.370 42.460 1.600
endloop
endfacet
facet normal 0 0 0
outer loop
vertex 86.200 20.150 1.600
vertex 87.800 20.150 1.600
vertex 87.800 20.950 1.600
endloop
endfacet
facet normal 0 0 0
outer loop
vertex 86.200 20.150 1.600
vertex 87.800 20.950 1.600
vertex 86.200 20.950 1.600
endloop
endfacet
facet normal 0 0 0
outer loop
vertex 86.200 20.150 2.150
vertex 87.800 20.950 2.150
vertex 87.800 20.150 2.150
endloop
endfacet
facet normal 0 0 0
outer loop
vertex 86.200 20.150 2.150
vertex 87.800 20.150 2.150
vertex 86.200 20.150 2.150
endloop
endfacet
facet normal 0 0 0
outer loop
vertex 86.200 20.150 1.600
vertex 86.200 20.150 2.150
vertex 87.800 20.150 2.150
endloop
endfacet
facet normal 0 0 0
outer loop
vertex 86.200 20.150 1.600
vertex 87.800 20.150 2.150
vertex 87.800 20.150 1.600
endloop
endfacet
facet normal 0 0 0
outer loop
vertex 87.800 20.150 1.600
vertex 87.800 20.150 2.150
vertex 87.800 20.950 2.150
endloop
endfacet
facet normal 0 0 0
outer loop
vertex 87.800 20.150 1.600
vertex 87.800 20.950 2.150
vertex 87.800 20.950 1.600
endloop
endfacet
facet normal 0 0 0
outer loop
vertex 87.800 20.950 1.600
vertex 87.800 20.950 2.150
vertex 86.200 20.950 2.150
endloop
endfacet
facet normal 0 0 0
outer loop
vertex 87.800 20.950 1.600
vertex 86.200 20.950 2.150
vertex 86.200 20.950 1.600
endloop
endfacet
facet normal 0 0 0
outer loop
vertex 86.200 20.950 1.600
vertex 86.200 20.950 2.150
vertex 86.200 20.150 2.150
endloop
endfacet
facet normal 0 0 0
outer loop
vertex 86.200 20.950 1.600
vertex 86.200 20.150 2.150
vertex 86.200 20.150 1.600
endloop
endfacet
facet normal 0 0 0
outer loop
vertex 98.200 20.150 1.600
vertex 99.800 20.150 1.600
vertex 99.800 20.950 1.600
endloop
endfacet
facet normal 0 0 0
outer loop
vertex 98.200 20.150 1.600
vertex 99.800 20.950 1.600
vertex 98.200 20.950 1.600
endloop
endfacet
facet normal 0 0 0
outer loop
vertex 98.200 20.150 2.150
vertex 99.800 20.950 2.150
vertex 99.800 20.150 2.150
endloop
endfacet
facet normal 0 0 0
outer loop
vertex 98.200 20.150 2.150
vertex 99.800 20.150 2.150
vertex 98.200 20.150 2.150
endloop
endfacet
facet normal 0 0 0
outer loop
vertex 98.200 20.150 1.600
vertex 98.200 20.150 2.150
vertex 99.800 20.150 2.150
endloop
endfacet
facet normal 0 0 0
outer loop
vertex 98.200 20.150 1.600
vertex 99.800 20.150 2.150
vertex 99.800 20.150 1.600
endloop
endfacet
facet normal 0 0 0
outer loop
vertex 99.800 20.150 1.600
vertex 99.800 20.150 2.150
vertex 99.800 20.950 2.150
endloop
endfacet
facet normal 0 0 0
outer loop
vertex 99.800 20.150 1.600
vertex 99.800 20.950 2.150
vertex 99.800 20.950 1.600
endloop
endfacet
facet normal 0 0 0
outer loop
vertex 99.800 20.950 1.600
vertex 99.800 20.950 2.150
vertex 98.200 20.950 2.150
endloop
endfacet
facet normal 0 0 0
outer loop
vertex 99.800 20.950 1.600
vertex 98.200 20.950 2.150
vertex 98.200 20.950 1.600
endloop
endfacet
facet normal 0 0 0
outer loop
vertex 98.200 20.950 1.600
vertex 98.200 20.950 2.150
vertex 98.200 20.150 2.150
endloop
endfacet
facet normal 0 0 0
outer loop
vertex 98.200 20.950 1.600
vertex 98.200 20.150 2.150
vertex 98.200 20.150 1.600
endloop
endfacet
facet normal 0 0 0
outer loop
vertex 114.200 20.150 1.600
vertex 115.800 20.150 1.600
vertex 115.800 20.950 1.600
endloop
endfacet
facet normal 0 0 0
outer loop
vertex 114.200 20.150 1.600
vertex 115.800 20.950 1.600
vertex 114.200 20.950 1.600
endloop
endfacet
facet normal 0 0 0
outer loop
vertex 114.200 20.150 2.150
vertex 115.800 20.950 2.150
vertex 115.800 20.150 2.150
endloop
endfacet
facet normal 0 0 0
outer loop
vertex 114.200 20.150 2.150
vertex 115.800 20.150 2.150
vertex 114.200 20.150 2.150
endloop
endfacet
facet normal 0 0 0
outer loop
vertex 114.200 20.150 1.600
vertex 114.200 20.150 2.150
vertex 115.800 20.150 2.150
endloop
endfacet
facet normal 0 0 0
outer loop
vertex 114.200 20.150 1.600
vertex 115.800 20.150 2.150
vertex 115.800 20.150 1.600
endloop
endfacet
facet normal 0 0 0
outer loop
vertex 115.800 20.150 1.600
vertex 115.800 20.150 2.150
vertex 115.800 20.950 2.150
endloop
endfacet
facet normal 0 0 0
outer loop
vertex 115.800 20.150 1.600
vertex 115.800 20.950 2.150
vertex 115.800 20.950 1.600
endloop
endfacet
facet normal 0 0 0
outer loop
vertex 115.800 20.950 1.600
vertex 115.800 20.950 2.150
vertex 114.200 20.950 2.150
endloop
endfacet
facet normal 0 0 0
outer loop
vertex 115.800 20.950 1.600
vertex 114.200 20.950 2.150
vertex 114.200 20.950 1.600
endloop
endfacet
facet normal 0 0 0
outer loop
vertex 114.200 20.950 1.600
vertex 114.200 20.950 2.150
vertex 114.200 20.150 2.150
endloop
endfacet
facet normal 0 0 0
outer loop
vertex 114.200 20.950 1.600
vertex 114.200 20.150 2.150
vertex 114.200 20.150 1.600
endloop
endfacet
facet normal 0 0 0
outer loop
vertex 126.200 20.150 1.600
vertex 127.800 20.150 1.600
vertex 127.800 20.950 1.600
endloop
endfacet
facet normal 0 0 0
outer loop
vertex 126.200 20.150 1.600
vertex 127.800 20.950 1.600
vertex 126.200 20.950 1.600
endloop
endfacet
facet normal 0 0 0
outer loop
vertex 126.200 20.150 2.150
vertex 127.800 20.950 2.150
vertex 127.800 20.150 2.150
endloop
endfacet
facet normal 0 0 0
outer loop
vertex 126.200 20.150 2.150
vertex 127.800 20.150 2.150
vertex 126.200 20.150 2.150
endloop
endfacet
facet normal 0 0 0
outer loop
vertex 126.200 20.150 1.600
vertex 126.200 20.150 2.150
vertex 127.800 20.150 2.150
endloop
endfacet
facet normal 0 0 0
outer loop
vertex 126.200 20.150 1.600
vertex 127.800 20.150 2.150
vertex 127.800 20.150 1.600
endloop
endfacet
facet normal 0 0 0
outer loop
vertex 127.800 20.150 1.600
vertex 127.800 20.150 2.150
vertex 127.800 20.950 2.150
endloop
endfacet
facet normal 0 0 0
outer loop
vertex 127.800 20.150 1.600
vertex 127.800 20.950 2.150
vertex 127.800 20.950 1.600
endloop
endfacet
facet normal 0 0 0
outer loop
vertex 127.800 20.950 1.600
vertex 127.800 20.950 2.150
vertex 126.200 20.950 2.150
endloop
endfacet
facet normal 0 0 0
outer loop
vertex 127.800 20.950 1.600
vertex 126.200 20.950 2.150
vertex 126.200 20.950 1.600
endloop
endfacet
facet normal 0 0 0
outer loop
vertex 126.200 20.950 1.600
vertex 126.200 20.950 2.150
vertex 126.200 20.150 2.150
endloop
endfacet
facet normal 0 0 0
outer loop
vertex 126.200 20.950 1.600
vertex 126.200 20.150 2.150
vertex 126.200 20.150 1.600
endloop
endfacet
facet normal 0 0 0
outer loop
vertex 58.200 20.150 1.600
vertex 59.800 20.150 1.600
vertex 59.800 20.950 1.600
endloop
endfacet
facet normal 0 0 0
outer loop
vertex 58.200 20.150 1.600
vertex 59.800 20.950 1.600
vertex 58.200 20.950 1.600
endloop
endfacet
facet normal 0 0 0
outer loop
vertex 58.200 20.150 2.150
vertex 59.800 20.950 2.150
vertex 59.800 20.150 2.150
endloop
endfacet
facet normal 0 0 0
outer loop
vertex 58.200 20.150 2.150
vertex 59.800 20.150 2.150
vertex 58.200 20.150 2.150
endloop
endfacet
facet normal 0 0 0
outer loop
vertex 58.200 20.150 1.600
vertex 58.200 20.150 2.150
vertex 59.800 20.150 2.150
endloop
endfacet
facet normal 0 0 0
outer loop
vertex 58.200 20.150 1.600
vertex 59.800 20.150 2.150
vertex 59.800 20.150 1.600
endloop
endfacet
facet normal 0 0 0
outer loop
vertex 59.800 20.150 1.600
vertex 59.800 20.150 2.150
vertex 59.800 20.950 2.150
endloop
endfacet
facet normal 0 0 0
outer loop
vertex 59.800 20.150 1.600
vertex 59.800 20.950 2.150
vertex 59.800 20.950 1.600
endloop
endfacet
facet normal 0 0 0
outer loop
vertex 59.800 20.950 1.600
vertex 59.800 20.950 2.150
vertex 58.200 20.950 2.150
endloop
endfacet
facet normal 0 0 0
outer loop
vertex 59.800 20.950 1.600
vertex 58.200 20.950 2.150
vertex 58.200 20.950 1.600
endloop
endfacet
facet normal 0 0 0
outer loop
vertex 58.200 20.950 1.600
vertex 58.200 20.950 2.150
vertex 58.200 20.150 2.150
endloop
endfacet
facet normal 0 0 0
outer loop
vertex 58.200 20.950 1.600
vertex 58.200 20.150 2.150
vertex 58.200 20.150 1.600
endloop
endfacet
facet normal 0 0 0
outer loop
vertex 70.200 20.150 1.600
vertex 71.800 20.150 1.600
vertex 71.800 20.950 1.600
endloop
endfacet
facet normal 0 0 0
outer loop
vertex 70.200 20.150 1.600
vertex 71.800 20.950 1.600
vertex 70.200 20.950 1.600
endloop
endfacet
facet normal 0 0 0
outer loop
vertex 70.200 20.150 2.150
vertex 71.800 20.950 2.150
vertex 71.800 20.150 2.150
endloop
endfacet
facet normal 0 0 0
outer loop
vertex 70.200 20.150 2.150
vertex 71.800 20.150 2.150
vertex 70.200 20.150 2.150
endloop
endfacet
facet normal 0 0 0
outer loop
vertex 70.200 20.150 1.600
vertex 70.200 20.150 2.150
vertex 71.800 20.150 2.150
endloop
endfacet
facet normal 0 0 0
outer loop
vertex 70.200 20.150 1.600
vertex 71.800 20.150 2.150
vertex 71.800 20.150 1.600
endloop
endfacet
facet normal 0 0 0
outer loop
vertex 71.800 20.150 1.600
vertex 71.800 20.150 2.150
vertex 71.800 20.950 2.150
endloop
endfacet
facet normal 0 0 0
outer loop
vertex 71.800 20.150 1.600
vertex 71.800 20.950 2.150
vertex 71.800 20.950 1.600
endloop
endfacet
facet normal 0 0 0
outer loop
vertex 71.800 20.950 1.600
vertex 71.800 20.950 2.150
vertex 70.200 20.950 2.150
endloop
endfacet
facet normal 0 0 0
outer loop
vertex 71.800 20.950 1.600
vertex 70.200 20.950 2.150
vertex 70.200 20.950 1.600
endloop
endfacet
facet normal 0 0 0
outer loop
vertex 70.200 20.950 1.600
vertex 70.200 20.950 2.150
vertex 70.200 20.150 2.150
endloop
endfacet
facet normal 0 0 0
outer loop
vertex 70.200 20.950 1.600
vertex 70.200 20.150 2.150
vertex 70.200 20.150 1.600
endloop
endfacet
facet normal 0 0 0
outer loop
vertex 91.300 23.850 1.600
vertex 94.700 23.850 1.600
vertex 94.700 27.250 1.600
endloop
endfacet
facet normal 0 0 0
outer loop
vertex 91.300 23.850 1.600
vertex 94.700 27.250 1.600
vertex 91.300 27.250 1.600
endloop
endfacet
facet normal 0 0 0
outer loop
vertex 91.300 23.850 2.450
vertex 94.700 27.250 2.450
vertex 94.700 23.850 2.450
endloop
endfacet
facet normal 0 0 0
outer loop
vertex 91.300 23.850 2.450
vertex 94.700 23.850 2.450
vertex 91.300 23.850 2.450
endloop
endfacet
facet normal 0 0 0
outer loop
vertex 91.300 23.850 1.600
vertex 91.300 23.850 2.450
vertex 94.700 23.850 2.450
endloop
endfacet
facet normal 0 0 0
outer loop
vertex 91.300 23.850 1.600
vertex 94.700 23.850 2.450
vertex 94.700 23.850 1.600
endloop
endfacet
facet normal 0 0 0
outer loop
vertex 94.700 23.850 1.600
vertex 94.700 23.850 2.450
vertex 94.700 27.250 2.450
endloop
endfacet
facet normal 0 0 0
outer loop
vertex 94.700 23.850 1.600
vertex 94.700 27.250 2.450
vertex 94.700 27.250 1.600
endloop
endfacet
facet normal 0 0 0
outer loop
vertex 94.700 27.250 1.600
vertex 94.700 27.250 2.450
vertex 91.300 27.250 2.450
endloop
endfacet
facet normal 0 0 0
outer loop
vertex 94.700 27.250 1.600
vertex 91.300 27.250 2.450
vertex 91.300 27.250 1.600
endloop
endfacet
facet normal 0 0 0
outer loop
vertex 91.300 27.250 1.600
vertex 91.300 27.250 2.450
vertex 91.300 23.850 2.450
endloop
endfacet
facet normal 0 0 0
outer loop
vertex 91.300 27.250 1.600
vertex 91.300 23.850 2.450
vertex 91.300 23.850 1.600
endloop
endfacet
facet normal 0 0 0
outer loop
vertex 119.300 23.850 1.600
vertex 122.700 23.850 1.600
vertex 122.700 27.250 1.600
endloop
endfacet
facet normal 0 0 0
outer loop
vertex 119.300 23.850 1.600
vertex 122.700 27.250 1.600
vertex 119.300 27.250 1.600
endloop
endfacet
facet normal 0 0 0
outer loop
vertex 119.300 23.850 2.450
vertex 122.700 27.250 2.450
vertex 122.700 23.850 2.450
endloop
endfacet
facet normal 0 0 0
outer loop
vertex 119.300 23.850 2.450
vertex 122.700 23.850 2.450
vertex 119.300 23.850 2.450
endloop
endfacet
facet normal 0 0 0
outer loop
vertex 119.300 23.850 1.600
vertex 119.300 23.850 2.450
vertex 122.700 23.850 2.450
endloop
endfacet
facet normal 0 0 0
outer loop
vertex 119.300 23.850 1.600
vertex 122.700 23.850 2.450
vertex 122.700 23.850 1.600
endloop
endfacet
facet normal 0 0 0
outer loop
vertex 122.700 23.850 1.600
vertex 122.700 23.850 2.450
vertex 122.700 27.250 2.450
endloop
endfacet
facet normal 0 0 0
outer loop
vertex 122.700 23.850 1.600
vertex 122.700 27.250 2.450
vertex 122.700 27.250 1.600
endloop
endfacet
facet normal 0 0 0
outer loop
vertex 122.700 27.250 1.600
vertex 122.700 27.250 2.450
vertex 119.300 27.250 2.450
endloop
endfacet
facet normal 0 0 0
outer loop
vertex 122.700 27.250 1.600
vertex 119.300 27.250 2.450
vertex 119.300 27.250 1.600
endloop
endfacet
facet normal 0 0 0
outer loop
vertex 119.300 27.250 1.600
vertex 119.300 27.250 2.450
vertex 119.300 23.850 2.450
endloop
endfacet
facet normal 0 0 0
outer loop
vertex 119.300 27.250 1.600
vertex 119.300 23.850 2.450
vertex 119.300 23.850 1.600
endloop
endfacet
facet normal 0 0 0
outer loop
vertex 63.300 23.850 1.600
vertex 66.700 23.850 1.600
vertex 66.700 27.250 1.600
endloop
endfacet
facet normal 0 0 0
outer loop
vertex 63.300 23.850 1.600
vertex 66.700 27.250 1.600
vertex 63.300 27.250 1.600
endloop
endfacet
facet normal 0 0 0
outer loop
vertex 63.300 23.850 2.450
vertex 66.700 27.250 2.450
vertex 66.700 23.850 2.450
endloop
endfacet
facet normal 0 0 0
outer loop
vertex 63.300 23.850 2.450
vertex 66.700 23.850 2.450
vertex 63.300 23.850 2.450
endloop
endfacet
facet normal 0 0 0
outer loop
vertex 63.300 23.850 1.600
vertex 63.300 23.850 2.450
vertex 66.700 23.850 2.450
endloop
endfacet
facet normal 0 0 0
outer loop
vertex 63.300 23.850 1.600
vertex 66.700 23.850 2.450
vertex 66.700 23.850 1.600
endloop
endfacet
facet normal 0 0 0
outer loop
vertex 66.700 23.850 1.600
vertex 66.700 23.850 2.450
vertex 66.700 27.250 2.450
endloop
endfacet
facet normal 0 0 0
outer loop
vertex 66.700 23.850 1.600
vertex 66.700 27.250 2.450
vertex 66.700 27.250 1.600
endloop
endfacet
facet normal 0 0 0
outer loop
vertex 66.700 27.250 1.600
vertex 66.700 27.250 2.450
vertex 63.300 27.250 2.450
endloop
endfacet
facet normal 0 0 0
outer loop
vertex 66.700 27.250 1.600
vertex 63.300 27.250 2.450
vertex 63.300 27.250 1.600
endloop
endfacet
facet normal 0 0 0
outer loop
vertex 63.300 27.250 1.600
vertex 63.300 27.250 2.450
vertex 63.300 23.850 2.450
endloop
endfacet
facet normal 0 0 0
outer loop
vertex 63.300 27.250 1.600
vertex 63.300 23.850 2.450
vertex 63.300 23.850 1.600
endloop
endfacet
endsolid pico_tmc2209